{"type":"FeatureCollection","features":[{"type":"Feature","properties":{"osm_relation":9678362,"name":"Tour du Mont Blanc - Itinéraire principal","ref":"TMB-IP","roundtrip":true,"point_count":16999,"length_m":166010.8,"source":"OpenStreetMap contributors (ODbL)","role":"main","slug":"tmb-main"},"geometry":{"type":"LineString","coordinates":[[6.9840729,45.8017323],[6.9840599,45.8016925],[6.9840643,45.8016528],[6.9840753,45.801599],[6.9841039,45.8015515],[6.9841572,45.8015043],[6.984194,45.8014929],[6.984245,45.8014867],[6.9843756,45.8014947],[6.9845189,45.8014804],[6.9845554,45.8014677],[6.9845822,45.8014485],[6.9846217,45.8014075],[6.9846903,45.8013364],[6.9846908,45.8013102],[6.9846703,45.8012899],[6.9845812,45.8012168],[6.9844898,45.8011607],[6.9843241,45.8010677],[6.984233,45.8010406],[6.9839664,45.8009815],[6.9837287,45.8009376],[6.9835537,45.8008981],[6.983324,45.8008418],[6.9829303,45.8007964],[6.9828093,45.8007996],[6.9827364,45.8008097],[6.9821843,45.8010119],[6.9820646,45.8010552],[6.9819751,45.8010764],[6.9818892,45.8010896],[6.9817471,45.8010904],[6.9816073,45.8010677],[6.9813898,45.8010175],[6.9812336,45.8009763],[6.9810978,45.8009573],[6.980945,45.8009582],[6.9808725,45.8009601],[6.9808215,45.8009625],[6.980726,45.8009523],[6.9806732,45.8009365],[6.9806083,45.8009148],[6.9804817,45.8008128],[6.9803763,45.8006798],[6.9802599,45.8005741],[6.9801245,45.8004838],[6.9799673,45.8003421],[6.9797649,45.8001742],[6.979641,45.8000911],[6.9794924,45.800004],[6.9794775,45.7999953],[6.9792881,45.7998794],[6.9792435,45.7998521],[6.9790785,45.799759],[6.9788483,45.7996216],[6.9788266,45.7996012],[6.9787877,45.7995647],[6.9787126,45.7994651],[6.9786309,45.7994246],[6.9784772,45.7993695],[6.9784205,45.7993414],[6.9783335,45.7992983],[6.9782236,45.799237],[6.9779167,45.7989938],[6.9778375,45.7989243],[6.9776224,45.7987302],[6.9774256,45.7985748],[6.9771918,45.7983687],[6.9769361,45.7981564],[6.9766664,45.7979848],[6.9765163,45.7979093],[6.9763827,45.7978337],[6.9762355,45.7977552],[6.9761042,45.7976669],[6.9759321,45.7975454],[6.9758838,45.7975094],[6.9758361,45.7974546],[6.9757021,45.7972546],[6.9756366,45.7971333],[6.9756231,45.7971084],[6.9753985,45.7967498],[6.9753192,45.7965566],[6.9752513,45.7964021],[6.9751945,45.7963056],[6.9751348,45.796228],[6.9749583,45.7960091],[6.9748154,45.7957053],[6.974786,45.7956403],[6.9746956,45.7954408],[6.9746317,45.7953182],[6.9745358,45.7951985],[6.97442,45.7950843],[6.9742331,45.7948062],[6.9741587,45.7946547],[6.9741411,45.7946188],[6.9741301,45.7945231],[6.974123,45.794493],[6.9740626,45.7943471],[6.9740254,45.7943078],[6.9739524,45.7941136],[6.9737528,45.7937961],[6.9736387,45.7936521],[6.9735824,45.7935754],[6.973356,45.793267],[6.9732518,45.7931193],[6.973107,45.7929279],[6.9728633,45.7926346],[6.9727417,45.7924767],[6.9726794,45.7923574],[6.9726658,45.7922301],[6.972659,45.7920159],[6.9726891,45.7918795],[6.9727142,45.7918011],[6.9726849,45.7917368],[6.9726252,45.7916877],[6.9725666,45.7916664],[6.972519,45.7916491],[6.972485,45.7917321],[6.9724509,45.791815],[6.9723998,45.7919402],[6.9723864,45.791973],[6.9723302,45.7921517],[6.9723087,45.7922486],[6.9722229,45.7923264],[6.972077,45.7924521],[6.971943,45.7925555],[6.9717757,45.7926629],[6.9717596,45.792658],[6.9717428,45.7926571],[6.9717265,45.79266],[6.9716455,45.7924987],[6.9716257,45.7924316],[6.9715968,45.79232],[6.9715763,45.7922041],[6.9715673,45.7920839],[6.9715576,45.7919536],[6.9715648,45.7918886],[6.9715685,45.7918551],[6.9716812,45.7915156],[6.971709,45.791432],[6.9717171,45.7914056],[6.9717353,45.7913468],[6.9718084,45.7911534],[6.9718771,45.7909465],[6.9718604,45.7908563],[6.9718419,45.7908322],[6.9718142,45.7908081],[6.9717716,45.7907889],[6.9717314,45.7907787],[6.9716923,45.7907713],[6.9716436,45.7907713],[6.971512,45.7907825],[6.971375,45.7908268],[6.9712665,45.790854],[6.9711929,45.7908639],[6.9711364,45.7908591],[6.9711125,45.7908571],[6.9709444,45.7908485],[6.9709328,45.7908217],[6.9709232,45.7908095],[6.9709022,45.7907879],[6.9708627,45.7907629],[6.9708177,45.7907472],[6.9708097,45.7907461],[6.9707644,45.7907401],[6.9707316,45.7907409],[6.9706919,45.7907476],[6.9706522,45.7907612],[6.9706249,45.7907761],[6.9705954,45.7908008],[6.9705753,45.7908295],[6.9705663,45.7908564],[6.9705654,45.790884],[6.9705671,45.7909066],[6.9704687,45.7909076],[6.9703923,45.790907],[6.9703913,45.7909261],[6.9703908,45.7909353],[6.9702444,45.7909312],[6.9701796,45.7909342],[6.970114,45.7909451],[6.9700513,45.7909652],[6.970006,45.7909875],[6.9699403,45.7910317],[6.9698985,45.7910705],[6.9698776,45.7910997],[6.969845,45.7911658],[6.9698056,45.7912652],[6.9697868,45.7912816],[6.9697547,45.7912936],[6.9697198,45.7913774],[6.9697165,45.7913854],[6.9696639,45.7913737],[6.9694298,45.7914488],[6.969403,45.7914502],[6.9693785,45.7914446],[6.9693634,45.7914306],[6.9693425,45.7914003],[6.9692968,45.7914153],[6.9692454,45.7914455],[6.9691937,45.7914904],[6.9691461,45.7915475],[6.9689519,45.7918927],[6.9688837,45.7919865],[6.9688132,45.7920543],[6.9686912,45.7921461],[6.9684644,45.7923056],[6.9680472,45.7926642],[6.9679524,45.7927382],[6.9679077,45.7927631],[6.967848,45.7927879],[6.9677483,45.7928073],[6.9676575,45.7928129],[6.9675195,45.7927977],[6.9671498,45.7927296],[6.967044,45.7926995],[6.9669602,45.792657],[6.966594,45.7924101],[6.9665162,45.7923736],[6.9663044,45.7923366],[6.9662683,45.7923303],[6.9660883,45.792297],[6.9655302,45.7921924],[6.9653647,45.7921566],[6.9652753,45.7921063],[6.9652485,45.7920744],[6.9652207,45.7920169],[6.9652167,45.7919767],[6.9652266,45.7919409],[6.9652605,45.7918774],[6.965388,45.7916948],[6.9653931,45.7916878],[6.9655559,45.7915117],[6.9656228,45.7914292],[6.9657036,45.7913389],[6.9657711,45.7912349],[6.9657885,45.7911732],[6.9657994,45.7911078],[6.965809,45.7909816],[6.9658269,45.7907795],[6.965819,45.7906763],[6.9657428,45.7904375],[6.9657281,45.7903829],[6.9656134,45.7904435],[6.9655225,45.7904901],[6.9654736,45.7905288],[6.9654353,45.7905702],[6.9654076,45.7906092],[6.965369,45.7906636],[6.9653494,45.7906989],[6.9653015,45.7907237],[6.9652489,45.7907291],[6.9651666,45.7907032],[6.965114,45.790708],[6.9650825,45.7907499],[6.9650282,45.7907451],[6.964952,45.7907265],[6.9648934,45.7907081],[6.96485,45.7907074],[6.9648478,45.7908231],[6.9644029,45.7908163],[6.9643953,45.7907722],[6.9643724,45.7905792],[6.9643752,45.7904859],[6.9643959,45.7903663],[6.9644125,45.7902504],[6.9644091,45.7902033],[6.9643811,45.7901348],[6.9643261,45.7900097],[6.9642873,45.7899549],[6.9642496,45.7899214],[6.9641326,45.7898699],[6.9639836,45.7897911],[6.9638176,45.7897133],[6.9637061,45.7896652],[6.9636079,45.7896305],[6.9634516,45.7895742],[6.9633097,45.789538],[6.9630546,45.789483],[6.9630188,45.7894678],[6.9629897,45.7894471],[6.9629758,45.7894285],[6.9629691,45.7894053],[6.9629606,45.7893837],[6.9629158,45.7893448],[6.962861,45.7893131],[6.9627601,45.7892518],[6.9626821,45.7892109],[6.9625883,45.7891696],[6.9624212,45.7891001],[6.9622828,45.7890375],[6.9622036,45.7890056],[6.9621455,45.7889847],[6.9620623,45.7889614],[6.9618957,45.7889222],[6.9617526,45.7888862],[6.9616659,45.7888662],[6.9615767,45.7888486],[6.9614835,45.7888379],[6.9613955,45.7888265],[6.9613246,45.7888138],[6.961209,45.7887831],[6.9610753,45.7887521],[6.960971,45.7887222],[6.9607481,45.7886404],[6.9606907,45.7886249],[6.9606437,45.7886163],[6.9605833,45.7886151],[6.9605241,45.7886233],[6.9604596,45.7886396],[6.9603834,45.7886621],[6.9602931,45.7886826],[6.9602379,45.7886903],[6.9601646,45.7886952],[6.9600767,45.7886981],[6.9600116,45.7887001],[6.9599365,45.7886989],[6.9598626,45.7886924],[6.9597858,45.7886858],[6.9597184,45.7886789],[6.9596509,45.7886703],[6.9595999,45.7886695],[6.9595311,45.7886756],[6.9594915,45.7886859],[6.9594439,45.7887098],[6.9593815,45.7887247],[6.9593326,45.7887313],[6.9592709,45.7887322],[6.9591643,45.7887285],[6.9591013,45.7887285],[6.9590168,45.7887378],[6.9589557,45.7887523],[6.9589008,45.7887598],[6.9589379,45.7889279],[6.958939,45.7890497],[6.958939,45.7892199],[6.9589511,45.7892947],[6.9589806,45.7893602],[6.9590114,45.7894565],[6.9590154,45.7895977],[6.9590101,45.7896828],[6.9589967,45.7897819],[6.9589792,45.7898567],[6.9589457,45.7899259],[6.9589028,45.7899923],[6.9588424,45.7900484],[6.9587472,45.790127],[6.9586292,45.7902084],[6.9585648,45.7902963],[6.9585232,45.7904029],[6.9584642,45.790502],[6.9583811,45.7905693],[6.9582912,45.7906282],[6.9581625,45.790704],[6.9580767,45.7907648],[6.9579989,45.7908414],[6.9579385,45.7909275],[6.9578822,45.7909883],[6.9577722,45.7910771],[6.9577159,45.791136],[6.9576837,45.7911566],[6.9576435,45.791165],[6.9576086,45.7911584],[6.9575764,45.7911098],[6.957504,45.7909789],[6.9574745,45.7909209],[6.9574141,45.7909153],[6.9573753,45.7909293],[6.9573471,45.7909742],[6.9573364,45.7910313],[6.9573082,45.7910921],[6.957268,45.7911248],[6.9572251,45.7911341],[6.9571875,45.7911285],[6.9571567,45.7910892],[6.9571151,45.7910229],[6.9570145,45.7909508],[6.9569662,45.7909032],[6.9569354,45.7908442],[6.9569246,45.7907984],[6.9568996,45.7907689],[6.9568884,45.7907591],[6.9568321,45.7907582],[6.9567718,45.7907713],[6.95669,45.7907704],[6.9566041,45.7907853],[6.9565465,45.7908508],[6.9565317,45.790949],[6.9565129,45.7910359],[6.9564727,45.7911164],[6.9563963,45.7912482],[6.9563319,45.7913969],[6.956301,45.7915026],[6.9562823,45.7915624],[6.9562501,45.791597],[6.9562058,45.7916101],[6.9561723,45.7916082],[6.9561227,45.7915699],[6.9560716,45.7915228],[6.9560248,45.7914736],[6.9559792,45.7914455],[6.9559188,45.7914399],[6.955877,45.7914466],[6.9558384,45.7914867],[6.9557418,45.7915634],[6.9556573,45.791583],[6.9555902,45.791583],[6.9555406,45.7915624],[6.9555044,45.7915157],[6.9554628,45.7913997],[6.9554266,45.7912996],[6.9553851,45.7912174],[6.9553529,45.7911388],[6.955314,45.7910023],[6.9552898,45.7908779],[6.9552644,45.790804],[6.9552255,45.7907507],[6.9551517,45.7907068],[6.95509,45.7906488],[6.9550176,45.7905609],[6.9549707,45.7904889],[6.9549277,45.7904393],[6.9549019,45.7904286],[6.9548373,45.7904152],[6.9547744,45.7903877],[6.9546834,45.790413],[6.9545383,45.7904638],[6.954163,45.790601],[6.9538553,45.7906148],[6.9533835,45.7905438],[6.9531236,45.7905404],[6.9526602,45.7905744],[6.9522975,45.790625],[6.9519759,45.79067],[6.951595,45.7906912],[6.9514165,45.7906876],[6.9512498,45.7906321],[6.9510982,45.7905668],[6.9510083,45.7904821],[6.9509202,45.790393],[6.9508447,45.7903053],[6.9507638,45.7902236],[6.9506861,45.7901862],[6.9505496,45.7901586],[6.9505124,45.7902359],[6.9504311,45.7903],[6.9501464,45.7903261],[6.9498562,45.790318],[6.949673,45.7903212],[6.9495923,45.7903463],[6.9495433,45.7904184],[6.9495934,45.7904693],[6.9497176,45.7905717],[6.9500711,45.7908296],[6.9500746,45.7909059],[6.9499961,45.7909446],[6.9496998,45.7908843],[6.9494882,45.790822],[6.9491069,45.7907096],[6.9489632,45.7906405],[6.9488294,45.7905148],[6.9487527,45.7903853],[6.948645,45.7902976],[6.9484703,45.7902669],[6.9475097,45.7902106],[6.9470648,45.7902272],[6.9464589,45.790094],[6.9461571,45.790025],[6.9458711,45.7899656],[6.9456538,45.7898893],[6.9455462,45.7897749],[6.9454783,45.7896114],[6.9454792,45.7894883],[6.9455151,45.7894189],[6.9455996,45.7893708],[6.9457072,45.789314],[6.9457667,45.7892413],[6.945768,45.7891982],[6.9457196,45.7891748],[6.9455676,45.7891859],[6.9452225,45.7893322],[6.9451454,45.7894056],[6.9450965,45.7894914],[6.9449803,45.7898621],[6.9449894,45.7899597],[6.94502,45.7900443],[6.9450907,45.7901328],[6.9454081,45.7902994],[6.9455929,45.7903901],[6.9457396,45.7905274],[6.9458312,45.7906171],[6.9459415,45.7906776],[6.9458882,45.790798],[6.9458121,45.7908474],[6.9456845,45.7908663],[6.945597,45.7908704],[6.945527,45.7908737],[6.9452803,45.7908659],[6.945266,45.7908986],[6.9452448,45.7909471],[6.9452586,45.7910148],[6.9453485,45.7911285],[6.9456095,45.7912271],[6.9455674,45.7913062],[6.945535,45.7913405],[6.9454806,45.7913585],[6.9454223,45.7913667],[6.9453239,45.7913694],[6.9450442,45.7913612],[6.9447839,45.7913558],[6.9446091,45.7913639],[6.9444162,45.7913856],[6.9442491,45.7914055],[6.9440199,45.7914443],[6.9437765,45.7914913],[6.9436768,45.7915138],[6.9435952,45.7915229],[6.9435214,45.7915229],[6.9434295,45.7915129],[6.9433544,45.7914922],[6.9432818,45.7914678],[6.9431951,45.7914217],[6.9431408,45.7913815],[6.9430753,45.7913215],[6.9430203,45.7912673],[6.9429555,45.791201],[6.9429082,45.7911572],[6.9428544,45.7911192],[6.9427606,45.7910673],[6.9426251,45.7910041],[6.9425044,45.7909457],[6.9424005,45.7909022],[6.9422556,45.7908522],[6.9420907,45.7908199],[6.9418801,45.7907591],[6.9417205,45.7907269],[6.9415777,45.7906853],[6.9414248,45.7906175],[6.9412874,45.7905422],[6.9412183,45.7905104],[6.94116,45.7904894],[6.941105,45.7904758],[6.9410413,45.7904683],[6.9409689,45.7904688],[6.9408938,45.7904735],[6.9407737,45.7904908],[6.9406309,45.7905127],[6.9403747,45.7905487],[6.9401964,45.7905754],[6.9401119,45.7905838],[6.9400395,45.7905904],[6.9399784,45.7905913],[6.9399295,45.7905871],[6.9398826,45.7905745],[6.939837,45.7905576],[6.9397853,45.7905277],[6.9397417,45.7905011],[6.939678,45.7904697],[6.9396257,45.7904496],[6.9395728,45.7904384],[6.9395164,45.7904384],[6.9394615,45.790452],[6.9394279,45.7904683],[6.9393971,45.7904931],[6.939387,45.7905277],[6.9393837,45.7905604],[6.9393937,45.7905932],[6.9394199,45.7906352],[6.9394789,45.7906899],[6.9395439,45.79074],[6.9396425,45.7908003],[6.9397907,45.7908756],[6.9400415,45.7910224],[6.9401354,45.7910719],[6.9401877,45.7911154],[6.9402131,45.7911505],[6.9402306,45.7912024],[6.9402306,45.7912463],[6.9402078,45.791396],[6.9401917,45.7915269],[6.940193,45.7915718],[6.9402098,45.7916082],[6.9402413,45.7916442],[6.9402943,45.7917008],[6.9403915,45.7917817],[6.9404653,45.7918322],[6.9405048,45.7918631],[6.9405276,45.7918897],[6.940531,45.791915],[6.9405196,45.7919393],[6.9404961,45.791957],[6.9404639,45.7919678],[6.9403761,45.791986],[6.9402715,45.7920094],[6.9400804,45.7920664],[6.9399771,45.792101],[6.9398819,45.7921333],[6.9398497,45.7921684],[6.9398222,45.7921908],[6.9397773,45.792203],[6.9396961,45.7922231],[6.9396036,45.7922525],[6.9395453,45.7922619],[6.9395097,45.792268],[6.9394769,45.7922698],[6.939442,45.7922656],[6.9394058,45.7922717],[6.9393823,45.7922867],[6.9393696,45.7923054],[6.9393629,45.7923264],[6.9393555,45.7923596],[6.9392824,45.7923512],[6.9391966,45.7923418],[6.9391215,45.7923325],[6.9390189,45.7923236],[6.938923,45.792318],[6.9388285,45.7923124],[6.9387755,45.7923138],[6.9387319,45.7923077],[6.9386843,45.7923016],[6.9386494,45.7923016],[6.9386085,45.7923091],[6.9385736,45.7923208],[6.9385354,45.7923386],[6.9384952,45.7923474],[6.9384496,45.792354],[6.9384134,45.7923671],[6.9383919,45.7923881],[6.9383825,45.7924049],[6.9383778,45.7924176],[6.9383718,45.7924316],[6.9383463,45.7924489],[6.9382846,45.7924821],[6.9382464,45.7925064],[6.9381867,45.7925583],[6.9381425,45.7925938],[6.9380895,45.7926312],[6.9380526,45.7926518],[6.9380084,45.7926771],[6.9379809,45.7926958],[6.9379701,45.7927149],[6.9379661,45.7927341],[6.9379715,45.7927537],[6.937997,45.7927687],[6.9380318,45.7927869],[6.9380721,45.7927963],[6.9381304,45.7927996],[6.938168,45.7927996],[6.9382122,45.7927939],[6.9382337,45.7928024],[6.9382692,45.792814],[6.9383121,45.7928178],[6.9383443,45.792822],[6.9383698,45.792829],[6.9383939,45.7928309],[6.9384275,45.7928248],[6.9384784,45.7928159],[6.9385301,45.7928122],[6.9385907,45.7928187],[6.9386605,45.7928234],[6.9387175,45.7928241],[6.9387691,45.792822],[6.938812,45.7928171],[6.9388466,45.7928166],[6.9388663,45.7928218],[6.9388717,45.7928304],[6.938867,45.7928379],[6.9388513,45.7928463],[6.9388258,45.792865],[6.9388083,45.7928842],[6.9388063,45.7929057],[6.9388057,45.7929333],[6.938801,45.7929562],[6.9387902,45.7929936],[6.9387849,45.7930235],[6.9387875,45.7930427],[6.9387909,45.7930661],[6.9387943,45.7930843],[6.9387869,45.7931077],[6.9387815,45.7931395],[6.9387788,45.7931699],[6.9387285,45.7931937],[6.9386159,45.7932601],[6.9385622,45.7932975],[6.9385173,45.7933405],[6.9384838,45.7933798],[6.9384556,45.7934256],[6.9384375,45.7934738],[6.9384234,45.7935256],[6.9384167,45.793585],[6.9384221,45.7936224],[6.9384328,45.7936617],[6.9383343,45.7937173],[6.9382645,45.7937515],[6.9382082,45.7937772],[6.9381599,45.7937959],[6.9381157,45.7938094],[6.9380674,45.7938188],[6.938009,45.7938286],[6.9379695,45.7938314],[6.9379286,45.7938328],[6.9378749,45.793831],[6.9378146,45.7938211],[6.9377247,45.7937935],[6.9375692,45.7937403],[6.9373787,45.7936668],[6.9372614,45.7936173],[6.9371822,45.7935832],[6.9371105,45.7935462],[6.9370233,45.7934999],[6.9369388,45.7934476],[6.9368691,45.7934022],[6.936851,45.7933896],[6.9368215,45.793369],[6.9367826,45.7933461],[6.9367357,45.793319],[6.9367008,45.7932905],[6.9366653,45.7932507],[6.9366197,45.7931853],[6.9365653,45.7931198],[6.9364507,45.7930076],[6.936395,45.7929487],[6.9363306,45.7928594],[6.9362763,45.7927897],[6.9361838,45.7926841],[6.9360859,45.7925667],[6.936039,45.7925167],[6.9359974,45.792462],[6.9359759,45.7924138],[6.9359585,45.7923573],[6.9359571,45.7923152],[6.9359518,45.7922712],[6.9359343,45.7922305],[6.9359002,45.7921992],[6.9358492,45.7921665],[6.9357687,45.7921151],[6.935703,45.7920702],[6.9356413,45.7920197],[6.9355997,45.791987],[6.9355327,45.7919355],[6.935471,45.7918832],[6.93542,45.7918205],[6.9353892,45.7917522],[6.9353637,45.7916812],[6.9353302,45.7916269],[6.9352739,45.7915774],[6.9352068,45.7915353],[6.935121,45.7914998],[6.9349909,45.7914624],[6.9346784,45.7913969],[6.9344947,45.7913679],[6.934095,45.7913109],[6.9338644,45.7912828],[6.9337329,45.7912641],[6.9335552,45.7912412],[6.9333688,45.7912141],[6.9332407,45.7912001],[6.9331321,45.7911874],[6.9330624,45.7911767],[6.9329993,45.7911608],[6.9329035,45.7911295],[6.9328176,45.7911033],[6.9327171,45.7910802],[6.9326231,45.791067],[6.9326154,45.7910659],[6.9324655,45.7910427],[6.9323692,45.7910361],[6.9322081,45.7910219],[6.9319721,45.7910116],[6.9317548,45.7909864],[6.9315885,45.7909452],[6.931441,45.7909088],[6.9312483,45.7908684],[6.9312611,45.7908544],[6.9312711,45.7908363],[6.9311878,45.7907385],[6.9308912,45.7905497],[6.9308617,45.7904783],[6.9307656,45.7903533],[6.9306692,45.790322],[6.9305833,45.7902888],[6.9304921,45.7902556],[6.9304284,45.7902177],[6.9303326,45.7901574],[6.930242,45.7901162],[6.930124,45.7900966],[6.9300127,45.7900779],[6.9299356,45.790041],[6.9298263,45.7900064],[6.9297217,45.7899942],[6.9296706,45.7899882],[6.9294756,45.7899484],[6.9293761,45.7899179],[6.9291826,45.7898465],[6.9290471,45.7898006],[6.9289054,45.7897728],[6.9285116,45.7896031],[6.9282843,45.7894915],[6.9281095,45.7893819],[6.9280594,45.7893307],[6.9280192,45.7892933],[6.9279192,45.7892297],[6.927818,45.789182],[6.9276151,45.7890718],[6.9273621,45.7889445],[6.9272053,45.7888351],[6.9270228,45.7887592],[6.9268114,45.788719],[6.9266834,45.7886275],[6.9264977,45.7884913],[6.9263056,45.7883707],[6.9261647,45.7882435],[6.9259053,45.7880515],[6.9256996,45.7879312],[6.9254995,45.7878658],[6.9253619,45.7877742],[6.9252619,45.787639],[6.9251431,45.7875911],[6.9250368,45.7874951],[6.9244766,45.7873194],[6.9243608,45.7872033],[6.9242703,45.7871806],[6.9239808,45.7869913],[6.9233804,45.7867365],[6.9234758,45.7867074],[6.9228843,45.7864159],[6.9227432,45.7863352],[6.9225984,45.7862923],[6.9223161,45.7861636],[6.9220773,45.7861207],[6.9218266,45.7860768],[6.9217354,45.7860581],[6.9215718,45.7859917],[6.9214994,45.7859524],[6.9214538,45.7859309],[6.9213814,45.7859103],[6.9211834,45.7858582],[6.9210528,45.7857915],[6.9210187,45.7857726],[6.9209446,45.7856942],[6.9208505,45.7855932],[6.9208035,45.7854948],[6.9207419,45.7854418],[6.9202172,45.7851339],[6.9200869,45.7850204],[6.9198481,45.7849497],[6.9196379,45.7848226],[6.9195367,45.7847497],[6.9194944,45.7847053],[6.9194522,45.784651],[6.9194327,45.7846188],[6.9193523,45.7845734],[6.9192222,45.7845187],[6.9191431,45.7844864],[6.9190686,45.7844453],[6.9190177,45.7844037],[6.9189586,45.7843466],[6.9189218,45.7843022],[6.9188675,45.784248],[6.9187783,45.7841736],[6.9186985,45.7841119],[6.9186113,45.7840689],[6.9185174,45.7840268],[6.9184014,45.7839992],[6.9183049,45.7839847],[6.9182365,45.7839791],[6.9181882,45.783988],[6.9181272,45.7839674],[6.9180796,45.7839445],[6.9180212,45.7839281],[6.9179635,45.7839169],[6.9179193,45.7838921],[6.9178087,45.7838393],[6.9176625,45.7837892],[6.9175327,45.7837452],[6.9174868,45.783728],[6.9174398,45.7837209],[6.917354,45.7836985],[6.9172239,45.783655],[6.9170355,45.783597],[6.9168661,45.7835516],[6.9167514,45.7834867],[6.9165006,45.7833447],[6.9163667,45.7832185],[6.9162183,45.7831983],[6.9159257,45.7830284],[6.91586,45.7829854],[6.9158064,45.7829339],[6.9157192,45.78289],[6.9156555,45.7828465],[6.9156005,45.7828217],[6.9155429,45.7827871],[6.9154845,45.7827212],[6.9154483,45.7826945],[6.9154161,45.7826739],[6.9153462,45.7825901],[6.9153236,45.7825388],[6.9152901,45.7824396],[6.9152606,45.782399],[6.9151869,45.7823604],[6.9151331,45.7822297],[6.9150741,45.7821376],[6.9149648,45.7820061],[6.9148247,45.7818701],[6.9147516,45.7817938],[6.9146819,45.7817344],[6.9144753,45.7815885],[6.9144398,45.7815437],[6.9143298,45.7815006],[6.9142205,45.7814249],[6.9141669,45.7813795],[6.914073,45.781337],[6.9138993,45.7812612],[6.913788,45.7812121],[6.91367,45.7811812],[6.9136016,45.7811466],[6.9134977,45.7811027],[6.9133274,45.7810479],[6.9132255,45.7810102],[6.9130625,45.7809516],[6.9129921,45.780931],[6.9129123,45.7809128],[6.9127587,45.7808908],[6.91263,45.7808731],[6.9125294,45.7808969],[6.9124496,45.7809109],[6.9123135,45.7809329],[6.9122015,45.7809544],[6.9120613,45.7809661],[6.9119339,45.780982],[6.9118682,45.7809783],[6.9118206,45.7809666],[6.911779,45.7809067],[6.9117482,45.7808553],[6.9117281,45.7807945],[6.9117281,45.780737],[6.9117348,45.7806907],[6.9117133,45.7806467],[6.9117013,45.7805761],[6.9116925,45.7804699],[6.9116911,45.7804221],[6.9116677,45.7803834],[6.9116087,45.7803479],[6.911539,45.7803217],[6.9114713,45.7802932],[6.9113982,45.7802515],[6.9113579,45.7802366],[6.9112661,45.7802151],[6.9112104,45.7801973],[6.9111427,45.7801515],[6.9110897,45.7800972],[6.9110394,45.7800158],[6.9109945,45.7799462],[6.9109415,45.779927],[6.9108839,45.7799204],[6.9107605,45.7799312],[6.9106123,45.7799574],[6.9105177,45.7800088],[6.9104198,45.7800294],[6.9103079,45.7800603],[6.9102173,45.7800673],[6.9101449,45.7800584],[6.9100484,45.7800378],[6.9098988,45.7800252],[6.9097909,45.7800028],[6.9096935,45.7799628],[6.9095025,45.7799396],[6.9094006,45.7799476],[6.9093243,45.7799224],[6.9091967,45.7798929],[6.9090819,45.7798467],[6.9084413,45.7794504],[6.9080602,45.7792484],[6.9079066,45.7791848],[6.9077665,45.7791292],[6.9076149,45.7790483],[6.9074171,45.7789636],[6.9072548,45.7788612],[6.9071783,45.7787917],[6.9070553,45.7786731],[6.9069202,45.7785886],[6.9066701,45.7784417],[6.9065803,45.7783196],[6.9061427,45.7777659],[6.9060685,45.7773627],[6.9061711,45.7772866],[6.9060358,45.7768667],[6.9059137,45.7767145],[6.9057479,45.7764802],[6.905608,45.7763807],[6.9054886,45.7762913],[6.9054195,45.7762156],[6.9053746,45.7761506],[6.905337,45.7761066],[6.905331,45.7760594],[6.9053303,45.7760084],[6.9052881,45.7759424],[6.9052526,45.7758943],[6.9052405,45.77576],[6.9052271,45.7757058],[6.9051698,45.7755114],[6.905164,45.7754294],[6.905164,45.7753447],[6.9051654,45.7752503],[6.905162,45.7752217],[6.9050889,45.7751913],[6.9050024,45.7751726],[6.9048885,45.7751619],[6.9047892,45.77516],[6.9047303,45.775131],[6.9044491,45.7750538],[6.9042019,45.7750122],[6.9039906,45.7749926],[6.9038732,45.7749682],[6.9037532,45.774892],[6.9036835,45.7748303],[6.9036037,45.7747213],[6.90354,45.7746123],[6.9032187,45.7741691],[6.9031192,45.7740392],[6.9031128,45.7738668],[6.9031834,45.7737794],[6.9031866,45.7735846],[6.9029261,45.7733656],[6.9027895,45.7732364],[6.9023711,45.7728926],[6.902179,45.7727609],[6.9020534,45.7727672],[6.9018307,45.7727335],[6.9016913,45.772683],[6.9015267,45.7726373],[6.9014593,45.7725746],[6.901318,45.7725231],[6.9012889,45.7724959],[6.9012662,45.772405],[6.9010596,45.7722799],[6.9009236,45.7722455],[6.9008866,45.772234],[6.9007653,45.772147],[6.900664,45.7721255],[6.900623,45.7720865],[6.9004387,45.7716952],[6.9003575,45.7716438],[6.9002435,45.7715946],[6.9001114,45.771553],[6.899921,45.7714642],[6.8997788,45.7713706],[6.8996823,45.7712869],[6.899583,45.7712859],[6.8995167,45.7712738],[6.899465,45.7712289],[6.8992451,45.771148],[6.899113,45.7711396],[6.8988086,45.7710979],[6.8986657,45.7710951],[6.8984404,45.7710367],[6.8981883,45.7709805],[6.8979662,45.770904],[6.8975566,45.7707186],[6.8972952,45.7706644],[6.8972552,45.7706401],[6.8970993,45.7705455],[6.8968566,45.7704791],[6.8967493,45.7703753],[6.8966608,45.7703379],[6.8964194,45.7703032],[6.8961619,45.7702415],[6.8960103,45.7702518],[6.8958387,45.7702509],[6.895714,45.7702902],[6.8955584,45.7702948],[6.8954524,45.7703126],[6.8952432,45.7703575],[6.89503,45.7704024],[6.8948624,45.770423],[6.8946934,45.7704426],[6.894519,45.770438],[6.8944319,45.7704258],[6.8943179,45.7704511],[6.8941026,45.7705016],[6.8939806,45.7705235],[6.893878,45.7705502],[6.8938491,45.7705778],[6.8938049,45.770611],[6.8937063,45.7706339],[6.8935809,45.7706386],[6.8935052,45.7706395],[6.8933731,45.7706737],[6.8932188,45.770712],[6.8931384,45.770735],[6.8930773,45.7707635],[6.8930002,45.7707869],[6.8929211,45.7708215],[6.8928601,45.7708664],[6.892783,45.7708996],[6.8927193,45.7709193],[6.8926596,45.7709197],[6.8926334,45.7709286],[6.8926133,45.7709511],[6.892557,45.7710048],[6.892494,45.7710189],[6.8924269,45.7710348],[6.8923941,45.7710544],[6.8923371,45.7710956],[6.8922673,45.7711629],[6.8922123,45.771205],[6.8921513,45.771235],[6.8920856,45.7712724],[6.8920715,45.7712914],[6.8920427,45.7713033],[6.8919924,45.7713795],[6.8919656,45.7714338],[6.8919227,45.7715002],[6.8918737,45.7715703],[6.8918113,45.7716003],[6.8917832,45.7716274],[6.8917255,45.7717074],[6.8916625,45.7717527],[6.8916249,45.7717771],[6.8916088,45.7718051],[6.8915753,45.7718795],[6.8915572,45.7719038],[6.8914948,45.7719618],[6.8914405,45.7719716],[6.8913862,45.7720081],[6.8913017,45.7720497],[6.8911991,45.7721096],[6.8911212,45.7721581],[6.8910161,45.7723439],[6.8910248,45.7723916],[6.8909879,45.772416],[6.8909571,45.7724567],[6.8909115,45.7724665],[6.8908538,45.7724468],[6.8908115,45.7724249],[6.8907639,45.7723828],[6.8907378,45.772322],[6.8907425,45.7722139],[6.8907458,45.7721129],[6.8907873,45.7720551],[6.8907834,45.7720235],[6.8907686,45.7719698],[6.8907304,45.7719506],[6.8906935,45.7719534],[6.8905722,45.7720708],[6.8904769,45.7721269],[6.890371,45.7721802],[6.890263,45.7722003],[6.8902094,45.7722237],[6.8900706,45.7722368],[6.8899774,45.7722247],[6.8898755,45.7721788],[6.8898004,45.7721423],[6.8897105,45.7720801],[6.8896294,45.7720151],[6.8895476,45.7719506],[6.889502,45.7718926],[6.8894792,45.7718318],[6.8894644,45.7717691],[6.889459,45.771713],[6.8894014,45.7716222],[6.8893457,45.7715467],[6.8893249,45.7715062],[6.8893236,45.7714202],[6.8893008,45.7713968],[6.889286,45.7713145],[6.8892471,45.7712565],[6.8892525,45.7711816],[6.8892331,45.7710839],[6.8891982,45.7709988],[6.8891881,45.7709515],[6.8891814,45.7709062],[6.8891801,45.770843],[6.8891466,45.7707925],[6.8891037,45.7707635],[6.8890064,45.7707158],[6.8889146,45.7706615],[6.8887918,45.7705965],[6.8887295,45.7705558],[6.8886349,45.770496],[6.8885183,45.7704211],[6.8884599,45.7703626],[6.8883754,45.7703065],[6.8883191,45.7702237],[6.888238,45.7701484],[6.8881883,45.7700946],[6.8881749,45.7700647],[6.8880998,45.7700133],[6.8880891,45.7699655],[6.8880334,45.769923],[6.887963,45.7698813],[6.8879107,45.7698229],[6.8878323,45.7697859],[6.8877444,45.7697148],[6.8876915,45.7696863],[6.8876271,45.7696653],[6.8875178,45.7696218],[6.8874219,45.7695867],[6.8873247,45.7695689],[6.8872509,45.7695282],[6.8871772,45.7694903],[6.886972,45.7693963],[6.8868855,45.7693743],[6.8867299,45.7693341],[6.8866789,45.769299],[6.8866394,45.7692579],[6.886636,45.7692144],[6.8866555,45.7691615],[6.8866897,45.769089],[6.8866716,45.7690375],[6.8866548,45.76898],[6.8866675,45.7689449],[6.8866675,45.7688635],[6.8867131,45.7687606],[6.8867379,45.7686919],[6.8867695,45.7686067],[6.8868077,45.7685656],[6.8868405,45.7685328],[6.886858,45.7684786],[6.8868861,45.7684182],[6.8869083,45.7683701],[6.8868721,45.7683406],[6.8868372,45.7683121],[6.8868258,45.7682723],[6.8868164,45.7682405],[6.8867534,45.7681694],[6.8867192,45.7681119],[6.8867055,45.7680675],[6.8866944,45.7680169],[6.8866937,45.7679608],[6.8866917,45.7679065],[6.8867098,45.7678663],[6.8867104,45.7678345],[6.8867339,45.7678092],[6.8867493,45.7677713],[6.886752,45.7677372],[6.8867768,45.7677012],[6.8867929,45.7676572],[6.8867695,45.7676493],[6.8866957,45.7676577],[6.8866635,45.76766],[6.8866442,45.7676829],[6.8865871,45.7677016],[6.8865321,45.7677194],[6.8864332,45.767777],[6.8861096,45.7678869],[6.8860484,45.7679232],[6.8859433,45.7679734],[6.8858582,45.7680286],[6.8857274,45.7680899],[6.8856617,45.7681123],[6.8856034,45.768182],[6.8855405,45.7682503],[6.8854444,45.7682957],[6.8853389,45.7683285],[6.8852399,45.768364],[6.885136,45.7683715],[6.8850555,45.7683757],[6.8850082,45.768389],[6.8849469,45.7683738],[6.8849254,45.7683864],[6.8848463,45.7684211],[6.8846264,45.7684898],[6.8844239,45.7685525],[6.8843085,45.7685941],[6.8841724,45.7686376],[6.8840839,45.7686961],[6.8839686,45.7687653],[6.8837914,45.7688414],[6.8837453,45.7688771],[6.8836581,45.7688921],[6.8836405,45.7688526],[6.8836159,45.7688434],[6.8835783,45.7688108],[6.883517,45.7687995],[6.883456,45.7688076],[6.8834321,45.7688514],[6.8834234,45.7688888],[6.8833724,45.7689061],[6.8833563,45.7689473],[6.8833228,45.7690174],[6.883294,45.7690951],[6.8832786,45.7691942],[6.883237,45.7691905],[6.8831901,45.7691732],[6.8831652,45.7691676],[6.8831685,45.7691818],[6.8831592,45.7692176],[6.8831596,45.7692745],[6.883188,45.7693434],[6.8832135,45.7694013],[6.8832155,45.7694464],[6.8831814,45.7695267],[6.8831123,45.769604],[6.8830358,45.7696985],[6.8829668,45.7697883],[6.8829292,45.7698276],[6.882834,45.769894],[6.8827622,45.7699393],[6.8826375,45.7700048],[6.8825859,45.7700371],[6.8825342,45.7700895],[6.8824793,45.7701452],[6.8824223,45.7702242],[6.8823773,45.7702714],[6.8823081,45.7703576],[6.8822318,45.770437],[6.8821957,45.7705121],[6.8821621,45.7705834],[6.8821534,45.7706709],[6.8821346,45.7707237],[6.8821138,45.7707967],[6.882089,45.7708449],[6.8820622,45.770909],[6.8820139,45.7709665],[6.8819576,45.7710296],[6.8818845,45.7710671],[6.8818818,45.7711059],[6.8818503,45.7711456],[6.8818,45.7712064],[6.8817779,45.7712729],[6.8817531,45.7713103],[6.8817282,45.7713435],[6.8816786,45.7713678],[6.8816169,45.771379],[6.8815666,45.7714024],[6.8815164,45.7714169],[6.8814533,45.7714637],[6.8813923,45.7714871],[6.8813527,45.7715362],[6.8813385,45.7715714],[6.8812897,45.7715975],[6.881218,45.7716166],[6.8811489,45.7716073],[6.8810778,45.7716148],[6.8810362,45.7716587],[6.8809913,45.7717139],[6.8809699,45.7717518],[6.8809343,45.7718075],[6.8809155,45.7718346],[6.8808216,45.7718804],[6.8808049,45.7718963],[6.8807841,45.7719253],[6.8808237,45.7719473],[6.8808505,45.7719693],[6.8808686,45.7720053],[6.8808941,45.772038],[6.8809048,45.7720773],[6.8808639,45.7720839],[6.8807794,45.7720937],[6.880705,45.772111],[6.8806701,45.7721213],[6.8806513,45.7721484],[6.8806668,45.7721821],[6.8806373,45.7722256],[6.8806129,45.7722387],[6.8805414,45.7722845],[6.8804622,45.7723547],[6.8804363,45.7723708],[6.8803207,45.7723966],[6.8802604,45.7724164],[6.8802219,45.7724724],[6.8801618,45.7725422],[6.8801069,45.772596],[6.8800131,45.772656],[6.8799439,45.772698],[6.8799023,45.7727158],[6.8798762,45.7727859],[6.8798427,45.7728327],[6.8798063,45.7728486],[6.8797971,45.7728851],[6.8797696,45.7729389],[6.8797026,45.7729761],[6.879675,45.7729838],[6.8796509,45.7729716],[6.8796013,45.7729538],[6.8795997,45.772896],[6.8794766,45.772851],[6.8794423,45.7728533],[6.8794135,45.7728696],[6.8793753,45.7729174],[6.8793545,45.7729618],[6.8792934,45.773018],[6.8792231,45.7730619],[6.879148,45.7730801],[6.879032,45.7731091],[6.8788626,45.7731561],[6.8787959,45.7731802],[6.878696,45.7732228],[6.8786424,45.7732195],[6.8785813,45.7732134],[6.8785322,45.7732233],[6.8784358,45.7732635],[6.8783668,45.7732901],[6.8782339,45.7733521],[6.8780469,45.7734997],[6.8779933,45.7735511],[6.8779269,45.7736156],[6.8778138,45.7737234],[6.8777552,45.7737719],[6.87768,45.7738037],[6.8775983,45.7738088],[6.8775172,45.7737952],[6.8774339,45.7737962],[6.8773925,45.7738275],[6.8773558,45.773852],[6.8773296,45.7738825],[6.8772892,45.7739178],[6.8772885,45.7739716],[6.877322,45.7740244],[6.8773683,45.7740735],[6.8773951,45.7741109],[6.8773696,45.7741184],[6.8772997,45.7741593],[6.8772845,45.7741853],[6.8773214,45.7742082],[6.877312,45.7742428],[6.8772722,45.7742603],[6.8771549,45.7742786],[6.876959,45.7742968],[6.8768329,45.7743212],[6.8767368,45.7743351],[6.8766283,45.7743212],[6.8765831,45.7743167],[6.8765737,45.7743462],[6.8765971,45.7743752],[6.8766495,45.7744788],[6.8767206,45.7746085],[6.876778,45.7746807],[6.8768754,45.7747625],[6.876954,45.7748191],[6.8769989,45.7748774],[6.876964,45.7749331],[6.8769764,45.7749958],[6.8769552,45.7750211],[6.8769066,45.7750063],[6.8768504,45.7750367],[6.8767992,45.7750863],[6.8767957,45.7750936],[6.876687,45.7750711],[6.8765489,45.7750347],[6.8764859,45.7750019],[6.8764557,45.7749841],[6.8764148,45.7749701],[6.8763225,45.7749366],[6.8761914,45.7749192],[6.8759893,45.774894],[6.8758857,45.7748618],[6.875765,45.7747849],[6.8756993,45.7747166],[6.8756544,45.7746755],[6.8756001,45.7746338],[6.8755116,45.7745941],[6.8753687,45.774559],[6.8752628,45.7745431],[6.8751421,45.7745314],[6.8749718,45.7745249],[6.8748263,45.7745319],[6.8747102,45.7745482],[6.8746251,45.7745758],[6.8745131,45.7746081],[6.8744454,45.7746483],[6.8743703,45.7746666],[6.8742375,45.7747059],[6.8740712,45.7747386],[6.8739036,45.7747849],[6.8737319,45.7748321],[6.8736521,45.7748691],[6.8735576,45.7748864],[6.8734603,45.7748831],[6.8733551,45.7748986],[6.8732813,45.7748976],[6.8731026,45.7748983],[6.8726957,45.7749445],[6.8725285,45.7749941],[6.8724075,45.7750385],[6.8723313,45.7750837],[6.8721778,45.7751281],[6.8720917,45.7751865],[6.8720393,45.7752204],[6.8719831,45.7752439],[6.8719382,45.7752866],[6.8718895,45.7753545],[6.8718671,45.7754345],[6.8718571,45.7754955],[6.8718159,45.775566],[6.871721,45.7756051],[6.8713728,45.775579],[6.8707988,45.7754737],[6.8704843,45.7754154],[6.8703332,45.7753962],[6.8701473,45.7753849],[6.87004,45.7753875],[6.8699272,45.7753976],[6.8697408,45.7753213],[6.8695135,45.7752372],[6.8693552,45.7751932],[6.8690028,45.7750743],[6.8687259,45.7750015],[6.8684705,45.7749062],[6.8682619,45.7747958],[6.8680928,45.774708],[6.867913,45.7746152],[6.8677367,45.7745324],[6.8675101,45.7744471],[6.867395,45.7743492],[6.8673228,45.7742869],[6.8672577,45.7742513],[6.8671082,45.774168],[6.8669285,45.774095],[6.8667434,45.7740202],[6.8665791,45.7739505],[6.8665027,45.7739126],[6.8663411,45.77385],[6.8661916,45.77385],[6.8659978,45.7738579],[6.8657908,45.773865],[6.865557,45.7738675],[6.8653736,45.7738425],[6.8651902,45.7737948],[6.8650543,45.7737419],[6.8649564,45.7736869],[6.8648379,45.773599],[6.864749,45.7734982],[6.8646749,45.7733819],[6.8646045,45.7732527],[6.8645341,45.7730847],[6.864423,45.7730071],[6.8642822,45.7729167],[6.8641525,45.7728521],[6.8640043,45.7728004],[6.8638301,45.7727642],[6.8636634,45.7727384],[6.8635004,45.7726789],[6.8631039,45.7725161],[6.8629795,45.7724884],[6.8628382,45.7724831],[6.8620711,45.7725071],[6.8617276,45.7725204],[6.86151,45.7725097],[6.8613676,45.7724964],[6.8612643,45.7724786],[6.8611336,45.7724515],[6.8610253,45.7724245],[6.8608421,45.772366],[6.8606967,45.7722742],[6.8605277,45.7721673],[6.8602878,45.7720466],[6.8598082,45.7718464],[6.8595631,45.7717518],[6.8593305,45.7716438],[6.8590247,45.7715165],[6.8588249,45.7714398],[6.8585318,45.7713313],[6.8581804,45.7712047],[6.8575738,45.7709831],[6.8565734,45.7707006],[6.8560776,45.7705624],[6.8555465,45.7704099],[6.8550731,45.7702733],[6.8537386,45.7699172],[6.8522195,45.7694973],[6.84877,45.7685329],[6.84817,45.7683807],[6.8479739,45.7683712],[6.8476315,45.7684017],[6.8475374,45.7684009],[6.8472312,45.7683983],[6.8471142,45.7683725],[6.8465188,45.7678395],[6.8462689,45.7677275],[6.8461082,45.767715],[6.845952,45.7676528],[6.8458663,45.7674944],[6.8456291,45.7672056],[6.8455567,45.7671822],[6.8454792,45.7671926],[6.8454245,45.7672355],[6.8454177,45.7672909],[6.845485,45.7673584],[6.8456019,45.7674642],[6.8456263,45.7675166],[6.8456161,45.7675659],[6.8455954,45.767611],[6.8455147,45.7676425],[6.8453637,45.7676726],[6.8452165,45.767674],[6.8450397,45.7676575],[6.844864,45.7676464],[6.8446776,45.7676335],[6.8444308,45.7676562],[6.8441103,45.7676573],[6.8437392,45.7675973],[6.8435098,45.767572],[6.8433962,45.7675594],[6.8431249,45.7676147],[6.8428871,45.7676341],[6.842556,45.7676069],[6.8423561,45.767569],[6.8420901,45.7675051],[6.8418027,45.7674402],[6.8415769,45.7673967],[6.8414296,45.7673771],[6.8413484,45.7673873],[6.8412886,45.7674197],[6.8411818,45.7675522],[6.8409798,45.7676723],[6.840911,45.7677431],[6.84085,45.7677971],[6.840827,45.7678089],[6.8408044,45.7678008],[6.8407863,45.7677849],[6.8407832,45.7677478],[6.840793,45.7676974],[6.8408182,45.7676492],[6.8408775,45.7675529],[6.8408889,45.7675052],[6.8408797,45.7674816],[6.8408433,45.7674799],[6.8408085,45.767487],[6.8407301,45.7675541],[6.8405825,45.7677222],[6.8404667,45.7678846],[6.8402992,45.7680374],[6.8402226,45.7681206],[6.8401875,45.7681493],[6.840156,45.7681596],[6.8401272,45.7681479],[6.8401127,45.768124],[6.8401293,45.768047],[6.840184,45.7679522],[6.8402124,45.7678214],[6.8401914,45.7676829],[6.8401898,45.7675801],[6.8401622,45.7674597],[6.8400781,45.7673204],[6.8400208,45.7672254],[6.8399777,45.7671104],[6.8399734,45.767051],[6.8399795,45.7670029],[6.8401321,45.7668223],[6.8404233,45.7664944],[6.8405481,45.7663772],[6.8407089,45.7662388],[6.8410844,45.7660247],[6.8411659,45.7659724],[6.8411892,45.7659402],[6.8411659,45.7659241],[6.841129,45.7659191],[6.8409755,45.7659533],[6.840841,45.7660052],[6.8407147,45.7660546],[6.8405341,45.7660733],[6.840356,45.7660802],[6.8400416,45.7661408],[6.8396827,45.7661877],[6.8394164,45.7662041],[6.8392059,45.7662229],[6.8389347,45.7663076],[6.8388373,45.7663609],[6.8387869,45.7663933],[6.8387289,45.7662962],[6.8387003,45.7662247],[6.8387471,45.7661207],[6.8387409,45.766071],[6.838718,45.766049],[6.8386716,45.7660044],[6.8386152,45.7659169],[6.838571,45.7658187],[6.838571,45.7657149],[6.8385011,45.7655265],[6.8384249,45.7654184],[6.8383103,45.7653213],[6.8382274,45.7652598],[6.8381735,45.7651837],[6.8379927,45.764843],[6.8379633,45.7647781],[6.8378627,45.7646958],[6.8376549,45.7645395],[6.8375865,45.7644787],[6.8375154,45.7644338],[6.8374041,45.7643917],[6.8373196,45.7643234],[6.837223,45.7642598],[6.8370406,45.7641204],[6.8369628,45.7640755],[6.8367644,45.7638407],[6.8367375,45.7637995],[6.8366852,45.7637761],[6.8366524,45.763722],[6.8366316,45.7636507],[6.8365659,45.7635282],[6.836472,45.7633579],[6.8364076,45.7632643],[6.8363205,45.7631764],[6.8361793,45.7630673],[6.836012,45.762964],[6.8359299,45.762896],[6.8358323,45.7627844],[6.8357638,45.7626864],[6.8353978,45.7624176],[6.8352731,45.7623484],[6.8350223,45.762209],[6.8348181,45.7620751],[6.8347138,45.7619788],[6.8345462,45.7618198],[6.8344429,45.7616878],[6.834349,45.7615391],[6.8342659,45.7614305],[6.8341814,45.7613791],[6.8341237,45.7613398],[6.834028,45.7612551],[6.8339226,45.761133],[6.8338287,45.7610479],[6.8337348,45.7609599],[6.8336932,45.7608972],[6.833653,45.7608467],[6.8335403,45.7607765],[6.833429,45.7607223],[6.8332265,45.7606175],[6.8330441,45.7605062],[6.8329248,45.7604229],[6.8326901,45.760261],[6.8325385,45.760159],[6.8323843,45.7600711],[6.8321952,45.7599476],[6.8320383,45.7598568],[6.831809,45.7597324],[6.83175,45.759694],[6.8316548,45.7596538],[6.8315059,45.7595967],[6.8313825,45.7595499],[6.8310593,45.7593927],[6.8307723,45.7592515],[6.8306143,45.7591692],[6.8305269,45.7590971],[6.8303539,45.7589885],[6.8301594,45.758865],[6.8299945,45.7587743],[6.8299247,45.7587434],[6.829792,45.7587125],[6.8296927,45.7586713],[6.8295512,45.7585967],[6.8293323,45.7585407],[6.8291285,45.75846],[6.828937,45.7583888],[6.8287298,45.7583055],[6.8286359,45.7582494],[6.8285769,45.7581829],[6.8285273,45.7581184],[6.8284401,45.7580473],[6.8283177,45.757978],[6.8280498,45.7578441],[6.8279359,45.757789],[6.8278557,45.7577658],[6.8277602,45.757731],[6.8276824,45.7576795],[6.8275242,45.7575934],[6.8273531,45.7575268],[6.8271527,45.7573857],[6.8269984,45.7573202],[6.8269028,45.7572412],[6.8267629,45.7571392],[6.8267047,45.7570662],[6.8266645,45.7569413],[6.8266243,45.7568814],[6.8265465,45.7568281],[6.8264942,45.7567775],[6.8264135,45.7567235],[6.8262904,45.7566556],[6.8262139,45.7566063],[6.8261482,45.7565595],[6.8260771,45.7565127],[6.8260087,45.7564528],[6.8259577,45.7564117],[6.8258773,45.7563668],[6.8257552,45.7563228],[6.8256627,45.7562762],[6.8255037,45.756206],[6.8252785,45.7560937],[6.8252215,45.756043],[6.8250927,45.7559812],[6.8250217,45.7559148],[6.8249479,45.7558231],[6.8248647,45.7557782],[6.8247387,45.7557323],[6.8246327,45.7556856],[6.8245228,45.7556472],[6.8242912,45.7555501],[6.8240494,45.7554638],[6.8238911,45.755431],[6.8237458,45.7553745],[6.8234663,45.7552555],[6.8233442,45.7552062],[6.8232279,45.7551286],[6.8230006,45.7550224],[6.8227689,45.7548882],[6.8225331,45.7548037],[6.8224276,45.7546921],[6.8222109,45.7546076],[6.8221021,45.7545636],[6.8220373,45.7545158],[6.8219452,45.7544682],[6.8218875,45.7544485],[6.8218017,45.7544392],[6.8216952,45.7544407],[6.8215817,45.7544392],[6.8215133,45.7544205],[6.8214664,45.7543681],[6.8214047,45.7543325],[6.821335,45.7543288],[6.8212263,45.7543334],[6.8210846,45.7543699],[6.8209879,45.754369],[6.8208548,45.7543409],[6.820765,45.7543185],[6.8205907,45.7543368],[6.8204766,45.7543531],[6.8204018,45.7543549],[6.8202554,45.7543334],[6.8200985,45.7543353],[6.8199979,45.7543344],[6.8198235,45.7543456],[6.819727,45.7543447],[6.8196653,45.7543203],[6.8196157,45.7542932],[6.8195111,45.7542773],[6.819273,45.7541552],[6.8191865,45.7541538],[6.8191537,45.7541692],[6.819124,45.7541916],[6.8190953,45.7541894],[6.8190696,45.7541823],[6.8189057,45.7541019],[6.8188911,45.7540953],[6.8189069,45.7540354],[6.818923,45.7540045],[6.8189511,45.753954],[6.8189424,45.7539058],[6.8188309,45.7538693],[6.8186465,45.7537818],[6.8184631,45.753639],[6.8183117,45.7535116],[6.8181763,45.7534301],[6.8181151,45.7533538],[6.8181293,45.7533202],[6.8181525,45.753303],[6.8182254,45.7532488],[6.8182743,45.7531644],[6.8182602,45.7530914],[6.81823,45.7530183],[6.8181554,45.7529424],[6.8180998,45.7528047],[6.8181246,45.7527227],[6.8180997,45.7526792],[6.8180219,45.7526515],[6.817952,45.7526421],[6.8178843,45.7526453],[6.8177891,45.7526219],[6.8176838,45.7525925],[6.8175879,45.7525592],[6.8175544,45.7525592],[6.8175249,45.7525775],[6.8174722,45.752589],[6.8174357,45.7526079],[6.8173842,45.7526039],[6.8173304,45.7525971],[6.817315,45.7525597],[6.8172379,45.7525677],[6.817136,45.7525864],[6.8170314,45.7525967],[6.8169234,45.7525883],[6.8168242,45.7525775],[6.816739,45.7525607],[6.8166128,45.7525789],[6.8164768,45.7526084],[6.8163856,45.7526215],[6.8163038,45.7526219],[6.8162128,45.7525828],[6.8161261,45.7525382],[6.8160785,45.7525196],[6.8160101,45.7525312],[6.8158812,45.7524981],[6.8158005,45.7524816],[6.8157593,45.7525084],[6.8157446,45.75256],[6.8156773,45.752604],[6.815589,45.7526293],[6.815513,45.7526522],[6.8154512,45.7526217],[6.81542,45.7525763],[6.8153813,45.7525191],[6.8152717,45.7524852],[6.8151117,45.7524642],[6.8149525,45.7524137],[6.8148595,45.7523817],[6.814634,45.7522509],[6.8143564,45.7520729],[6.8141524,45.7520085],[6.8139146,45.7518943],[6.813797,45.7518748],[6.8136593,45.7518309],[6.8136068,45.751791],[6.8135398,45.7517582],[6.8134939,45.7517419],[6.8134211,45.7517358],[6.8133292,45.7517367],[6.8132541,45.7517025],[6.8131475,45.7516665],[6.8130999,45.7516398],[6.8129013,45.7516076],[6.8126481,45.7515758],[6.8125467,45.7515594],[6.8124092,45.7515266],[6.8122724,45.7515116],[6.8121489,45.7515116],[6.8120162,45.7515302],[6.8119121,45.7516093],[6.8118606,45.751671],[6.8117714,45.7517084],[6.8116561,45.7517264],[6.8115434,45.7517217],[6.811426,45.7516943],[6.8113491,45.7516826],[6.8110075,45.7515994],[6.8108209,45.7515891],[6.8106714,45.7515422],[6.8104605,45.7515549],[6.8103268,45.7515394],[6.810181,45.7515097],[6.8099914,45.7514609],[6.8098762,45.7513984],[6.8097916,45.7513381],[6.8096963,45.75133],[6.8096423,45.7513348],[6.8096094,45.7513223],[6.8095344,45.751294],[6.8094295,45.7512867],[6.809335,45.7512763],[6.8092288,45.7512304],[6.8091282,45.7512005],[6.8090115,45.751178],[6.8088962,45.7511771],[6.8087822,45.7511827],[6.8086521,45.7511818],[6.8085368,45.7511387],[6.8084511,45.7510962],[6.8083487,45.7510547],[6.8082764,45.7510053],[6.8081969,45.7509812],[6.8080965,45.7509331],[6.807945,45.7509122],[6.8078221,45.7509415],[6.8077464,45.7509967],[6.8077011,45.7510538],[6.8076958,45.7511299],[6.8076997,45.7511937],[6.8076703,45.751202],[6.8075775,45.7512345],[6.8074945,45.7512426],[6.8074167,45.751265],[6.8073563,45.7513073],[6.8073024,45.7513057],[6.8072131,45.7512639],[6.8071991,45.7513029],[6.8070202,45.7513841],[6.8068563,45.7514266],[6.8067659,45.7514384],[6.8065974,45.7514271],[6.8064542,45.7513976],[6.8063746,45.7513772],[6.806202,45.751363],[6.8061583,45.7513353],[6.8060893,45.751295],[6.8060048,45.751266],[6.8059203,45.751244],[6.8058465,45.7512234],[6.8057694,45.7511939],[6.8057111,45.7511528],[6.8056668,45.7511046],[6.8056004,45.7510629],[6.8055495,45.7510358],[6.8054409,45.750968],[6.8053222,45.750902],[6.8052596,45.7508715],[6.8051867,45.7508346],[6.8050989,45.750799],[6.8050097,45.7507682],[6.8049084,45.7507523],[6.804836,45.7507443],[6.8047757,45.7507246],[6.8046791,45.7507036],[6.8045685,45.7506507],[6.8044645,45.7505992],[6.8043914,45.7505426],[6.8043324,45.7505001],[6.8042647,45.7504715],[6.8041977,45.750428],[6.8041132,45.7503864],[6.8040247,45.7503578],[6.8039576,45.7503218],[6.8038664,45.7502797],[6.8038219,45.7502586],[6.8037195,45.7502039],[6.8035707,45.7501342],[6.8034051,45.7500602],[6.8033012,45.7500122],[6.8031878,45.7499456],[6.8030557,45.7498908],[6.8028291,45.7498066],[6.802712,45.7497655],[6.8024265,45.7496619],[6.8023389,45.749634],[6.8022857,45.7496231],[6.8021689,45.7496017],[6.8020608,45.7495718],[6.8018728,45.749474],[6.8016979,45.7494391],[6.801495,45.7494502],[6.8014693,45.7494516],[6.8013086,45.7494241],[6.8011312,45.7493579],[6.8010052,45.7493102],[6.8009032,45.749276],[6.8007564,45.7492236],[6.8005968,45.7491618],[6.8004714,45.7491193],[6.8002924,45.749065],[6.8002079,45.7490397],[6.8000798,45.7489812],[6.7999717,45.7489497],[6.7998974,45.7489087],[6.7997943,45.7488798],[6.7996527,45.7488451],[6.7995501,45.748788],[6.7994428,45.7487388],[6.7993268,45.7486986],[6.7992644,45.7486836],[6.7991564,45.7486682],[6.7990954,45.748663],[6.798984,45.7486467],[6.798909,45.7486191],[6.7988527,45.7485999],[6.7987246,45.7485741],[6.7986341,45.7485582],[6.7985033,45.7485484],[6.7984141,45.7485273],[6.7983317,45.748504],[6.7982877,45.7484648],[6.7981875,45.7484122],[6.7980735,45.7483594],[6.7979394,45.7483102],[6.7978629,45.748284],[6.797751,45.7482368],[6.7976745,45.7481947],[6.797654,45.7481741],[6.7976051,45.7481044],[6.7975646,45.7480388],[6.797527,45.7479883],[6.7975055,45.747956],[6.7974358,45.7479102],[6.7973587,45.7478671],[6.7972313,45.7478007],[6.7971379,45.7477522],[6.7970563,45.7477015],[6.7968994,45.7476332],[6.7968055,45.7475938],[6.7966761,45.7475386],[6.7965668,45.7474956],[6.7964655,45.7474455],[6.7963757,45.747416],[6.7962255,45.7473777],[6.7961175,45.7473585],[6.7959713,45.7473313],[6.7958821,45.7472972],[6.7957809,45.7472415],[6.7957381,45.7472189],[6.7956548,45.7471793],[6.7955774,45.7471541],[6.7954979,45.747096],[6.795341,45.7470043],[6.7951861,45.7469196],[6.7950681,45.7468625],[6.794995,45.7468377],[6.7948776,45.7467993],[6.7947388,45.7467628],[6.7946128,45.7467361],[6.7945296,45.7467081],[6.7944713,45.7467052],[6.794429,45.746701],[6.7944026,45.7466907],[6.7943077,45.7466589],[6.7942272,45.7466365],[6.7941521,45.7466163],[6.7940743,45.7465915],[6.7939818,45.7465635],[6.7938356,45.7464951],[6.7937634,45.7464589],[6.7937089,45.7464151],[6.7935707,45.7463463],[6.7934299,45.7462967],[6.7933622,45.7462818],[6.7932609,45.7462598],[6.7932242,45.7462596],[6.7931604,45.7462626],[6.7930537,45.7462476],[6.7929719,45.7462242],[6.7928546,45.7461755],[6.7927567,45.7461479],[6.7927136,45.7461225],[6.7926574,45.7460988],[6.7925696,45.7460815],[6.7925173,45.7460806],[6.7924351,45.7460602],[6.7923356,45.7460562],[6.792284,45.7460464],[6.7921878,45.7460325],[6.7921519,45.7460136],[6.7921143,45.7460052],[6.7920908,45.7460174],[6.7920345,45.7460361],[6.7919829,45.7460305],[6.7919413,45.7460225],[6.791889,45.7460235],[6.7918189,45.7460063],[6.7917515,45.7459715],[6.7917086,45.7459313],[6.7916784,45.7459051],[6.7916389,45.7458583],[6.7915973,45.7458185],[6.7915336,45.7457708],[6.791482,45.7457352],[6.7914538,45.7456833],[6.7914505,45.7456262],[6.7914364,45.7455569],[6.7914176,45.7454825],[6.7913888,45.7454198],[6.7913666,45.7453613],[6.7913284,45.7453047],[6.7913184,45.7452373],[6.7913224,45.7451971],[6.7913472,45.7451662],[6.7913847,45.7451362],[6.7914433,45.7450905],[6.7914867,45.7450586],[6.7915202,45.7450179],[6.7915241,45.7449947],[6.7915202,45.7449416],[6.7915323,45.7448957],[6.7915463,45.7448438],[6.7915644,45.7448082],[6.7916235,45.7447432],[6.7916664,45.7446851],[6.7916858,45.744651],[6.7917093,45.7445897],[6.7917388,45.7445289],[6.7917656,45.7444764],[6.7918089,45.7443946],[6.7918481,45.7443496],[6.7919017,45.7442949],[6.7919312,45.7442518],[6.7919936,45.7441905],[6.7920358,45.7441437],[6.792062,45.7441236],[6.7920982,45.7440983],[6.792119,45.744074],[6.7921445,45.7440431],[6.792174,45.7440001],[6.7922216,45.7439785],[6.7922719,45.743957],[6.7923054,45.7439378],[6.792345,45.7439229],[6.7923738,45.7439182],[6.7924087,45.7439252],[6.7924585,45.7439154],[6.7925347,45.7438981],[6.7925656,45.7438849],[6.7925817,45.7438742],[6.7926219,45.7438737],[6.7926615,45.7438587],[6.792695,45.7438382],[6.7927685,45.7438219],[6.7928338,45.7437974],[6.7928801,45.7437652],[6.7929489,45.7437219],[6.7929666,45.7436968],[6.7929639,45.7436772],[6.7929599,45.74365],[6.7929605,45.7436107],[6.7929699,45.7435841],[6.7929706,45.7435564],[6.7929746,45.7435316],[6.7929967,45.7435106],[6.793047,45.7435012],[6.7931336,45.7435062],[6.7931704,45.743512],[6.7932107,45.7435092],[6.7932321,45.7434928],[6.7932408,45.7434554],[6.7932522,45.7434334],[6.7932516,45.7433964],[6.7932643,45.7433655],[6.7932985,45.743351],[6.7933233,45.7433337],[6.7933273,45.7433089],[6.7933226,45.7432635],[6.7932891,45.7432214],[6.7932475,45.7431956],[6.7932167,45.7431666],[6.7931966,45.7431203],[6.7931838,45.7430791],[6.7931677,45.7430459],[6.7931228,45.7430155],[6.79309,45.7430094],[6.7930517,45.7429991],[6.7930035,45.7429879],[6.7929424,45.7429794],[6.7929183,45.7429645],[6.7929123,45.7429443],[6.7929243,45.7429275],[6.7929632,45.7429069],[6.7929847,45.7428924],[6.7929907,45.7428461],[6.7929921,45.7428077],[6.7929579,45.7427642],[6.7929458,45.7427548],[6.7929136,45.7427263],[6.79287,45.7427019],[6.7928794,45.7426645],[6.7928292,45.7426206],[6.7927426,45.742586],[6.7926209,45.7424977],[6.7925891,45.7424539],[6.7925891,45.7424118],[6.7925884,45.7423889],[6.7925747,45.7423704],[6.7925307,45.7423304],[6.7924784,45.7422901],[6.7924221,45.7422583],[6.7923509,45.742187],[6.7923215,45.7421497],[6.792284,45.742087],[6.7922828,45.7420766],[6.7922075,45.7420295],[6.792176,45.7420047],[6.7921465,45.7419668],[6.7921022,45.741942],[6.7920768,45.7419569],[6.7920392,45.7419808],[6.7919641,45.7419841],[6.7918691,45.7419832],[6.7918481,45.7419902],[6.7916791,45.7419579],[6.7915986,45.7419527],[6.7914511,45.7419471],[6.7914189,45.7419326],[6.7914163,45.7419153],[6.7913968,45.7418849],[6.7913715,45.7418667],[6.7911174,45.7417099],[6.7909787,45.7416589],[6.7908619,45.7416267],[6.7907061,45.741562],[6.7906235,45.741535],[6.7904728,45.7415007],[6.7903035,45.7414505],[6.7900858,45.7414509],[6.7900497,45.7414576],[6.7899625,45.7414492],[6.7898954,45.7414197],[6.7898619,45.7414025],[6.7897761,45.7413532],[6.7897281,45.7413125],[6.7896882,45.7412999],[6.7896507,45.7412676],[6.7895957,45.7412451],[6.7895595,45.7412306],[6.7895139,45.741211],[6.7894757,45.7411726],[6.7894348,45.741145],[6.7893972,45.7411328],[6.7893718,45.741115],[6.7893416,45.7410678],[6.7893194,45.7410397],[6.7892933,45.7410154],[6.7892691,45.7409793],[6.7892544,45.7409325],[6.789251,45.7409049],[6.7892457,45.7408708],[6.789247,45.7408286],[6.7892457,45.7407926],[6.7892296,45.7407669],[6.7891878,45.7407094],[6.7891263,45.7406747],[6.7890868,45.7406475],[6.7890787,45.7406185],[6.789074,45.7405872],[6.7890782,45.7405584],[6.7891055,45.740538],[6.7891431,45.7405238],[6.7891686,45.7405179],[6.7891934,45.7404903],[6.7891987,45.7404589],[6.7891719,45.7404178],[6.7891444,45.740385],[6.7891397,45.7403583],[6.789156,45.7403191],[6.7891826,45.7402764],[6.7892099,45.7402234],[6.7891733,45.7401463],[6.7891659,45.7400888],[6.78918,45.740042],[6.7891987,45.7399952],[6.7892356,45.7399568],[6.7892873,45.7399212],[6.7893094,45.7398894],[6.7894012,45.7398273],[6.7894435,45.7398005],[6.7894523,45.7397718],[6.7894287,45.7397359],[6.7893697,45.7397116],[6.7893161,45.7396807],[6.7892891,45.7396522],[6.7892443,45.7396386],[6.789194,45.7396367],[6.7891143,45.7396203],[6.7889657,45.7396016],[6.7888856,45.7395805],[6.7888299,45.7395548],[6.7887413,45.7395371],[6.7886663,45.7395066],[6.7885928,45.7394703],[6.7885577,45.7394612],[6.788492,45.7394467],[6.7884799,45.7394298],[6.7884826,45.739405],[6.7884707,45.7393874],[6.7884424,45.7393755],[6.7883719,45.7393779],[6.7883123,45.7393737],[6.7882126,45.7393913],[6.7881668,45.7393975],[6.7881104,45.739391],[6.7880487,45.7393666],[6.7879904,45.7393535],[6.7879609,45.73934],[6.787914,45.7393072],[6.7878851,45.7392894],[6.7878563,45.7392847],[6.7878033,45.7392745],[6.7877624,45.739259],[6.7877202,45.739223],[6.7876625,45.7391897],[6.7876209,45.7391752],[6.7875532,45.7391462],[6.7875045,45.7391338],[6.787401,45.7390653],[6.7873473,45.7390414],[6.7872957,45.7390222],[6.787234,45.7390157],[6.7871723,45.739025],[6.7871053,45.7390189],[6.7870355,45.7390161],[6.7869477,45.7390245],[6.7868552,45.7390391],[6.7868156,45.7390362],[6.7867499,45.7390021],[6.7866942,45.7389726],[6.7866486,45.7389356],[6.7866278,45.7388982],[6.7866004,45.7388589],[6.7865554,45.7388182],[6.7865279,45.7387859],[6.7865018,45.7387653],[6.7864394,45.7387339],[6.7863844,45.7387077],[6.7863187,45.7386572],[6.7862932,45.7386258],[6.786257,45.7385706],[6.7862342,45.7385257],[6.7862336,45.7384906],[6.7862175,45.738469],[6.7861766,45.7384854],[6.7861062,45.7385083],[6.786074,45.7385018],[6.786027,45.7384419],[6.7860049,45.738397],[6.7859498,45.7383117],[6.7859026,45.7381918],[6.7858574,45.7380951],[6.7858299,45.7380137],[6.7858004,45.7379407],[6.7857709,45.7378728],[6.78574,45.7378321],[6.7857179,45.7377876],[6.7856414,45.7377136],[6.7855355,45.7376346],[6.7854825,45.7375868],[6.7854374,45.7375424],[6.7853974,45.7375232],[6.7853149,45.7375106],[6.7852727,45.7375026],[6.785223,45.7374755],[6.7851955,45.737449],[6.7851054,45.7373642],[6.7850655,45.7373009],[6.7850319,45.7372723],[6.7850134,45.7372236],[6.7849897,45.7371675],[6.7849588,45.7371029],[6.7849389,45.7370803],[6.7849132,45.7370458],[6.7848857,45.7369929],[6.784871,45.736963],[6.7848656,45.736875],[6.7848455,45.7368469],[6.784797,45.7368132],[6.784763,45.736794],[6.7847282,45.7367613],[6.784703,45.7367374],[6.7846767,45.7366652],[6.7846598,45.7366489],[6.7846537,45.7366148],[6.7846625,45.7365867],[6.7847027,45.7365694],[6.7847195,45.7365436],[6.7847179,45.736522],[6.7847107,45.736487],[6.7846631,45.7364355],[6.7846356,45.7363733],[6.7846027,45.7362995],[6.7845277,45.7362619],[6.7845049,45.7362301],[6.7844472,45.7362207],[6.7844076,45.7362015],[6.7843884,45.7361511],[6.7844043,45.7360873],[6.7844271,45.7360302],[6.7844398,45.7360092],[6.7844429,45.7359605],[6.7844063,45.7359263],[6.784352,45.7358856],[6.7842353,45.7357883],[6.7841748,45.73576],[6.7840771,45.7357466],[6.7839637,45.7357293],[6.7838464,45.7356993],[6.7837337,45.7356726],[6.7836018,45.7356358],[6.7835037,45.7356024],[6.7834293,45.7355603],[6.7833428,45.7355042],[6.7832684,45.735448],[6.7832221,45.7354082],[6.7831329,45.735338],[6.7830263,45.7352472],[6.7829707,45.7351836],[6.7829391,45.7351489],[6.7829023,45.7350942],[6.7828801,45.7350436],[6.7828681,45.7350006],[6.7828754,45.7349463],[6.7829016,45.7349088],[6.7829163,45.7348901],[6.7829217,45.7348578],[6.7828969,45.734818],[6.782866,45.734775],[6.7828479,45.7347492],[6.7828064,45.7347539],[6.7828003,45.7347708],[6.782805,45.7348063],[6.7828124,45.7348339],[6.7827997,45.7348639],[6.7827775,45.7348878],[6.7827049,45.7349572],[6.782681,45.7349909],[6.7826575,45.7350417],[6.7826515,45.7350984],[6.7826461,45.7351269],[6.7826401,45.7351471],[6.78262,45.7351513],[6.7825965,45.7351499],[6.7825824,45.7351316],[6.7825527,45.735058],[6.7825355,45.7350038],[6.7825339,45.7349632],[6.7825261,45.7349102],[6.7825107,45.7348297],[6.7824892,45.7347932],[6.782455,45.7347502],[6.7824211,45.7347291],[6.7823822,45.7347116],[6.7823511,45.7347148],[6.782333,45.7347296],[6.7823393,45.7347584],[6.782349,45.7347911],[6.7823534,45.7348042],[6.78234,45.7348171],[6.7823128,45.7348162],[6.782291,45.7348031],[6.7822622,45.7347703],[6.7822371,45.7347324],[6.7822045,45.7346984],[6.7821791,45.7346711],[6.7821522,45.7346591],[6.7821328,45.7346603],[6.7821247,45.7346764],[6.7821345,45.7347045],[6.7821475,45.7347265],[6.7821657,45.7347787],[6.782167,45.734796],[6.7821496,45.7348071],[6.7821227,45.7348068],[6.7821057,45.734794],[6.7820748,45.7347663],[6.7820533,45.734746],[6.7820248,45.7347167],[6.7819943,45.7347045],[6.7819762,45.7347106],[6.7819648,45.7347244],[6.7819645,45.7347534],[6.7819809,45.7347848],[6.7820185,45.7348562],[6.7820483,45.7349058],[6.7820671,45.7349526],[6.7820674,45.735002],[6.7820694,45.7351396],[6.7820453,45.7352833],[6.7820222,45.7354118],[6.7820339,45.7355706],[6.7820681,45.7356979],[6.7821083,45.7357461],[6.7821586,45.7357967],[6.7822022,45.7358428],[6.7822156,45.7358629],[6.7822078,45.7358783],[6.7821858,45.7358795],[6.7821579,45.735868],[6.7820688,45.7358114],[6.782,45.7357672],[6.7818344,45.7356235],[6.7817103,45.7354873],[6.7815273,45.7352759],[6.7814646,45.7352056],[6.7813989,45.7351485],[6.781362,45.735111],[6.7813247,45.7350227],[6.7812993,45.7349945],[6.7812708,45.7349846],[6.7812426,45.7349898],[6.7812084,45.7350153],[6.7811799,45.7350724],[6.7811649,45.7351262],[6.7811605,45.7351878],[6.7811649,45.7352531],[6.7811742,45.7352935],[6.7812078,45.735374],[6.7812353,45.7354372],[6.7812547,45.7354887],[6.7812708,45.7355528],[6.7812775,45.7356048],[6.7812762,45.7356633],[6.7812929,45.7357274],[6.7813141,45.735814],[6.7813287,45.7358687],[6.7813389,45.7359308],[6.7813369,45.7359888],[6.7813412,45.7360375],[6.7813449,45.7360983],[6.7813526,45.7361336],[6.7813687,45.7362034],[6.7813925,45.7362532],[6.7814109,45.7362991],[6.7814287,45.7363372],[6.7814307,45.7363941],[6.7814267,45.7364252],[6.7814207,45.7364629],[6.7814146,45.7364959],[6.7814234,45.7365457],[6.7814234,45.7365845],[6.781417,45.7366071],[6.7813888,45.7366173],[6.7813583,45.7366145],[6.7813238,45.7365986],[6.7812775,45.7365642],[6.7812215,45.7365069],[6.7811675,45.7364674],[6.7811109,45.7364351],[6.7810592,45.7364121],[6.7810255,45.7363957],[6.7809607,45.7363534],[6.7809117,45.7363178],[6.7808598,45.7362897],[6.7807608,45.7362387],[6.7807065,45.7362109],[6.780686,45.7361863],[6.7806522,45.7361535],[6.7806204,45.7361152],[6.7805798,45.736081],[6.7805265,45.7360555],[6.7804772,45.7360318],[6.7804011,45.7360195],[6.7802891,45.7360089],[6.7802231,45.7360087],[6.7801817,45.7360012],[6.7801295,45.7359813],[6.7800925,45.7359521],[6.7800584,45.7359209],[6.7800215,45.7358676],[6.7799907,45.7358224],[6.7799441,45.7357885],[6.7798821,45.7357424],[6.7798348,45.7357162],[6.7797486,45.7356867],[6.7796662,45.7356483],[6.7795411,45.7356083],[6.779469,45.7355865],[6.7793832,45.7355652],[6.7793272,45.7355442],[6.7793053,45.7355338],[6.7792546,45.7354844],[6.7792333,45.7354653],[6.7792139,45.7354592],[6.7791968,45.7354592],[6.779178,45.7354646],[6.7791703,45.7354779],[6.7791713,45.7354943],[6.779184,45.7355217],[6.7792073,45.7355582],[6.7792199,45.7355952],[6.7792249,45.7356483],[6.7792407,45.7356984],[6.7792635,45.7357574],[6.7792846,45.7357936],[6.7792964,45.7358283],[6.7793004,45.7358776],[6.7792977,45.7359298],[6.7793084,45.7359731],[6.7793239,45.7360129],[6.779345,45.736052],[6.7793671,45.7360948],[6.7794023,45.7361252],[6.7794098,45.7361422],[6.7793946,45.7361648],[6.7793621,45.7361718],[6.7793141,45.7361666],[6.7791797,45.7361372],[6.7790935,45.7361141],[6.7790754,45.7361182],[6.7790523,45.7361421],[6.7790526,45.7361783],[6.7790707,45.7362064],[6.7790882,45.7362495],[6.7790969,45.7362741],[6.7791193,45.7363216],[6.7791509,45.7363639],[6.7791814,45.736385],[6.7792481,45.7364142],[6.7793101,45.7364369],[6.7793862,45.7364587],[6.7794174,45.7364706],[6.7794399,45.7364809],[6.779462,45.7364966],[6.7794791,45.7365132],[6.7794908,45.7365308],[6.7795087,45.736571],[6.779522,45.7366026],[6.7795274,45.7366288],[6.779524,45.7366536],[6.779518,45.7366737],[6.7795602,45.7366906],[6.7795917,45.7367159],[6.7796226,45.7367322],[6.7796621,45.7367454],[6.779697,45.7367627],[6.7797305,45.7367865],[6.779748,45.7368118],[6.7797527,45.7368553],[6.7797574,45.7368858],[6.7797721,45.7369251],[6.7797882,45.7369663],[6.7797949,45.7369939],[6.7797956,45.7370322],[6.7797889,45.7370659],[6.7797694,45.7370992],[6.7797406,45.7371282],[6.779691,45.7371619],[6.7796461,45.7371839],[6.7795971,45.7372073],[6.7795602,45.7372302],[6.7795374,45.7372513],[6.7795166,45.7372807],[6.7794992,45.7373233],[6.7794771,45.7373603],[6.7794509,45.7373884],[6.7794073,45.7374216],[6.7793617,45.737453],[6.7793121,45.7374736],[6.7792772,45.7374825],[6.7792404,45.737482],[6.7792062,45.7374778],[6.779174,45.7374656],[6.7791317,45.7374418],[6.7790982,45.7374296],[6.7790741,45.737409],[6.7790513,45.7373847],[6.7790359,45.7373608],[6.7790305,45.7373369],[6.7790305,45.7373046],[6.7790553,45.7372513],[6.7790908,45.7372017],[6.7791304,45.7371558],[6.7791465,45.7371226],[6.7791559,45.7370968],[6.7791646,45.7370683],[6.7791505,45.7370299],[6.7791371,45.7370046],[6.7791096,45.7369667],[6.7790734,45.7369288],[6.7790098,45.736869],[6.7789553,45.736816],[6.7788213,45.7366382],[6.7787562,45.7365544],[6.7787033,45.7365048],[6.7786644,45.7364692],[6.7786127,45.7363939],[6.7785933,45.7363569],[6.7785638,45.7363138],[6.778543,45.7362745],[6.7785229,45.7362319],[6.7784806,45.7361617],[6.778434,45.736106],[6.7783925,45.7360611],[6.7783804,45.7360405],[6.7783707,45.7360188],[6.7783462,45.735986],[6.7782992,45.7359303],[6.7782624,45.7358877],[6.7782345,45.735861],[6.7782141,45.7358411],[6.7782081,45.7358217],[6.778205,45.7358027],[6.7781967,45.7357922],[6.7781879,45.735755],[6.7781856,45.7357337],[6.7781876,45.7357213],[6.7781876,45.7356893],[6.7781819,45.73566],[6.7781799,45.7356392],[6.7781842,45.7356247],[6.7781993,45.7356099],[6.7782027,45.7355924],[6.7781943,45.7355671],[6.7782003,45.7355479],[6.7782097,45.7355283],[6.7782225,45.7355051],[6.778248,45.7354625],[6.7782627,45.7354489],[6.7783093,45.7354157],[6.7783532,45.7353907],[6.7783804,45.7353691],[6.7784055,45.7353439],[6.7784377,45.7353104],[6.7784588,45.7352886],[6.778488,45.735261],[6.7784914,45.7352533],[6.7784583,45.7351385],[6.7784796,45.7351129],[6.7785165,45.735079],[6.778481,45.7350757],[6.778424,45.7350726],[6.7783847,45.7350602],[6.7783546,45.7350469],[6.778312,45.7350403],[6.7782389,45.7350399],[6.7781413,45.7350366],[6.7780785,45.7350298],[6.7780285,45.7350109],[6.7780226,45.7349912],[6.7779965,45.734958],[6.7779489,45.7349144],[6.7779003,45.7348709],[6.77785,45.7348178],[6.7778154,45.7347658],[6.7777906,45.7347202],[6.7777698,45.7346849],[6.7776605,45.7345096],[6.7776434,45.734485],[6.7776137,45.7344583],[6.7775898,45.7344345],[6.7775419,45.7344003],[6.7775003,45.7343729],[6.7774818,45.7343521],[6.7774668,45.7343252],[6.777456,45.7342681],[6.777451,45.7342194],[6.7774456,45.734181],[6.7774272,45.7341473],[6.7774041,45.7341022],[6.7773729,45.7340528],[6.7773588,45.7340118],[6.7773296,45.7339508],[6.7773035,45.7339049],[6.7772663,45.7338525],[6.7772495,45.733819],[6.7772361,45.7337708],[6.777227,45.7337104],[6.77722,45.7336624],[6.7772021,45.7336023],[6.7771814,45.7335609],[6.7771643,45.7335367],[6.7771338,45.7334939],[6.7770754,45.7334408],[6.7770118,45.7333936],[6.7769575,45.7333659],[6.7769206,45.7333453],[6.7768408,45.7333088],[6.7767902,45.733273],[6.7767345,45.7332218],[6.7766575,45.7331296],[6.7765161,45.7330319],[6.7763519,45.7329294],[6.776164,45.7328089],[6.7760983,45.7327575],[6.7760695,45.732708],[6.7760462,45.7326852],[6.7760151,45.7326628],[6.7759409,45.7326568],[6.7758058,45.7326309],[6.7757104,45.732596],[6.7755614,45.7325091],[6.7751855,45.7322685],[6.7750662,45.7321937],[6.7749918,45.7321123],[6.7748858,45.7319325],[6.7748094,45.731801],[6.774696,45.7315866],[6.7746645,45.7315352],[6.7746049,45.7314716],[6.7745157,45.7314083],[6.7744587,45.7313713],[6.7742816,45.7312842],[6.7739296,45.7310605],[6.7738129,45.7309889],[6.7737159,45.730937],[6.7736264,45.730893],[6.7735243,45.7308275],[6.7733784,45.7306966],[6.7732755,45.7305483],[6.7731993,45.7304965],[6.7730808,45.7304221],[6.7729962,45.7303528],[6.7729318,45.7302859],[6.7728826,45.7302547],[6.7727436,45.7302138],[6.7726892,45.7301788],[6.7726204,45.7301203],[6.7725919,45.7300935],[6.7725564,45.7300767],[6.7724625,45.7300522],[6.772348,45.7300317],[6.7721976,45.7300327],[6.7720173,45.7300403],[6.7718783,45.7300261],[6.771687,45.7300356],[6.7715612,45.730027],[6.7714602,45.7299948],[6.7713946,45.7299534],[6.7713325,45.7298922],[6.7712638,45.7297995],[6.7711901,45.729748],[6.7710969,45.729703],[6.7709752,45.7296252],[6.7708216,45.7294962],[6.7707244,45.7293937],[6.770666,45.7293108],[6.770603,45.7292482],[6.7705612,45.7292097],[6.7703636,45.7290904],[6.7702342,45.7290052],[6.7701631,45.7289664],[6.7700337,45.7288798],[6.7699134,45.7287946],[6.7698385,45.7287012],[6.7697909,45.7286167],[6.7697713,45.7284703],[6.7697621,45.7284286],[6.7697342,45.7283843],[6.7696514,45.728292],[6.7696045,45.7282198],[6.7695925,45.7281706],[6.7695918,45.7281023],[6.7696337,45.7279798],[6.7696233,45.7279417],[6.7695811,45.7279085],[6.7694577,45.7278303],[6.7693792,45.7277648],[6.7693162,45.72771],[6.7690799,45.7274452],[6.7690431,45.7273823],[6.7690296,45.727315],[6.7690538,45.7272699],[6.7689617,45.7272572],[6.7688205,45.7272424],[6.7687095,45.727244],[6.7685908,45.7272597],[6.7684742,45.7272794],[6.7682462,45.7273348],[6.7680695,45.7273931],[6.7677933,45.7274476],[6.7676658,45.727466],[6.7676067,45.7274677],[6.7675608,45.7274585],[6.7675193,45.727443],[6.767454,45.7274447],[6.7675015,45.7274023],[6.7675042,45.7273541],[6.7674957,45.7272849],[6.7674366,45.7270959],[6.7673411,45.7269141],[6.7672723,45.7268152],[6.7672039,45.7267167],[6.7670045,45.7264797],[6.7666554,45.726111],[6.7664712,45.7259397],[6.7659817,45.7255799],[6.7657545,45.7253732],[6.7655563,45.7252099],[6.7654609,45.7251648],[6.7653801,45.7251523],[6.7653148,45.7251607],[6.7652324,45.7251724],[6.7650568,45.7252324],[6.7649289,45.7252495],[6.7648406,45.7252551],[6.7647773,45.72525],[6.7647417,45.7252257],[6.7646783,45.7251075],[6.7646398,45.7249876],[6.7646491,45.7249186],[6.7646924,45.7248695],[6.7647468,45.724846],[6.7648523,45.7247776],[6.7649348,45.7246625],[6.7650108,45.7246057],[6.7651035,45.7245696],[6.7651692,45.7245214],[6.765218,45.7244334],[6.7652168,45.7243417],[6.7652077,45.7242678],[6.7651814,45.7241871],[6.7651225,45.7241295],[6.7649968,45.7240488],[6.764843,45.7239191],[6.7646915,45.7238046],[6.7645738,45.7237276],[6.7642678,45.7235274],[6.7640924,45.7233927],[6.7639142,45.7231787],[6.7637479,45.7229709],[6.7636675,45.7228623],[6.7635119,45.7225776],[6.7634216,45.722452],[6.7633001,45.7223475],[6.763127,45.7222337],[6.7627891,45.7220368],[6.7626934,45.7219625],[6.762484,45.7217602],[6.7621441,45.7215418],[6.7620275,45.7214401],[6.7617266,45.7210712],[6.7613819,45.7205962],[6.7611227,45.7202842],[6.7609702,45.720115],[6.7606742,45.7198263],[6.7604655,45.7196599],[6.7601992,45.7194227],[6.7599915,45.71928],[6.7598203,45.7191255],[6.7597054,45.719051],[6.7594704,45.7188101],[6.7593539,45.7187213],[6.7590946,45.7184712],[6.7589544,45.7183065],[6.7587208,45.7181282],[6.758435,45.717865],[6.7580584,45.7174542],[6.7575858,45.7169632],[6.7574896,45.7168137],[6.7573031,45.7165985],[6.7571586,45.7164321],[6.7570599,45.7162524],[6.7569882,45.7161562],[6.7568754,45.7160573],[6.7565853,45.7157315],[6.7563681,45.7154773],[6.7561909,45.7152421],[6.7559091,45.7149154],[6.7555065,45.7145113],[6.7552735,45.7141886],[6.7552232,45.7140978],[6.7551738,45.7138353],[6.7551092,45.7135992],[6.754968,45.7133236],[6.7549164,45.7132629],[6.7546211,45.7130069],[6.7542987,45.7127603],[6.7540108,45.7125684],[6.7538717,45.7124773],[6.7537447,45.7123709],[6.7536026,45.7121808],[6.7535166,45.7120721],[6.7533901,45.7119593],[6.7532547,45.7118498],[6.7531498,45.7117462],[6.7530652,45.7116462],[6.7529724,45.7115778],[6.752921,45.7115042],[6.7528824,45.7113602],[6.7528501,45.7112067],[6.7528029,45.7110653],[6.7528149,45.7109595],[6.7528415,45.710838],[6.7528369,45.7107698],[6.7527864,45.7107028],[6.7527318,45.7105993],[6.75267,45.7104117],[6.7526166,45.7102994],[6.7525613,45.7101573],[6.7525243,45.7099559],[6.7524343,45.7097255],[6.7523878,45.7096731],[6.7522505,45.7095595],[6.7521004,45.7093691],[6.7520116,45.709263],[6.751845,45.7090864],[6.7518054,45.7090394],[6.7517189,45.7089284],[6.751678,45.7088629],[6.751621,45.708736],[6.751562,45.708595],[6.7514876,45.708471],[6.7514171,45.7083581],[6.7513474,45.7082279],[6.7513172,45.7081549],[6.75128,45.7081012],[6.7512079,45.7080144],[6.7511744,45.7079356],[6.7511415,45.7078697],[6.751102,45.7078051],[6.7510463,45.7077555],[6.7509772,45.7077011],[6.7508747,45.7076328],[6.7508183,45.7075747],[6.7507779,45.707515],[6.7507278,45.707453],[6.7506158,45.7073589],[6.7504643,45.7072362],[6.7503013,45.7071083],[6.7502115,45.7070718],[6.7501278,45.7070637],[6.7498335,45.7069356],[6.7489429,45.7063646],[6.7487628,45.7062107],[6.7486804,45.7060743],[6.7486259,45.7059842],[6.7484741,45.7057691],[6.7484292,45.7057218],[6.7483916,45.7056637],[6.7483625,45.7055633],[6.7483132,45.7054731],[6.7482304,45.7053708],[6.7481811,45.7053172],[6.7481039,45.7052661],[6.7480007,45.7052263],[6.7478455,45.7051505],[6.7477519,45.705084],[6.7477036,45.7050198],[6.7476379,45.7049051],[6.7475923,45.7048498],[6.7475467,45.7048021],[6.7474897,45.7047604],[6.7474059,45.7047103],[6.747243,45.7045909],[6.7471357,45.7045085],[6.7470337,45.704442],[6.7469338,45.70439],[6.7467729,45.7043052],[6.7466073,45.7042317],[6.7464524,45.7041558],[6.7463008,45.7040739],[6.7462184,45.7040289],[6.7461312,45.7039643],[6.7460675,45.7039114],[6.7458695,45.7037936],[6.7456799,45.7037395],[6.7455466,45.7036996],[6.7454082,45.7036344],[6.745299,45.7035068],[6.7452102,45.7034321],[6.7451287,45.7034],[6.7450496,45.7033644],[6.7449684,45.703312],[6.7448967,45.703252],[6.7448129,45.7031504],[6.7447338,45.7030741],[6.7446285,45.7029711],[6.7445192,45.7028587],[6.7444146,45.7027524],[6.7443254,45.7026507],[6.7442711,45.7025889],[6.7442402,45.7024995],[6.7442268,45.7024536],[6.7441986,45.7024143],[6.7441551,45.7023665],[6.7441115,45.7023234],[6.7440216,45.7022644],[6.7439229,45.7022095],[6.7438332,45.7021604],[6.7437641,45.7020981],[6.7436857,45.7020218],[6.7436173,45.7019754],[6.7434865,45.7019305],[6.7433363,45.7018846],[6.7431673,45.7018439],[6.7430554,45.7018265],[6.7429259,45.701798],[6.7428213,45.7017689],[6.7427328,45.7017394],[6.7426557,45.7017062],[6.7425752,45.7016678],[6.7424861,45.7016458],[6.7424049,45.7016205],[6.7423137,45.7015956],[6.7422192,45.7015619],[6.7421092,45.7015132],[6.742024,45.7014776],[6.7419275,45.7014491],[6.7418101,45.7014163],[6.7416579,45.7013723],[6.741493,45.7013329],[6.7413709,45.701309],[6.7410225,45.701279],[6.7407446,45.7012397],[6.740416,45.7011698],[6.7401363,45.7010415],[6.7400345,45.7009611],[6.7399701,45.7008876],[6.7398588,45.7007101],[6.7398018,45.700623],[6.739762,45.7005754],[6.739708,45.7005138],[6.739649,45.700474],[6.7395893,45.7004309],[6.739539,45.7003513],[6.7394679,45.7002759],[6.7394019,45.7002083],[6.7393338,45.7001453],[6.7392822,45.7001144],[6.739205,45.7000797],[6.739136,45.7000394],[6.7390797,45.6999921],[6.7389992,45.6999149],[6.7389403,45.6998625],[6.7388745,45.6998277],[6.7388269,45.6998085],[6.7387578,45.6997978],[6.7386813,45.6998085],[6.7386211,45.6998158],[6.7385278,45.6998132],[6.7384239,45.6997945],[6.7383313,45.6997542],[6.7382589,45.6997055],[6.7381275,45.6996203],[6.7380363,45.6995683],[6.7379283,45.6995041],[6.7378338,45.6994498],[6.7377553,45.6994053],[6.7376755,45.6993472],[6.737612,45.6992821],[6.7375454,45.6992096],[6.737463,45.6991009],[6.737355,45.6989492],[6.7372739,45.6988518],[6.7372336,45.6987848],[6.737184,45.6987197],[6.7371555,45.6986928],[6.7371123,45.6986761],[6.7370103,45.6986457],[6.7369607,45.6986199],[6.736903,45.6985647],[6.7368615,45.698523],[6.7368165,45.6984626],[6.736775,45.6984199],[6.7367294,45.6983815],[6.7366945,45.6983548],[6.7365959,45.6983089],[6.7365544,45.6982832],[6.7365024,45.698228],[6.7364556,45.6981903],[6.7363477,45.6981032],[6.7361945,45.698013],[6.7359212,45.697852],[6.7354949,45.697633],[6.7351191,45.6974213],[6.7349829,45.6973469],[6.7348332,45.6973088],[6.7347426,45.697302],[6.7346673,45.6972976],[6.7345891,45.6972869],[6.7344307,45.6972405],[6.7342173,45.6971588],[6.7340582,45.6970821],[6.7340046,45.6970462],[6.7338991,45.6969756],[6.7337733,45.6967962],[6.7337032,45.6967297],[6.7336509,45.6966566],[6.7336402,45.6966171],[6.7334607,45.6964873],[6.7331416,45.6964916],[6.7333037,45.6966566],[6.7333943,45.6968198],[6.7333959,45.6969704],[6.7333526,45.6970159],[6.7332789,45.6970092],[6.7332516,45.6969795],[6.7331344,45.6968635],[6.7329565,45.6967332],[6.7328955,45.6966811],[6.7328505,45.6966772],[6.7327792,45.6967118],[6.732765,45.6967707],[6.7328437,45.696957],[6.7328458,45.6969872],[6.7328195,45.6970834],[6.7327543,45.6971126],[6.732677,45.6970931],[6.732612,45.6970364],[6.7325749,45.697001],[6.7324111,45.6968505],[6.7323011,45.6967778],[6.7322054,45.6967751],[6.7321582,45.6968097],[6.7321316,45.6968938],[6.7321637,45.6971292],[6.7321689,45.6972107],[6.7321461,45.6972393],[6.732114,45.6972575],[6.7320603,45.6972552],[6.7320107,45.6972304],[6.731943,45.6971535],[6.7318253,45.6969698],[6.7317396,45.696926],[6.7317106,45.6969696],[6.7317061,45.6970865],[6.7316572,45.6971877],[6.7316094,45.6972251],[6.7315058,45.6972716],[6.7314316,45.697291],[6.7313328,45.697265],[6.7312234,45.6970351],[6.7312006,45.6969958],[6.7311349,45.6969474],[6.7310523,45.6969263],[6.7310143,45.6969508],[6.7309995,45.6969845],[6.7310069,45.6970355],[6.7310297,45.6970842],[6.7310203,45.6971877],[6.7309975,45.6972631],[6.7309919,45.6973114],[6.7309941,45.6973517],[6.7309935,45.6973793],[6.7310129,45.6974065],[6.7310196,45.6974308],[6.7310035,45.6974467],[6.7309926,45.6974439],[6.7309532,45.6974425],[6.730921,45.6974425],[6.7308513,45.6974444],[6.7308278,45.6974364],[6.7307735,45.6974378],[6.7307226,45.6974378],[6.7306837,45.6974355],[6.7305938,45.6973999],[6.7305087,45.6973784],[6.7304496,45.6973648],[6.7303933,45.6973671],[6.7303437,45.6973493],[6.7302646,45.6973479],[6.7302069,45.6973465],[6.73016,45.6973306],[6.7300768,45.6973179],[6.7300466,45.6973137],[6.7299964,45.6973175],[6.7299611,45.6973114],[6.7299065,45.6972997],[6.7298388,45.6972805],[6.7297784,45.6972594],[6.7297389,45.6972496],[6.7296913,45.6972528],[6.7295813,45.6972814],[6.7294713,45.6973165],[6.7293707,45.6973563],[6.7293037,45.6973938],[6.7292393,45.6974228],[6.7292017,45.6974388],[6.7291401,45.6974477],[6.7290878,45.6974542],[6.7289981,45.6974667],[6.728951,45.6974725],[6.7289074,45.6974816],[6.7288738,45.6974926],[6.728834,45.6974975],[6.7288088,45.6974997],[6.7286683,45.6974299],[6.728622,45.6973944],[6.7285703,45.6973549],[6.7284502,45.6972504],[6.7282895,45.6971706],[6.7282537,45.6972411],[6.7281555,45.697453],[6.7280949,45.6975104],[6.72809,45.6975261],[6.7280799,45.6975586],[6.7281241,45.6976384],[6.7282641,45.6977822],[6.7283233,45.6979158],[6.7283605,45.6979767],[6.7284969,45.6981702],[6.728867,45.6984213],[6.7289714,45.6985586],[6.7290663,45.6986337],[6.7291917,45.6987295],[6.7292889,45.698793],[6.7293295,45.698822],[6.7293597,45.6988481],[6.7293573,45.6988759],[6.7293409,45.6988876],[6.7293097,45.6988983],[6.7292849,45.6988952],[6.7292359,45.6988628],[6.729181,45.698834],[6.7291193,45.6988098],[6.7290589,45.6987909],[6.7289828,45.698766],[6.728897,45.6987525],[6.728843,45.6987411],[6.7288182,45.6987305],[6.7287669,45.6987007],[6.7287253,45.6986733],[6.7286734,45.6986373],[6.7286147,45.6986131],[6.7285577,45.6985932],[6.7284722,45.6985682],[6.7283158,45.6985347],[6.7282154,45.6985092],[6.7281161,45.6984862],[6.7280363,45.6984642],[6.7279254,45.6984293],[6.7277678,45.6983712],[6.727636,45.6983251],[6.7275135,45.6982895],[6.7274053,45.698264],[6.7273316,45.6982535],[6.7272749,45.6982424],[6.7272233,45.6982293],[6.7271717,45.6982197],[6.7271311,45.6982207],[6.7271103,45.6982324],[6.7270965,45.6982488],[6.7270944,45.6982618],[6.727109,45.6982839],[6.7271448,45.6983139],[6.7271874,45.6983373],[6.7272421,45.6983722],[6.7272907,45.6984026],[6.7273906,45.6984565],[6.7274814,45.6985141],[6.7275331,45.6985501],[6.72758,45.6985841],[6.7276337,45.6986286],[6.7276722,45.6986618],[6.7276974,45.698695],[6.7277316,45.6987426],[6.7277711,45.6988035],[6.7277939,45.6988461],[6.7277969,45.6988691],[6.7278,45.6989035],[6.7277829,45.698956],[6.7277624,45.6990084],[6.7277376,45.6990613],[6.7277285,45.6991152],[6.7277356,45.6991695],[6.7277919,45.6992845],[6.7278013,45.6993161],[6.7277959,45.6993353],[6.7277745,45.6993557],[6.7277456,45.6993641],[6.7277285,45.6993611],[6.7276974,45.6993512],[6.7276565,45.6993398],[6.7276249,45.6993234],[6.7275877,45.6993002],[6.7275317,45.6992634],[6.7272685,45.6990648],[6.7272437,45.6990522],[6.7271981,45.6990264],[6.7271616,45.6990037],[6.7271304,45.6989897],[6.7270882,45.6989866],[6.7270546,45.6989988],[6.7270435,45.6990142],[6.7270345,45.699115],[6.7270479,45.699217],[6.7270677,45.6992305],[6.7271103,45.6992799],[6.7271343,45.6993383],[6.727141,45.6995537],[6.7271565,45.6996749],[6.7271827,45.699756],[6.727242,45.6998589],[6.7273054,45.6999832],[6.7273405,45.7000525],[6.7273542,45.7001212],[6.7273539,45.700175],[6.7273597,45.7002174],[6.7273981,45.7002513],[6.7274501,45.7002571],[6.7274913,45.7002459],[6.7276182,45.7001916],[6.7277068,45.7001777],[6.7278157,45.7001795],[6.7278989,45.7001888],[6.7280082,45.7002132],[6.7281383,45.7002759],[6.7282804,45.7003827],[6.7283884,45.7004651],[6.7285471,45.700569],[6.7287042,45.7007026],[6.7288765,45.7008267],[6.7290448,45.7009269],[6.7291689,45.7010159],[6.7294002,45.7012271],[6.7294656,45.7013051],[6.7295001,45.7013951],[6.7295204,45.7015341],[6.7295048,45.7015956],[6.729533,45.7016118],[6.7296589,45.7016558],[6.7296852,45.7016778],[6.7297037,45.7016928],[6.7297207,45.7017094],[6.7297482,45.7017535],[6.7297596,45.7017752],[6.7297694,45.7018106],[6.7297747,45.7018394],[6.7297754,45.7018729],[6.7297771,45.7019118],[6.7297811,45.7019518],[6.7297898,45.7019893],[6.7297989,45.7020146],[6.7298103,45.7020302],[6.7298133,45.7020434],[6.729818,45.7020689],[6.7298267,45.7020839],[6.7298354,45.7021019],[6.7298364,45.702126],[6.7298475,45.7021548],[6.7298539,45.7021787],[6.7298495,45.7022066],[6.7298505,45.7022361],[6.7298549,45.7022611],[6.7298736,45.7022941],[6.7299048,45.702333],[6.7299357,45.7023768],[6.7299487,45.7024124],[6.7299665,45.7024648],[6.7299826,45.7025065],[6.7300098,45.7025414],[6.7300269,45.7025856],[6.7300413,45.7026161],[6.7300503,45.7026423],[6.7300493,45.7026805],[6.730052,45.7027184],[6.7300527,45.7027503],[6.73005,45.7027842],[6.7300527,45.7028135],[6.7300577,45.7028418],[6.7300604,45.7028886],[6.7300564,45.702905],[6.7300466,45.7029245],[6.730046,45.7029444],[6.7300453,45.70298],[6.7300416,45.7030401],[6.7300456,45.703079],[6.7300557,45.7031134],[6.7300684,45.7031467],[6.7300772,45.7031675],[6.7300875,45.703186],[6.7301134,45.7032087],[6.7301311,45.7032298],[6.7301563,45.7032698],[6.7301727,45.7033146],[6.7301851,45.703349],[6.7302036,45.7033963],[6.7302139,45.7034253],[6.7302237,45.7034536],[6.7302274,45.7034834],[6.730222,45.7035103],[6.73022,45.703541],[6.730228,45.7035773],[6.7302394,45.7036276],[6.7302445,45.7036489],[6.7302565,45.70367],[6.730278,45.7037009],[6.7302897,45.7037306],[6.7302931,45.7037587],[6.7302921,45.7037948],[6.7302937,45.7038355],[6.7302901,45.7038606],[6.730275,45.7038899],[6.7302706,45.7039269],[6.7302683,45.7039741],[6.7302612,45.7040135],[6.7302579,45.704065],[6.7302448,45.7041568],[6.7302364,45.7042043],[6.7302341,45.7042439],[6.7302401,45.7042963],[6.7302465,45.7043352],[6.7302441,45.7043546],[6.7302317,45.7043804],[6.7302099,45.7044122],[6.7301915,45.7044371],[6.730164,45.7044555],[6.7301264,45.7044698],[6.7300936,45.704493],[6.7300751,45.7045134],[6.7300627,45.7045422],[6.730059,45.7045761],[6.7300617,45.7046155],[6.7300604,45.7046351],[6.7300527,45.7046597],[6.7300319,45.7046981],[6.7300148,45.704733],[6.7300054,45.7047625],[6.729997,45.7048002],[6.72999,45.7048339],[6.7299679,45.7048934],[6.7299444,45.7049376],[6.7299209,45.7049686],[6.7298887,45.7049892],[6.7298522,45.7050093],[6.7298207,45.7050404],[6.7297932,45.7050617],[6.7297509,45.7050903],[6.7297084,45.7051072],[6.7296658,45.7051177],[6.7295786,45.7051318],[6.7294529,45.70515],[6.7293717,45.7051643],[6.7293094,45.7051762],[6.7292561,45.7051926],[6.7291997,45.7052142],[6.7291689,45.7052317],[6.7291545,45.7052509],[6.7291411,45.7052736],[6.7291411,45.7052935],[6.7291505,45.7053106],[6.7291783,45.7053202],[6.7292292,45.705331],[6.7293258,45.7053523],[6.7293483,45.7053591],[6.729358,45.7053713],[6.7293556,45.7053874],[6.7293362,45.7054012],[6.7292893,45.7054197],[6.729247,45.7054289],[6.7292028,45.7054366],[6.7291974,45.7054478],[6.7292034,45.7054605],[6.7292279,45.7054731],[6.7292809,45.7054837],[6.7294113,45.7055038],[6.7294579,45.7055134],[6.7294988,45.705526],[6.7295266,45.7055366],[6.7295555,45.7055417],[6.7295907,45.7055392],[6.7296393,45.7055321],[6.7296772,45.7055307],[6.729702,45.7055349],[6.7297151,45.705549],[6.7297187,45.7055696],[6.7297184,45.7055879],[6.7297047,45.7056078],[6.7296839,45.7056248],[6.7296641,45.7056412],[6.7296527,45.7056574],[6.729651,45.7056691],[6.7296638,45.7056794],[6.7296886,45.7056836],[6.7297546,45.705692],[6.7297942,45.7057016],[6.7298089,45.7057131],[6.729812,45.7057283],[6.7298046,45.705748],[6.7297938,45.7057623],[6.7297774,45.7057967],[6.7297647,45.7058403],[6.7297583,45.7058737],[6.7297553,45.7059058],[6.7297499,45.7059456],[6.7297432,45.7059758],[6.7297288,45.7060016],[6.7297057,45.7060203],[6.7296849,45.706039],[6.7296705,45.7060585],[6.729651,45.7060927],[6.7296296,45.7061137],[6.7296118,45.7061322],[6.7296017,45.7061484],[6.7295994,45.7061732],[6.7296004,45.7062104],[6.7296031,45.7062467],[6.7296051,45.7062776],[6.7296004,45.7063008],[6.729586,45.7063242],[6.7295622,45.7063514],[6.7295327,45.7063692],[6.7294874,45.7063842],[6.7294445,45.7063959],[6.7294197,45.7064055],[6.7294113,45.706416],[6.729413,45.7064329],[6.7294301,45.7064448],[6.7294673,45.7064539],[6.7295099,45.7064675],[6.7295672,45.7065022],[6.7296145,45.7065335],[6.7296778,45.7065754],[6.7297861,45.7066368],[6.7298492,45.7066761],[6.7299025,45.7067126],[6.7299655,45.7067501],[6.729996,45.7067731],[6.7300101,45.7067848],[6.7300098,45.7067948],[6.7300054,45.7068044],[6.7299883,45.7068131],[6.7299541,45.7068243],[6.7298844,45.7068428],[6.729812,45.7068587],[6.7297452,45.7068756],[6.7296856,45.7068857],[6.7296138,45.7068962],[6.7295296,45.7069032],[6.7294368,45.7069105],[6.729362,45.7069203],[6.7292765,45.7069358],[6.7292235,45.7069484],[6.7291645,45.7069697],[6.7291189,45.7069892],[6.7290733,45.7070175],[6.7290277,45.707047],[6.7289704,45.7070791],[6.7288923,45.7071186],[6.7288226,45.7071608],[6.7287485,45.7072116],[6.7286992,45.7072448],[6.7286693,45.7072572],[6.7286375,45.7072713],[6.7286073,45.7072778],[6.7285785,45.7072832],[6.7285644,45.707294],[6.7285607,45.707305],[6.7285701,45.7073172],[6.7285848,45.7073237],[6.728615,45.7073254],[6.7286532,45.7073223],[6.7287025,45.7073174],[6.7287454,45.7073153],[6.7287803,45.7073169],[6.7288303,45.7073205],[6.7288812,45.7073333],[6.7289238,45.7073509],[6.728961,45.7073619],[6.7290013,45.7073727],[6.7290277,45.7073881],[6.7290412,45.7074024],[6.7290616,45.7074282],[6.7290737,45.7074474],[6.7290784,45.7074687],[6.7290797,45.7074841],[6.7290737,45.7075019],[6.7290613,45.7075183],[6.7290355,45.7075452],[6.7290093,45.7075712],[6.7289711,45.7076108],[6.7289392,45.7076396],[6.7289,45.7076714],[6.7288333,45.7077189],[6.7287582,45.7077702],[6.7287069,45.7078046],[6.7286821,45.7078245],[6.7286606,45.7078437],[6.7286432,45.7078686],[6.7286247,45.7079006],[6.7286029,45.7079386],[6.7285956,45.7079599],[6.7285941,45.7079778],[6.7285972,45.7079985],[6.7285989,45.7080151],[6.7285902,45.7080348],[6.7285734,45.7080484],[6.7285439,45.7080655],[6.7285242,45.7080847],[6.7285104,45.7081064],[6.7284916,45.7081202],[6.7284645,45.7081397],[6.728432,45.7081535],[6.7283931,45.7081715],[6.7283525,45.7081924],[6.7283129,45.7082317],[6.728271,45.7082743],[6.7282261,45.7083237],[6.7281912,45.7083583],[6.7281684,45.7083825],[6.7281621,45.7083993],[6.7281607,45.7084216],[6.7281711,45.7084525],[6.7281926,45.708514],[6.7282016,45.7085454],[6.7282077,45.7085766],[6.7282194,45.7086274],[6.7282298,45.7086739],[6.7282395,45.7087074],[6.7282569,45.70874],[6.7282747,45.7087807],[6.7282858,45.7088097],[6.7282905,45.7088418],[6.7282885,45.7088797],[6.7282791,45.7089191],[6.728261,45.7089584],[6.7282335,45.709023],[6.7282013,45.7090783],[6.7281725,45.7091279],[6.7281383,45.7091804],[6.7280873,45.7092483],[6.7280283,45.7093185],[6.7279619,45.7093845],[6.7279183,45.7094262],[6.7278841,45.7094613],[6.7278519,45.7095006],[6.7278171,45.7095512],[6.7277808,45.7095943],[6.7277547,45.7096421],[6.7277379,45.7096875],[6.7277111,45.7097572],[6.7276943,45.7097998],[6.7276749,45.7098368],[6.7276601,45.7098551],[6.7276226,45.709886],[6.7275938,45.7098986],[6.7275602,45.709915],[6.7275341,45.7099324],[6.7275173,45.7099539],[6.7275006,45.7099731],[6.7274664,45.7099974],[6.7274422,45.710019],[6.7274234,45.7100433],[6.7273872,45.7101098],[6.727349,45.7101796],[6.7273262,45.7102245],[6.7273141,45.7102634],[6.7272867,45.7103299],[6.7272712,45.7103641],[6.7272491,45.7103908],[6.7272048,45.7104184],[6.7271304,45.7104605],[6.72706,45.7104947],[6.726995,45.7105252],[6.7269621,45.7105514],[6.7269339,45.7105823],[6.7268917,45.710623],[6.7268394,45.7106717],[6.7267784,45.710719],[6.7267314,45.7107649],[6.7266872,45.7108033],[6.726655,45.7108328],[6.7266188,45.7108524],[6.7265692,45.7108791],[6.7265309,45.7109143],[6.7264887,45.7109531],[6.7264558,45.7109821],[6.7264283,45.7109939],[6.7263948,45.7110154],[6.7263606,45.711036],[6.7263338,45.7110655],[6.7263097,45.7110969],[6.7262909,45.7111221],[6.7262574,45.7111502],[6.7262278,45.7111676],[6.726191,45.7111811],[6.7261554,45.7112003],[6.7261199,45.7112223],[6.7260931,45.7112467],[6.726075,45.7112589],[6.726032,45.7112809],[6.7259838,45.7113113],[6.7259502,45.711331],[6.7259341,45.7113567],[6.7259221,45.7113787],[6.7258932,45.7114012],[6.7258396,45.7114368],[6.725743,45.7114963],[6.7257001,45.7115276],[6.725676,45.7115478],[6.7256478,45.7115857],[6.725629,45.7116203],[6.7256197,45.711655],[6.7256083,45.7116995],[6.7256036,45.7117444],[6.7256049,45.7117861],[6.725613,45.7118198],[6.725617,45.7118474],[6.7256123,45.7118699],[6.7255989,45.7118858],[6.7255788,45.71189],[6.7255412,45.7118896],[6.7255057,45.7118755],[6.7254741,45.7118516],[6.7254554,45.7118413],[6.7254339,45.7118343],[6.7254078,45.7118395],[6.7254031,45.7118619],[6.7254205,45.7118924],[6.7254487,45.7119298],[6.7254587,45.7119547],[6.7254621,45.711972],[6.7254554,45.7119837],[6.7254453,45.7119935],[6.7254212,45.7119949],[6.725393,45.7119827],[6.7253575,45.7119771],[6.7253092,45.7119748],[6.7252783,45.7119842],[6.7252381,45.7120005],[6.7251731,45.7120366],[6.7251382,45.7120563],[6.7251268,45.7120853],[6.7251161,45.7121195],[6.725098,45.7121424],[6.7250685,45.7121611],[6.7249987,45.7121686],[6.7249516,45.7121849],[6.7249136,45.7122056],[6.7248753,45.7122173],[6.7248304,45.712222],[6.7248103,45.712229],[6.7248043,45.7122421],[6.724819,45.7122651],[6.7248405,45.7122876],[6.7248673,45.7123185],[6.724876,45.7123405],[6.7248894,45.7123868],[6.7249069,45.7124088],[6.7249216,45.7124379],[6.724935,45.712465],[6.7249565,45.7125015],[6.7249652,45.712539],[6.7249625,45.7125591],[6.7249538,45.7125718],[6.7249404,45.7125779],[6.7249095,45.712569],[6.7248599,45.7125507],[6.7247895,45.7125353],[6.7247446,45.7125231],[6.7247144,45.712517],[6.7246883,45.7125161],[6.7246614,45.7125212],[6.7246212,45.7125418],[6.7245709,45.7125779],[6.7245434,45.7126041],[6.724528,45.712627],[6.7245206,45.71265],[6.7245253,45.7126738],[6.7245501,45.7127038],[6.7245917,45.7127469],[6.7246279,45.7127843],[6.72465,45.7128185],[6.7246715,45.7128452],[6.7247003,45.7128696],[6.7247231,45.7128902],[6.7247895,45.7129379],[6.7248479,45.7130002],[6.7248666,45.7130236],[6.7248666,45.7130391],[6.7248398,45.7130629],[6.7247955,45.7130887],[6.7247513,45.713121],[6.7246896,45.7131496],[6.7246346,45.7131683],[6.7245863,45.7131931],[6.7245495,45.7132156],[6.7245246,45.7132409],[6.7245079,45.7132722],[6.7244938,45.7133101],[6.7244536,45.7133663],[6.7244274,45.7134029],[6.724406,45.7134342],[6.724408,45.7134515],[6.7244247,45.7134647],[6.7244495,45.7134693],[6.7244844,45.7134604],[6.72453,45.7134422],[6.7246125,45.7134113],[6.7246856,45.7133897],[6.7247292,45.7133794],[6.7247707,45.7133794],[6.7247888,45.7133874],[6.7247895,45.7134038],[6.7247459,45.7134459],[6.7247117,45.7134759],[6.7246883,45.7134923],[6.7246849,45.7135063],[6.7246997,45.7135171],[6.724709,45.7135157],[6.7247285,45.7135077],[6.7247667,45.7134988],[6.7247949,45.7134988],[6.7248344,45.7135143],[6.7248827,45.7135433],[6.7249471,45.7135761],[6.7250148,45.7136112],[6.725039,45.7136187],[6.7250819,45.7136206],[6.7251342,45.7136098],[6.7251771,45.7135953],[6.7252053,45.7135841],[6.7252388,45.713577],[6.7252656,45.7135794],[6.7252763,45.7136004],[6.7252723,45.7136276],[6.7252716,45.713658],[6.725281,45.7137095],[6.7252891,45.7137695],[6.7253052,45.7138397],[6.7253266,45.7139174],[6.7253306,45.7139624],[6.7253186,45.713983],[6.7252913,45.7139946],[6.7252327,45.7139933],[6.7251952,45.7140008],[6.7251993,45.7140278],[6.7252408,45.7140677],[6.7252797,45.7140991],[6.7253065,45.7141393],[6.7252991,45.7141576],[6.7252643,45.7141651],[6.7252126,45.7141632],[6.7251503,45.7141651],[6.7251161,45.7141763],[6.7251107,45.7141974],[6.7251234,45.7142203],[6.7251798,45.7142672],[6.725214,45.7143102],[6.7252207,45.7143341],[6.7252153,45.7143505],[6.7252039,45.7143599],[6.7251885,45.714366],[6.7251684,45.7143688],[6.7251342,45.7143772],[6.7251087,45.7143969],[6.7250946,45.7144147],[6.725102,45.7144324],[6.7251181,45.7144535],[6.7251429,45.7144746],[6.725153,45.7144952],[6.7251402,45.714513],[6.7251161,45.7145284],[6.725098,45.7145495],[6.7250986,45.7145696],[6.7251194,45.7145921],[6.7251523,45.7146057],[6.7251865,45.7146141],[6.725216,45.7146361],[6.7252502,45.7146633],[6.725281,45.7147068],[6.7253166,45.7147499],[6.7253714,45.7147929],[6.7254111,45.7148145],[6.7254319,45.7148267],[6.725444,45.7148365],[6.7254413,45.7148515],[6.7254272,45.7148665],[6.7253977,45.7148782],[6.7252965,45.7149006],[6.725224,45.714925],[6.7252086,45.7149339],[6.7251918,45.7149479],[6.7251818,45.714961],[6.7251851,45.714976],[6.7252012,45.7149877],[6.725224,45.7149948],[6.7252542,45.7150013],[6.7253045,45.7150252],[6.7253454,45.7150533],[6.7254051,45.7150818],[6.7254446,45.7151001],[6.7254862,45.7151198],[6.725507,45.7151361],[6.7255352,45.7151563],[6.7255493,45.7151769],[6.7255566,45.7151994],[6.7255459,45.715226],[6.7255365,45.7152443],[6.725513,45.715278],[6.7254923,45.7153183],[6.7254755,45.715351],[6.7254601,45.7153894],[6.7254507,45.7154358],[6.725442,45.7154737],[6.7254312,45.7154999],[6.7254091,45.7155355],[6.7253856,45.7155748],[6.7253709,45.7156226],[6.7253655,45.7156474],[6.7253709,45.7156685],[6.725389,45.715683],[6.7254104,45.7156891],[6.7254366,45.7156816],[6.7254607,45.7156647],[6.7255077,45.715639],[6.725564,45.7156151],[6.7256062,45.715609],[6.7256438,45.71561],[6.725678,45.715617],[6.7257062,45.7156287],[6.7257162,45.7156455],[6.7257196,45.715675],[6.7257243,45.7157055],[6.7257404,45.7157336],[6.7257605,45.7157865],[6.7257611,45.7158075],[6.7257658,45.7158398],[6.7257598,45.715875],[6.7257497,45.7159068],[6.7257444,45.7159545],[6.7257343,45.716007],[6.7257229,45.7160547],[6.7257189,45.7160908],[6.7257196,45.716132],[6.7257196,45.7161751],[6.7257115,45.7162135],[6.7256954,45.7162523],[6.725674,45.7162893],[6.7256659,45.7163338],[6.7256693,45.7163853],[6.7256787,45.7164284],[6.7257008,45.7164794],[6.7257256,45.7165398],[6.725741,45.7166002],[6.7257451,45.7166404],[6.725743,45.7166845],[6.7257424,45.7167374],[6.7257464,45.7167903],[6.7257544,45.7168161],[6.7257665,45.7168497],[6.7257826,45.7168965],[6.7258027,45.71697],[6.7258168,45.7170398],[6.7258235,45.7170768],[6.725845,45.7171068],[6.7258772,45.7171269],[6.7259167,45.7171405],[6.7259563,45.7171583],[6.7259918,45.7171812],[6.7260099,45.7172102],[6.726018,45.7172542],[6.726028,45.7173043],[6.7260441,45.7173352],[6.726073,45.7173699],[6.7260904,45.7173853],[6.7260991,45.717405],[6.7260904,45.7174237],[6.7260672,45.7174317],[6.7260186,45.7174378],[6.7259891,45.717441],[6.7259576,45.7174392],[6.7259268,45.7174303],[6.7258966,45.7174279],[6.7258751,45.7174396],[6.7258658,45.7174546],[6.7258678,45.7174663],[6.7258825,45.7174785],[6.7259113,45.7174935],[6.7259368,45.717508],[6.7259516,45.7175239],[6.7259563,45.717544],[6.7259476,45.7175539],[6.725914,45.7175679],[6.7258637,45.7175707],[6.725792,45.7175628],[6.7257424,45.7175623],[6.7256894,45.7175614],[6.7256478,45.7175674],[6.7256217,45.7175838],[6.725617,45.7176049],[6.7256264,45.7176236],[6.725655,45.7176395],[6.7256807,45.7176517],[6.7257155,45.7176686],[6.7257605,45.7176957],[6.7258,45.7177262],[6.7258396,45.7177589],[6.7258785,45.7177814],[6.7259227,45.717794],[6.7259449,45.7178043],[6.7259596,45.717817],[6.7259616,45.7178324],[6.7259549,45.7178465],[6.7259261,45.7178591],[6.7258725,45.7178671],[6.7258094,45.7178741],[6.7257571,45.7178764],[6.7257149,45.7178746],[6.7256686,45.7178769],[6.7256371,45.7178821],[6.7256277,45.7178984],[6.7256337,45.717913],[6.7256492,45.7179317],[6.7256606,45.7179588],[6.7256586,45.7179958],[6.7256498,45.7180319],[6.7256083,45.7180993],[6.7255412,45.7182098],[6.7254969,45.7182917],[6.7254661,45.7183554],[6.7254433,45.7184111],[6.7254332,45.7184654],[6.7254272,45.7185267],[6.7254272,45.7185801],[6.7254299,45.7186316],[6.7254231,45.7186739],[6.7254104,45.7187093],[6.725395,45.7187229],[6.7253662,45.7187276],[6.7253374,45.7187271],[6.725283,45.7187196],[6.7252234,45.7187088],[6.7251603,45.7186985],[6.725104,45.7186976],[6.7250349,45.718707],[6.7249686,45.7187243],[6.724927,45.718744],[6.7248988,45.7187599],[6.7248613,45.718787],[6.7248331,45.7188006],[6.7248097,45.7188033],[6.7248016,45.7188053],[6.7247681,45.7187978],[6.7247171,45.7187889],[6.7246614,45.7187913],[6.724585,45.7187983],[6.7244972,45.7188132],[6.7244328,45.7188287],[6.7243711,45.7188512],[6.7243208,45.7188788],[6.7242799,45.7188933],[6.7242149,45.7189144],[6.7241351,45.7189368],[6.7240526,45.7189593],[6.7239647,45.7189926],[6.7239151,45.7190127],[6.7238782,45.719038],[6.7238554,45.7190693],[6.7238253,45.7191152],[6.7237877,45.719155],[6.7237468,45.7191967],[6.7236891,45.7192547],[6.7236288,45.71931],[6.7235906,45.719354],[6.7235416,45.7194209],[6.7235242,45.7194542],[6.7235101,45.7194785],[6.723496,45.7194935],[6.7234491,45.7195075],[6.723378,45.71953],[6.7232982,45.7195572],[6.7231849,45.7195904],[6.7230769,45.7196264],[6.7230179,45.7196484],[6.7229716,45.7196737],[6.7229455,45.719699],[6.722916,45.7197341],[6.7228932,45.7197524],[6.7228664,45.719765],[6.7228281,45.7197655],[6.7227886,45.7197641],[6.7227551,45.7197603],[6.7227229,45.7197519],[6.7226035,45.7197032],[6.7225921,45.7196859],[6.7225794,45.7196672],[6.7225599,45.7196573],[6.7225371,45.7196573],[6.722517,45.7196723],[6.7224942,45.7197037],[6.7224761,45.7197365],[6.722462,45.7197533],[6.722403,45.7198011],[6.7223675,45.7198198],[6.7223226,45.7198362],[6.7222877,45.719854],[6.7222562,45.7198816],[6.722226,45.7199186],[6.7221938,45.7199602],[6.7221656,45.7199949],[6.7221207,45.720038],[6.7220724,45.7200792],[6.7220087,45.720125],[6.721941,45.7201648],[6.72189,45.7201878],[6.7218465,45.7202013],[6.7218022,45.7202154],[6.721762,45.7202346],[6.7217358,45.7202594],[6.7217097,45.7202912],[6.7216976,45.7203184],[6.7216916,45.7203465],[6.7216896,45.7203802],[6.7216782,45.7204055],[6.7216567,45.7204387],[6.7216264,45.720467],[6.721599,45.7204836],[6.7215722,45.7205],[6.721534,45.7205127],[6.7214683,45.7205197],[6.7213777,45.720515],[6.7213261,45.720508],[6.7212785,45.7204982],[6.7212322,45.7204869],[6.7212021,45.7204785],[6.7211692,45.7204724],[6.7211417,45.7204747],[6.7211135,45.7204888],[6.7211015,45.7205047],[6.7211015,45.7205239],[6.7211068,45.7205393],[6.7211283,45.7205656],[6.7211605,45.7205983],[6.721198,45.7206442],[6.7212275,45.7206849],[6.7212275,45.7207041],[6.7212161,45.7207229],[6.721196,45.7207463],[6.7211685,45.7207687],[6.7211384,45.720801],[6.7211189,45.7208357],[6.7210968,45.7208638],[6.7210572,45.7208827],[6.7209996,45.7208923],[6.720958,45.7208994],[6.7209117,45.7209153],[6.7208661,45.7209377],[6.7208118,45.720964],[6.7207689,45.7209836],[6.7207132,45.720993],[6.7206603,45.7209953],[6.7206254,45.7209874],[6.7205878,45.7209729],[6.7205396,45.720927],[6.7205241,45.7208984],[6.7205027,45.7208858],[6.7204712,45.7208872],[6.720445,45.7208951],[6.7204235,45.7209106],[6.7204135,45.7209373],[6.7204034,45.7209836],[6.7203954,45.721037],[6.720382,45.7210904],[6.7203659,45.7211573],[6.7203538,45.721206],[6.7203464,45.7212486],[6.7203263,45.7212659],[6.7202948,45.7212753],[6.720266,45.7212757],[6.7202385,45.721287],[6.7202197,45.7213076],[6.7202063,45.7213324],[6.7201949,45.7213605],[6.7201788,45.7213731],[6.72015,45.7213759],[6.7201178,45.7213609],[6.7200762,45.7213399],[6.7200413,45.7213258],[6.7200045,45.7213188],[6.7199615,45.7213207],[6.7199367,45.7213329],[6.7199206,45.7213497],[6.7199287,45.7213703],[6.7199475,45.7214003],[6.7199414,45.7214176],[6.719932,45.721426],[6.7199045,45.721426],[6.7198797,45.7214181],[6.7198489,45.7214143],[6.7198214,45.721427],[6.7198087,45.721449],[6.7198019,45.7214752],[6.7197872,45.7214953],[6.7197637,45.7215112],[6.7197242,45.7215243],[6.7196833,45.7215365],[6.7196544,45.7215571],[6.7196377,45.721581],[6.7196095,45.7215917],[6.7195639,45.7215922],[6.719527,45.7215782],[6.7194955,45.7215651],[6.7194553,45.721551],[6.7194103,45.7215449],[6.7193607,45.7215445],[6.7192957,45.721552],[6.7192159,45.7215758],[6.7191495,45.7216044],[6.7190845,45.7216404],[6.7190087,45.7216961],[6.7189718,45.7217313],[6.7189396,45.7217724],[6.7189161,45.7218118],[6.7188967,45.721853],[6.7188759,45.7219143],[6.7188571,45.7219588],[6.7188209,45.7220098],[6.7187747,45.7220678],[6.7187304,45.7221362],[6.7186942,45.7221708],[6.718664,45.7221863],[6.7186258,45.7221952],[6.7185782,45.7221924],[6.7185373,45.7221746],[6.718489,45.7221456],[6.7184548,45.7221175],[6.7184313,45.7221011],[6.7184018,45.7220959],[6.7183676,45.7221048],[6.7183294,45.7221081],[6.7182905,45.7220992],[6.7182443,45.7220894],[6.7181926,45.7220824],[6.7181423,45.7220739],[6.7180464,45.7220529],[6.7179606,45.722029],[6.7179009,45.722014],[6.7178446,45.7220107],[6.717791,45.7220248],[6.7177279,45.7220463],[6.7176783,45.7220664],[6.717632,45.7220894],[6.7175918,45.7221179],[6.717563,45.7221582],[6.7175616,45.7221928],[6.7175402,45.7222237],[6.7175026,45.722249],[6.7174751,45.7222776],[6.7174269,45.722337],[6.7173779,45.7223937],[6.7173209,45.7224634],[6.717288,45.7225098],[6.7172565,45.7225683],[6.7172331,45.7226118],[6.7171895,45.7226778],[6.7171103,45.7229507],[6.7171258,45.7230678],[6.7171285,45.7231235],[6.7171217,45.7231989],[6.717115,45.7232606],[6.7170902,45.7233196],[6.7170748,45.7234048],[6.7170715,45.7234713],[6.7170721,45.7235373],[6.7170896,45.7235748],[6.7170956,45.723645],[6.7171238,45.7237475],[6.7171439,45.7237775],[6.7171707,45.7238599],[6.7171627,45.7239432],[6.7171821,45.7240045],[6.71717,45.7240541],[6.7171244,45.7240953],[6.7170654,45.7241534],[6.7170118,45.7242002],[6.7169769,45.724261],[6.7169742,45.7243116],[6.7168857,45.7244061],[6.7168247,45.7244834],[6.716757,45.7245897],[6.7167167,45.7246683],[6.7166805,45.724761],[6.7166604,45.7248303],[6.7166604,45.7249258],[6.716647,45.7250063],[6.7165571,45.725039],[6.7164941,45.7250671],[6.7163935,45.7251205],[6.7162769,45.7251785],[6.7162004,45.7252048],[6.7160676,45.7252684],[6.7160515,45.7253003],[6.7160583,45.7253302],[6.7160784,45.7253517],[6.7161025,45.7253873],[6.7161146,45.7254173],[6.7161092,45.7254444],[6.7160743,45.7254538],[6.7159912,45.7254678],[6.7158376,45.7254985],[6.7158011,45.7255093],[6.7157686,45.7255189],[6.7157391,45.7255273],[6.71572,45.7255261],[6.7156951,45.7255179],[6.715669,45.7255093],[6.7156485,45.7255072],[6.7156217,45.725509],[6.7155966,45.7255144],[6.7155667,45.7255235],[6.7155299,45.7255266],[6.715491,45.7255219],[6.7154437,45.7255111],[6.7154035,45.7254908],[6.7153632,45.7254727],[6.715318,45.7254571],[6.7152838,45.7254498],[6.7152305,45.7254327],[6.7151597,45.7254074],[6.7151269,45.7254],[6.7150762,45.7253922],[6.7150206,45.7253873],[6.7149575,45.7253845],[6.7149099,45.7253789],[6.7148653,45.7253766],[6.7148214,45.7253769],[6.714775,45.7253787],[6.7147349,45.7253714],[6.7147145,45.7253688],[6.7146843,45.7253637],[6.7146504,45.7253611],[6.7146253,45.725362],[6.7146005,45.7253698],[6.7145824,45.725381],[6.7145676,45.7253962],[6.7145636,45.7254107],[6.7145334,45.7254351],[6.7145227,45.7254472],[6.7145207,45.7254594],[6.71452,45.7254749],[6.7145099,45.7254833],[6.7144858,45.7254922],[6.7144449,45.725502],[6.7143919,45.7255128],[6.7143356,45.7255184],[6.7142692,45.7255212],[6.7142223,45.7255184],[6.7141928,45.7255217],[6.7141613,45.7255306],[6.7141358,45.7255329],[6.7140942,45.7255352],[6.7140473,45.7255366],[6.7140003,45.7255381],[6.7139675,45.7255423],[6.7139326,45.725539],[6.7139071,45.7255278],[6.7138776,45.72551],[6.7138461,45.7255015],[6.7138186,45.7254973],[6.7137878,45.7254908],[6.713765,45.7254926],[6.7137469,45.7255029],[6.7137227,45.7255212],[6.7136999,45.7255292],[6.7136751,45.7255427],[6.7136624,45.7255549],[6.7136617,45.7255694],[6.7136463,45.7255825],[6.7136168,45.7255975],[6.7136074,45.7256162],[6.7135779,45.7256247],[6.7135034,45.7256354],[6.7134753,45.7256438],[6.7133848,45.7256593],[6.7132936,45.7256612],[6.7132721,45.725671],[6.7131937,45.7256888],[6.7131414,45.7257159],[6.7130662,45.7257506],[6.7128966,45.7257805],[6.712845,45.7257918],[6.712796,45.7258081],[6.712735,45.7258339],[6.7127135,45.7258442],[6.7127021,45.7258578],[6.7126874,45.7258798],[6.7126814,45.7259018],[6.7126706,45.7259275],[6.7126646,45.7259556],[6.7126512,45.7260034],[6.7126371,45.726052],[6.7126156,45.7260974],[6.7126002,45.7261325],[6.7125875,45.7261583],[6.7125613,45.7261775],[6.7125278,45.7261915],[6.7124842,45.7261948],[6.7124252,45.7261953],[6.7123789,45.7262004],[6.7123233,45.7262117],[6.7122857,45.7262252],[6.7122582,45.726244],[6.7122549,45.7262622],[6.7122643,45.7262847],[6.7122804,45.7263198],[6.7123058,45.7263577],[6.7123162,45.7263963],[6.7123199,45.726434],[6.7123166,45.7264602],[6.7123055,45.7264811],[6.712281,45.7265005],[6.7122478,45.7265215],[6.7122264,45.7265358],[6.7122247,45.7265499],[6.7122274,45.7265719],[6.7122368,45.7265995],[6.7122361,45.726617],[6.7122143,45.7266341],[6.7121825,45.7266542],[6.7121426,45.7266674],[6.712102,45.7266816],[6.7120577,45.7267011],[6.7120195,45.7267245],[6.7119769,45.7267455],[6.7119404,45.7267715],[6.7118821,45.7268049],[6.7117874,45.7268566],[6.7116296,45.726914],[6.7114914,45.7269726],[6.7114255,45.7269557],[6.7113774,45.7270162],[6.7113135,45.7270658],[6.71125,45.7272757],[6.7112221,45.7274198],[6.7110833,45.727557],[6.7109415,45.7278756],[6.710832,45.7279208],[6.7107603,45.7280117],[6.7105219,45.7280361],[6.7103902,45.7280864],[6.7103452,45.728165],[6.7103409,45.7282535],[6.7102616,45.7283445],[6.7102473,45.7284179],[6.7103098,45.728671],[6.7102382,45.7288066],[6.7102221,45.7288748],[6.7102644,45.7293696],[6.7102576,45.7294058],[6.7101552,45.7294525],[6.7100337,45.7295601],[6.7098421,45.7296422],[6.709713,45.7297673],[6.7094068,45.7298771],[6.7093715,45.7299457],[6.7093558,45.7300881],[6.7092958,45.7301277],[6.7092376,45.7301082],[6.7092,45.7301775],[6.7090213,45.7304688],[6.7090631,45.7305466],[6.7090106,45.7305932],[6.7090047,45.7306591],[6.7090039,45.7306678],[6.7089695,45.7307304],[6.7088862,45.7307707],[6.7088611,45.7307829],[6.7088416,45.7308571],[6.708807,45.730862],[6.7087579,45.7308306],[6.7086717,45.7308365],[6.7085332,45.7309073],[6.7084967,45.731005],[6.7085079,45.7312792],[6.7083321,45.7314671],[6.7083196,45.7315885],[6.7083563,45.7316561],[6.7082861,45.7321286],[6.7083073,45.7322634],[6.7082857,45.7323491],[6.7082493,45.7323614],[6.7082777,45.7324516],[6.7082982,45.7324923],[6.708356,45.732607],[6.7084489,45.7328638],[6.7084481,45.7329018],[6.7084474,45.7329381],[6.7084786,45.7329738],[6.7086438,45.7331402],[6.7086495,45.733321],[6.7086211,45.7333596],[6.7086347,45.7333921],[6.7086155,45.7334478],[6.7085848,45.7335331],[6.7085436,45.7335702],[6.7085293,45.7336494],[6.7085005,45.7336759],[6.7084766,45.7337192],[6.7084401,45.7338381],[6.7084043,45.7339032],[6.7082573,45.7340411],[6.7082133,45.7340772],[6.7081249,45.7341109],[6.708058,45.7341775],[6.7080143,45.7341991],[6.7078369,45.7342846],[6.7078239,45.7343018],[6.7077635,45.7343046],[6.7077266,45.7343168],[6.707675,45.734335],[6.7076039,45.7343505],[6.7075396,45.7343575],[6.7074691,45.734364],[6.707386,45.7343987],[6.7073344,45.7344296],[6.7072653,45.7344801],[6.707213,45.7345077],[6.7071929,45.7345307],[6.707158,45.7345938],[6.7070695,45.7346739],[6.7070319,45.7347225],[6.7069729,45.7347595],[6.7069106,45.7347965],[6.7068744,45.7348269],[6.7068341,45.73487],[6.7067832,45.7349009],[6.7067188,45.7349369],[6.7066048,45.735009],[6.7066059,45.7350482],[6.7066833,45.7351429],[6.7067187,45.7352238],[6.7067718,45.7353695],[6.7068564,45.7355393],[6.7070165,45.735755],[6.7073502,45.736008],[6.7077371,45.7365426],[6.7077536,45.7366455],[6.7077205,45.7367786],[6.7076948,45.7370135],[6.7076143,45.737199],[6.7076698,45.737299],[6.7078185,45.7374525],[6.7078579,45.7375274],[6.7078334,45.7375769],[6.7077871,45.7376157],[6.7078153,45.7376722],[6.707891,45.7377193],[6.708124,45.7378522],[6.7081999,45.7378769],[6.7082772,45.7378648],[6.7083683,45.7377377],[6.7084681,45.7375958],[6.7085862,45.7375212],[6.708705,45.7373781],[6.7087899,45.737397],[6.7091363,45.737687],[6.709224,45.7377226],[6.7092414,45.7378012],[6.7093554,45.7377937],[6.7093673,45.7378829],[6.7094882,45.7378733],[6.7094995,45.7379717],[6.7096478,45.7380109],[6.7096793,45.7380781],[6.7097792,45.7381382],[6.7098665,45.7380963],[6.7099752,45.7381422],[6.7099479,45.7382865],[6.7102483,45.7384662],[6.7105246,45.7386009],[6.7106935,45.7386646],[6.7109107,45.7387339],[6.7113855,45.7390203],[6.7117396,45.7392],[6.7119008,45.739355],[6.7119679,45.739501],[6.712043,45.7395159],[6.7121503,45.7394317],[6.7122487,45.7394473],[6.7123039,45.7396122],[6.7125877,45.7398764],[6.7127954,45.7400092],[6.7129637,45.7402106],[6.7131803,45.7404799],[6.7134675,45.7405576],[6.7136021,45.7406314],[6.7136067,45.740787],[6.7137051,45.7409017],[6.7137937,45.741121],[6.7140405,45.7415304],[6.7144996,45.7419476],[6.7145911,45.7421554],[6.7147807,45.742361],[6.7151069,45.7426126],[6.7153729,45.7427623],[6.7154674,45.7428881],[6.7155543,45.7431847],[6.715595,45.7436651],[6.7157265,45.7439194],[6.7158249,45.7440064],[6.7159738,45.7441819],[6.7159892,45.7443922],[6.7159885,45.7444633],[6.7159899,45.7445186],[6.7159972,45.7445551],[6.7160039,45.744593],[6.716008,45.7446267],[6.716012,45.7446608],[6.7160254,45.7446884],[6.7160603,45.7447245],[6.7160958,45.7447544],[6.7161468,45.7447848],[6.7162071,45.7448073],[6.7162393,45.7448185],[6.7162614,45.7448265],[6.7163084,45.7448592],[6.716354,45.7448798],[6.7164049,45.7449009],[6.7164559,45.7449149],[6.7164807,45.7449369],[6.7165062,45.7449692],[6.7165343,45.7449926],[6.7165759,45.7450099],[6.7166101,45.7450338],[6.7166376,45.7450534],[6.7166926,45.7450838],[6.7167201,45.7451072],[6.7167248,45.7451297],[6.7167469,45.7451465],[6.7167711,45.7451517],[6.7167865,45.7451695],[6.7167898,45.7451877],[6.7167871,45.7452013],[6.7167731,45.7452181],[6.7167536,45.7452312],[6.7167456,45.7452415],[6.7167523,45.7452504],[6.7167684,45.7452565],[6.7168006,45.7452603],[6.7168334,45.7452663],[6.7168622,45.745271],[6.7168804,45.7452682],[6.7169005,45.7452607],[6.7169233,45.7452556],[6.7169414,45.7452607],[6.7169447,45.7452794],[6.7169501,45.7452916],[6.7169729,45.7453033],[6.7169964,45.7453056],[6.7170178,45.7453122],[6.7170198,45.7453272],[6.7170238,45.7453393],[6.7170379,45.7453482],[6.7170487,45.7453618],[6.7170312,45.7453768],[6.7170245,45.7453946],[6.7170332,45.7454147],[6.7170252,45.7454282],[6.7170131,45.7454404],[6.7169997,45.745454],[6.7170212,45.7454704],[6.7170413,45.745476],[6.7170527,45.7454863],[6.7170366,45.7454984],[6.7170225,45.7455153],[6.7170259,45.7455317],[6.7170399,45.7455565],[6.7170627,45.7455944],[6.7170936,45.7456426],[6.7171224,45.7456781],[6.7171439,45.7457212],[6.7171546,45.7457638],[6.7171714,45.7457998],[6.7171948,45.7458321],[6.717217,45.7458648],[6.7172451,45.7459041],[6.717272,45.7459318],[6.7173041,45.7459481],[6.7173176,45.7459645],[6.7173538,45.7459907],[6.717398,45.746037],[6.7174362,45.7460604],[6.7174657,45.7460721],[6.7174966,45.7460946],[6.7175053,45.746111],[6.7175127,45.7461278],[6.7175335,45.7461405],[6.717561,45.7461484],[6.7175724,45.7461587],[6.7175851,45.7461807],[6.7176092,45.7462125],[6.7176535,45.7462537],[6.717685,45.7462841],[6.7177065,45.7463],[6.7177413,45.7463201],[6.7177849,45.746352],[6.7178218,45.7463716],[6.7178587,45.7463866],[6.7178895,45.7464072],[6.717911,45.7464371],[6.7179358,45.7464661],[6.7179539,45.7464867],[6.7179666,45.7465199],[6.7179928,45.7465396],[6.7180303,45.7465607],[6.7180632,45.7465756],[6.7181041,45.7465855],[6.7181443,45.7465869],[6.7181712,45.7465934],[6.7181799,45.7466051],[6.7181705,45.7466191],[6.7181443,45.7466323],[6.7181135,45.74665],[6.718088,45.7466566],[6.7180438,45.7466561],[6.7180102,45.7466505],[6.717964,45.746643],[6.7179103,45.7466449],[6.7178708,45.7466477],[6.7178252,45.7466472],[6.7177916,45.7466346],[6.717748,45.7466145],[6.7177179,45.7466056],[6.7176656,45.7465981],[6.7175878,45.7465794],[6.7175368,45.7465784],[6.7174885,45.7465845],[6.717449,45.7465831],[6.7174121,45.7465719],[6.7173625,45.746556],[6.7173001,45.7465541],[6.7172659,45.7465658],[6.7172351,45.7465822],[6.7172049,45.746607],[6.7171734,45.7466337],[6.7171331,45.7466613],[6.7170862,45.746673],[6.7170332,45.7466903],[6.7169836,45.7467006],[6.7169353,45.7467076],[6.7169011,45.7467099],[6.7168529,45.7467254],[6.7168093,45.7467413],[6.716769,45.7467563],[6.7167503,45.7467726],[6.7167228,45.7467974],[6.7166778,45.7468274],[6.7166423,45.7468489],[6.7166094,45.7468564],[6.7165665,45.7468625],[6.7165411,45.7468779],[6.7165069,45.746899],[6.7164579,45.7469111],[6.7164123,45.7469154],[6.7163748,45.7469139],[6.7163345,45.7469097],[6.7162829,45.7469135],[6.7162377,45.7469199],[6.7162071,45.7469224],[6.7161776,45.7469331],[6.716128,45.7469547],[6.7160891,45.7469823],[6.7160663,45.7469926],[6.7160287,45.747001],[6.7159838,45.7470108],[6.7159577,45.7470253],[6.7159349,45.7470431],[6.7158967,45.7470557],[6.7158584,45.7470539],[6.7158108,45.7470585],[6.7157511,45.7470815],[6.7156137,45.7471357],[6.7155708,45.7471535],[6.7155198,45.7471722],[6.7154869,45.7471746],[6.7154507,45.7471736],[6.7154306,45.7471727],[6.7154071,45.7471797],[6.7153803,45.7472031],[6.7153575,45.7472172],[6.7153354,45.7472242],[6.7153119,45.7472251],[6.7152905,45.7472265],[6.7152784,45.7472392],[6.7152683,45.7472644],[6.7152496,45.7472883],[6.7152335,45.7473075],[6.7152046,45.7473295],[6.7151852,45.7473618],[6.7151885,45.7473894],[6.7151845,45.7474174],[6.7151597,45.7474722],[6.7151269,45.7475134],[6.7150906,45.7475583],[6.7150591,45.7475765],[6.7150209,45.7476027],[6.7150149,45.747628],[6.7150182,45.7476416],[6.7150062,45.7476495],[6.714986,45.7476491],[6.7149874,45.7476598],[6.7150008,45.7476748],[6.7149974,45.7476987],[6.7149787,45.7477244],[6.7149632,45.7477375],[6.7149344,45.7477403],[6.7149089,45.7477394],[6.7148922,45.7477295],[6.7148761,45.7477061],[6.7148675,45.7476789],[6.7147867,45.7476815],[6.7147648,45.7477047],[6.7147413,45.7477394],[6.7146977,45.7477684],[6.714642,45.7477946],[6.7145978,45.7478044],[6.7145623,45.7478208],[6.7145441,45.7478521],[6.7145415,45.7478914],[6.7145234,45.7479326],[6.7144985,45.7479696],[6.7144597,45.7480229],[6.7144006,45.7480978],[6.714347,45.7481745],[6.7143101,45.7482391],[6.7142907,45.7482957],[6.7142746,45.7483865],[6.7142605,45.7484506],[6.714237,45.7484993],[6.7142156,45.7485367],[6.7141908,45.7485685],[6.7141485,45.7486083],[6.7140969,45.7486509],[6.7140245,45.7487061],[6.7139185,45.7487805],[6.7138313,45.7488446],[6.7137864,45.7488745],[6.7137261,45.7489096],[6.7136483,45.7489555],[6.7135665,45.748999],[6.7135034,45.7490374],[6.7134458,45.7490771],[6.7133304,45.7491618],[6.7132533,45.7492171],[6.7132131,45.7492386],[6.7131601,45.7492615],[6.7130864,45.7492891],[6.7129871,45.7493308],[6.7128899,45.7493677],[6.7128041,45.7493986],[6.7127229,45.7494229],[6.7126116,45.749451],[6.7124507,45.7494861],[6.7123789,45.7495062],[6.7123206,45.7495287],[6.7122696,45.7495554],[6.7122307,45.7495825],[6.7121986,45.7496124],[6.7121697,45.7496471],[6.7121389,45.7496892],[6.7121107,45.7497313],[6.7120846,45.7497617],[6.7120571,45.7497846],[6.7120195,45.7498062],[6.7119659,45.7498239],[6.7118888,45.7498455],[6.7118298,45.7498703],[6.7117842,45.7498908],[6.7117412,45.7499175],[6.7116822,45.7499507],[6.7115984,45.7499896],[6.7115374,45.75002],[6.7114864,45.7500588],[6.7114375,45.7500916],[6.7113342,45.7501234],[6.7112611,45.7501407],[6.7111431,45.7501564],[6.7109942,45.7501845],[6.7109443,45.7501962],[6.7109044,45.7502123],[6.7108762,45.7502333],[6.710845,45.7502645],[6.7108132,45.7502965],[6.7107817,45.7503211],[6.7107445,45.75034],[6.7106972,45.7503604],[6.7106191,45.7503878],[6.7105262,45.7504198],[6.7104779,45.7504425],[6.7104357,45.7504701],[6.7104065,45.7504949],[6.7103743,45.750534],[6.7103451,45.7505796],[6.7103207,45.750625],[6.7102999,45.7506807],[6.7102865,45.7507368],[6.7102654,45.7508121],[6.7102536,45.7508449],[6.7102322,45.7508819],[6.7101843,45.7509386],[6.7101245,45.7509979],[6.7100233,45.7510798],[6.7099871,45.7511079],[6.7099603,45.7511397],[6.7099294,45.7511874],[6.7099133,45.7512122],[6.7098932,45.7512262],[6.7098691,45.7512389],[6.709808,45.75128],[6.7097886,45.7513011],[6.7097792,45.7513217],[6.7097691,45.7513839],[6.7097423,45.7514499],[6.7097209,45.7515018],[6.70969,45.7515355],[6.7096739,45.7515556],[6.7096531,45.7515715],[6.7096273,45.7515835],[6.7096079,45.7515893],[6.7095992,45.7515989],[6.7095955,45.7516136],[6.7095995,45.7516253],[6.7095901,45.7516469],[6.7095908,45.7516686],[6.7095914,45.7516866],[6.709579,45.7517079],[6.7095606,45.7517266],[6.7095435,45.7517442],[6.7095375,45.751773],[6.7095385,45.7517884],[6.7095345,45.7518109],[6.709516,45.7518609],[6.7095217,45.7518965],[6.709522,45.7519168],[6.7095157,45.7519208],[6.7095066,45.7519201],[6.7094959,45.7519164],[6.7094855,45.7519206],[6.7094858,45.7519306],[6.7094926,45.7519349],[6.7095254,45.7519604],[6.7095472,45.7519896],[6.7095399,45.7520168],[6.7095345,45.7520357],[6.7095391,45.7520624],[6.7095385,45.7521148],[6.7095358,45.7521339],[6.7095237,45.7521662],[6.7094748,45.752206],[6.7094473,45.7522247],[6.7094362,45.7522399],[6.7094439,45.752253],[6.7094402,45.7522621],[6.7094278,45.7522624],[6.7094111,45.7522551],[6.709396,45.7522528],[6.7093883,45.752261],[6.7093836,45.7522806],[6.7093869,45.7523019],[6.7093853,45.7523239],[6.7093641,45.752348],[6.7093514,45.7523667],[6.7093156,45.7523829],[6.7093159,45.7523988],[6.7093366,45.752402],[6.70935,45.7524236],[6.7093621,45.7524437],[6.7093487,45.7524587],[6.7093266,45.7524596],[6.7093091,45.7524572],[6.7092904,45.7524549],[6.7092783,45.7524657],[6.7092877,45.7524746],[6.7093138,45.7524858],[6.7093266,45.7525031],[6.7093259,45.7525265],[6.7093411,45.7525404],[6.7093675,45.7525709],[6.7093735,45.7525953],[6.7093775,45.7526243],[6.7093722,45.7526552],[6.7093849,45.7526856],[6.7093923,45.7527094],[6.7094104,45.752737],[6.7094178,45.7527576],[6.7094225,45.752782],[6.7094332,45.7527988],[6.7094158,45.7528156],[6.7094158,45.752833],[6.7094399,45.7528559],[6.7094466,45.7528643],[6.7094332,45.7528709],[6.7094057,45.7528662],[6.7093916,45.7528676],[6.7093916,45.7528821],[6.7094017,45.7528938],[6.7094278,45.7529045],[6.7094547,45.752919],[6.7094694,45.752938],[6.7094117,45.7529523],[6.7093856,45.7529527],[6.7093842,45.7529724],[6.7093962,45.7529958],[6.7093925,45.7530029],[6.709361,45.7530196],[6.7092994,45.7530818],[6.7092945,45.7531124],[6.7092683,45.7531713],[6.7092633,45.7532193],[6.7092254,45.7532373],[6.7091257,45.753226],[6.7090908,45.7532444],[6.7090353,45.7532682],[6.7089971,45.7532914],[6.7090261,45.7533367],[6.709047,45.7533679],[6.7090083,45.7534335],[6.7089987,45.7535076],[6.7089706,45.7535407],[6.708913,45.75355],[6.7089065,45.7535725],[6.7088745,45.753593],[6.7088194,45.7535842],[6.7087757,45.7535977],[6.7087234,45.7536407],[6.7087093,45.7537349],[6.708711,45.7537931],[6.7086727,45.753821],[6.7086298,45.7538314],[6.7085804,45.753866],[6.7085614,45.7539035],[6.7084984,45.7539302],[6.7084282,45.7539429],[6.7083971,45.753984],[6.70834,45.7539992],[6.7082962,45.7540551],[6.7082563,45.7540705],[6.7082393,45.7540987],[6.7081723,45.7541346],[6.7081374,45.754214],[6.7080334,45.7543604],[6.7079479,45.7544027],[6.7079,45.7544515],[6.7078829,45.7544766],[6.7078668,45.7545154],[6.707854,45.7545926],[6.7078587,45.7546357],[6.7078695,45.754674],[6.7078802,45.7547054],[6.7078828,45.7547446],[6.7078795,45.754759],[6.7078909,45.7548088],[6.7079211,45.7548719],[6.7079379,45.7548991],[6.7079667,45.7549234],[6.7079865,45.7549379],[6.7079982,45.7549571],[6.7080016,45.7549819],[6.7080043,45.7550011],[6.7080116,45.7550184],[6.7080316,45.7550422],[6.7080492,45.7550572],[6.7080539,45.7550717],[6.7080505,45.75509],[6.7080626,45.7551073],[6.7080874,45.7551382],[6.7081317,45.7551737],[6.7081491,45.7551957],[6.7081565,45.7552186],[6.7081524,45.7552472],[6.7081477,45.7552701],[6.7081518,45.7553019],[6.7081638,45.7553211],[6.7081819,45.7553548],[6.708196,45.755381],[6.708192,45.7554119],[6.7081712,45.7554502],[6.7081377,45.755497],[6.7081136,45.7555246],[6.7080874,45.755541],[6.7080626,45.7555541],[6.7080559,45.7555723],[6.7080592,45.7555934],[6.7080807,45.7556308],[6.7081189,45.755664],[6.7081511,45.7556991],[6.7081933,45.7557511],[6.7082403,45.7558123],[6.7082644,45.7558432],[6.708298,45.7558741],[6.7083355,45.7559064],[6.7083952,45.7559593],[6.708538,45.7560809],[6.7086044,45.7561324],[6.7086761,45.7561965],[6.7087613,45.7562587],[6.708823,45.7563013],[6.7089055,45.7563466],[6.7090195,45.756407],[6.7091227,45.7564514],[6.7092521,45.7565001],[6.7094057,45.756567],[6.7094788,45.7565824],[6.709521,45.7565937],[6.7095847,45.7566161],[6.7096981,45.7566456],[6.7097571,45.7566685],[6.7098134,45.7566957],[6.7098389,45.7567144],[6.7098577,45.7567275],[6.7098858,45.756734],[6.709918,45.7567415],[6.7099348,45.7567518],[6.709967,45.7567939],[6.7099958,45.7568379],[6.7100514,45.7568477],[6.7101306,45.7568482],[6.7101688,45.7568538],[6.7101938,45.7568681],[6.7102043,45.7568968],[6.7102104,45.7569619],[6.7102654,45.7569782],[6.710311,45.7569974],[6.7103519,45.7570199],[6.7103981,45.7570536],[6.710435,45.7570882],[6.710498,45.7571462],[6.7105523,45.757192],[6.7105839,45.7572233],[6.7106087,45.7572603],[6.7106402,45.757309],[6.7106523,45.757338],[6.7106603,45.7573708],[6.7106737,45.7573965],[6.7107012,45.757433],[6.7107978,45.7575275],[6.7109098,45.7576253],[6.7109426,45.7576585],[6.7109811,45.7577072],[6.7110519,45.7577979],[6.7110821,45.7578428],[6.7110928,45.7578685],[6.7111009,45.7579074],[6.7110908,45.7579382],[6.7110747,45.7579621],[6.7110479,45.7579841],[6.711013,45.7580037],[6.7109728,45.7580145],[6.7109056,45.758025],[6.7107783,45.7580503],[6.7107589,45.7580725],[6.7107408,45.7581057],[6.7107294,45.7581371],[6.7107186,45.7581867],[6.7107173,45.7582405],[6.7107267,45.7582887],[6.7107468,45.7583378],[6.7107723,45.7583963],[6.7107924,45.7584557],[6.7107971,45.7584931],[6.7107891,45.7585216],[6.7107723,45.7585497],[6.7107388,45.7585876],[6.7107173,45.758611],[6.7107005,45.7586409],[6.7106952,45.7586657],[6.7106925,45.758698],[6.7106818,45.7587368],[6.7106684,45.7587612],[6.7106456,45.7587827],[6.7106221,45.7587977],[6.7105282,45.7588445],[6.7104691,45.7588767],[6.7104489,45.7589073],[6.71044,45.7589798],[6.7105159,45.7591347],[6.7105812,45.7592299],[6.7106723,45.7593437],[6.7108217,45.759489],[6.7110986,45.759885],[6.7112016,45.7600826],[6.7112437,45.7601852],[6.7112278,45.7602702],[6.7109675,45.7607476],[6.7109554,45.7609697],[6.7109939,45.7611122],[6.7110593,45.7612045],[6.711193,45.7613461],[6.7112562,45.7614542],[6.7112874,45.7615557],[6.7113397,45.7618584],[6.7113451,45.761948],[6.7113537,45.7621211],[6.7115246,45.7625025],[6.7116994,45.7628191],[6.7117756,45.7629338],[6.7119269,45.763336],[6.7119808,45.7635606],[6.7121158,45.7637902],[6.7122037,45.7639676],[6.712263,45.7641137],[6.712323,45.7642286],[6.7123487,45.7643256],[6.71237,45.7645709],[6.7124085,45.7646588],[6.7125513,45.7648776],[6.7126837,45.7653354],[6.7127766,45.7655591],[6.7129979,45.7662579],[6.7131151,45.7666757],[6.7131635,45.7668092],[6.7132063,45.7668551],[6.7138623,45.7675972],[6.7140456,45.7678272],[6.714232,45.7682462],[6.7144717,45.7686389],[6.7146558,45.7691196],[6.7147018,45.7692419],[6.714769,45.7696063],[6.7148088,45.7699242],[6.7148406,45.7700411],[6.7148871,45.7701163],[6.7150928,45.7703687],[6.7151085,45.7703914],[6.7151841,45.7705009],[6.7153109,45.7707235],[6.7153666,45.7708632],[6.7154402,45.7713165],[6.7154512,45.7713841],[6.7155025,45.7714341],[6.7155774,45.7714666],[6.7156455,45.7715163],[6.7157064,45.7716009],[6.7157356,45.7716817],[6.7157934,45.7719509],[6.7157653,45.7721509],[6.7157116,45.7725279],[6.7157034,45.7727141],[6.7157334,45.7728657],[6.7158058,45.7731183],[6.715892,45.7733027],[6.7159335,45.7734131],[6.7159563,45.7734997],[6.7159604,45.7735731],[6.7159476,45.7736404],[6.7159355,45.7737003],[6.7159369,45.7737892],[6.7159463,45.7738897],[6.7159483,45.7739552],[6.7159425,45.774049],[6.7158639,45.7743768],[6.715824,45.7745016],[6.7158359,45.7746661],[6.7158265,45.775088],[6.7157299,45.7753054],[6.7154951,45.7755792],[6.715232,45.775739],[6.7151273,45.7758358],[6.715094,45.7759705],[6.7150839,45.776011],[6.7149838,45.7762176],[6.7148823,45.7765037],[6.7149095,45.776739],[6.7148408,45.7768827],[6.7145318,45.777194],[6.7142604,45.7778797],[6.7142776,45.7780056],[6.7143202,45.7780905],[6.714362,45.7781332],[6.7145318,45.7782116],[6.7146742,45.7782989],[6.7148187,45.7784637],[6.7148839,45.7787136],[6.7149132,45.7792661],[6.7147837,45.7794631],[6.7146759,45.7796109],[6.7146882,45.7797154],[6.7148837,45.7798937],[6.7149867,45.7801691],[6.7150592,45.7805468],[6.7151813,45.7810002],[6.715226,45.7811154],[6.7153436,45.7812486],[6.7154201,45.7813685],[6.715453,45.7814384],[6.7154775,45.7815448],[6.7154405,45.7816722],[6.7153855,45.7817441],[6.7152261,45.7819538],[6.7151072,45.7822106],[6.7150811,45.7823236],[6.7150714,45.7824905],[6.7150853,45.7826419],[6.7149827,45.7827696],[6.7148263,45.7828528],[6.7146587,45.7829677],[6.7145033,45.7830849],[6.7143713,45.7831574],[6.714135,45.7832363],[6.713962,45.7833708],[6.713563,45.7835551],[6.7132596,45.783772],[6.713137,45.7838928],[6.713087,45.7840395],[6.7130657,45.7842162],[6.71295,45.7843683],[6.712866,45.7844209],[6.7127737,45.7844633],[6.7127341,45.7845177],[6.712708,45.7846389],[6.7126409,45.7847721],[6.7126067,45.784946],[6.7126086,45.7850821],[6.7127141,45.7854058],[6.712751,45.7855491],[6.7127593,45.7857314],[6.7127998,45.7858466],[6.712872,45.7859432],[6.7128927,45.7860355],[6.7128755,45.7861764],[6.7128548,45.7863197],[6.7128866,45.7864739],[6.7129686,45.7866309],[6.7130112,45.7867655],[6.7131633,45.786891],[6.7132309,45.7871022],[6.7133077,45.7873301],[6.7134246,45.7874852],[6.7135324,45.7876116],[6.7136022,45.7877563],[6.7137157,45.7879895],[6.7138348,45.7881313],[6.7139538,45.7883389],[6.714035,45.7884347],[6.7141322,45.7886891],[6.714245,45.7888974],[6.7143094,45.7891066],[6.714416,45.7892738],[6.7145323,45.7895104],[6.7146404,45.7897482],[6.7148634,45.7899969],[6.7151831,45.7904591],[6.7153375,45.7906504],[6.7155036,45.7909092],[6.715666,45.7911638],[6.7157443,45.7912499],[6.7157784,45.7912989],[6.7158286,45.7913479],[6.7159812,45.7914752],[6.7160233,45.7914934],[6.7160526,45.7915114],[6.7160735,45.7915242],[6.7161091,45.7915745],[6.7161472,45.791641],[6.716195,45.7916812],[6.7162688,45.7917307],[6.7163439,45.7917681],[6.7164311,45.7918224],[6.7165826,45.7919308],[6.7167127,45.7920468],[6.7168482,45.7921787],[6.7169327,45.7922656],[6.717099,45.7924265],[6.7172371,45.7925686],[6.7173135,45.7926537],[6.7173806,45.7927107],[6.7174409,45.7927547],[6.7175455,45.7928164],[6.7177185,45.7929136],[6.7178178,45.7929772],[6.7179358,45.7930679],[6.7180203,45.7931446],[6.718137,45.7932531],[6.7182241,45.793341],[6.7183623,45.7934943],[6.718428,45.7935691],[6.7184776,45.7936337],[6.7185004,45.793687],[6.7185085,45.7937281],[6.7184991,45.7937795],[6.7184843,45.7938235],[6.7184468,45.7938702],[6.7183918,45.7939189],[6.718314,45.7940002],[6.7182389,45.7940797],[6.7181933,45.7941377],[6.718137,45.794191],[6.718088,45.7942162],[6.7182134,45.7942667],[6.7182845,45.7943134],[6.7183515,45.7943677],[6.7183958,45.7944462],[6.7184307,45.7945182],[6.7184763,45.7946538],[6.7185098,45.7947398],[6.7185473,45.7948044],[6.7185996,45.794853],[6.7186533,45.7948838],[6.7187172,45.7949143],[6.7190011,45.7950663],[6.7190823,45.7951628],[6.7191779,45.795246],[6.7192796,45.7952719],[6.7193292,45.7953364],[6.719403,45.795414],[6.7195089,45.7955328],[6.7195331,45.7955702],[6.7195585,45.7956169],[6.7196015,45.7956655],[6.7196779,45.79576],[6.7197959,45.7958984],[6.7198952,45.796019],[6.7199635,45.7960957],[6.7200896,45.7962116],[6.7202076,45.7963229],[6.7202827,45.7964014],[6.7203498,45.7964818],[6.7204343,45.796594],[6.7205026,45.7966958],[6.7205483,45.7967549],[6.7206019,45.7968138],[6.7206435,45.7968643],[6.7206971,45.7969419],[6.720732,45.7970045],[6.7207696,45.7970821],[6.7208192,45.7971578],[6.7208594,45.7972111],[6.7210364,45.7973953],[6.7211283,45.7975015],[6.7213325,45.7976948],[6.7213921,45.7977512],[6.721758,45.7981049],[6.7219782,45.7983006],[6.7223158,45.7986071],[6.7224526,45.7987361],[6.722855,45.7991569],[6.7229147,45.7992153],[6.7229804,45.7992681],[6.7230561,45.7993247],[6.7231534,45.7993902],[6.7232177,45.7994257],[6.7232982,45.7994598],[6.7233981,45.7994916],[6.7234585,45.7995098],[6.7235329,45.7995341],[6.7236013,45.7995613],[6.7236469,45.7995772],[6.7236831,45.7995949],[6.7237294,45.7996155],[6.7237649,45.7996276],[6.7238092,45.7996342],[6.7238367,45.7996342],[6.7238561,45.7996749],[6.7239044,45.7997501],[6.7239507,45.7998198],[6.7240103,45.7999156],[6.7240432,45.7999727],[6.724064,45.8000175],[6.7240841,45.8000633],[6.7241029,45.8001237],[6.7241163,45.8001854],[6.7241257,45.8002461],[6.7241317,45.8003064],[6.7241366,45.800435],[6.7241424,45.8005565],[6.7241513,45.8005833],[6.7241968,45.800733],[6.7242336,45.8008236],[6.7242664,45.8009047],[6.7243207,45.8010805],[6.7244194,45.8014082],[6.7244653,45.8015842],[6.7244868,45.8016546],[6.7245133,45.8017639],[6.7245154,45.8018568],[6.7245353,45.8020757],[6.7245477,45.8021366],[6.7245824,45.8023069],[6.7246011,45.8024936],[6.7246817,45.8027601],[6.7247157,45.802904],[6.7246261,45.8030488],[6.7244973,45.8031967],[6.7244011,45.8034409],[6.7244489,45.8035577],[6.7247597,45.8039764],[6.7248366,45.8042183],[6.7248518,45.8043133],[6.7248546,45.8046272],[6.7248978,45.8049349],[6.724986,45.8052461],[6.7251381,45.8056056],[6.7253656,45.8059309],[6.7255168,45.8062369],[6.7256483,45.8064799],[6.7257566,45.8066402],[6.7258144,45.8067257],[6.7259399,45.8069143],[6.725955,45.8070316],[6.7259815,45.8070585],[6.7260614,45.807138],[6.7260844,45.8071775],[6.7261636,45.8073136],[6.7261961,45.8073695],[6.7265946,45.8080127],[6.7267074,45.8081728],[6.7268401,45.8083017],[6.7269487,45.8084256],[6.7270741,45.8085471],[6.7274778,45.8088882],[6.7274133,45.8089421],[6.7272817,45.8091081],[6.7271628,45.8093719],[6.7270351,45.8095548],[6.727119,45.8097388],[6.7272233,45.8099636],[6.7272685,45.8100609],[6.7273148,45.8102129],[6.7273388,45.8103798],[6.7273926,45.8105032],[6.7274387,45.8105736],[6.7274985,45.8107018],[6.7275131,45.8108086],[6.7275046,45.8109654],[6.7274838,45.8110154],[6.7272211,45.8109853],[6.7271269,45.8109774],[6.727117,45.8110477],[6.72711,45.8111109],[6.7270017,45.8113383],[6.7269274,45.811454],[6.726885,45.811617],[6.7268843,45.8117296],[6.7268676,45.8118338],[6.7268515,45.8119194],[6.7268414,45.8120217],[6.7267992,45.8121222],[6.7267945,45.8122403],[6.7268182,45.812334],[6.726809,45.8125506],[6.7267985,45.8126723],[6.7267884,45.8127597],[6.7268293,45.8128649],[6.7268668,45.8130111],[6.7268676,45.8130659],[6.7268818,45.8132598],[6.7268676,45.8133397],[6.7268582,45.813422],[6.726879,45.8134949],[6.7268897,45.813543],[6.7268682,45.8136683],[6.7268612,45.8137652],[6.7268347,45.8138613],[6.7267929,45.8139626],[6.7267147,45.8140558],[6.7266456,45.8141245],[6.72659,45.8141626],[6.7264753,45.8142348],[6.7264022,45.8142857],[6.7263566,45.8143198],[6.7262768,45.8143983],[6.7262205,45.8144703],[6.7261943,45.8145152],[6.7261688,45.8146199],[6.7261382,45.8148235],[6.7261588,45.8150482],[6.7261615,45.8153348],[6.7261899,45.8156642],[6.7262332,45.8157672],[6.7262755,45.8158495],[6.7263532,45.8159757],[6.7264283,45.8160771],[6.7264806,45.8161369],[6.7265785,45.8162472],[6.7266389,45.8163224],[6.7267139,45.8164016],[6.7268675,45.8163599],[6.726956,45.8163412],[6.7269862,45.8164425],[6.7270219,45.8165031],[6.727056,45.8165374],[6.7271022,45.816558],[6.7272885,45.8166991],[6.7273472,45.8167356],[6.7274693,45.8168381],[6.7275229,45.8169393],[6.7275733,45.8170437],[6.7275996,45.81714],[6.7275876,45.8173652],[6.7275392,45.8176062],[6.7274811,45.8177764],[6.7274537,45.8178764],[6.7274382,45.8179577],[6.7273541,45.8183012],[6.7272323,45.8187202],[6.7271756,45.8188371],[6.7271349,45.8191185],[6.7271254,45.8193064],[6.7271001,45.8194254],[6.727094,45.8194826],[6.7270525,45.8196316],[6.7269693,45.8197883],[6.726903,45.8199167],[6.7266527,45.820291],[6.7265892,45.8203754],[6.7264877,45.8205452],[6.7263476,45.8206614],[6.7261775,45.820784],[6.7259743,45.8210539],[6.7259601,45.8210903],[6.7259303,45.8212082],[6.7259006,45.8213324],[6.7258224,45.8215254],[6.7256807,45.8217667],[6.7255408,45.8220021],[6.7254024,45.8223094],[6.7253683,45.8224542],[6.7253944,45.8225994],[6.7253935,45.8227468],[6.7255544,45.823009],[6.7256967,45.823304],[6.7256604,45.8236103],[6.7256559,45.8238003],[6.7256777,45.8240202],[6.7258006,45.8241474],[6.7259168,45.8243528],[6.7259953,45.8244834],[6.7260985,45.8246312],[6.7261707,45.8250595],[6.7260956,45.8255703],[6.7260823,45.8258739],[6.7258942,45.8259969],[6.7257869,45.8260817],[6.7257809,45.8263083],[6.7258339,45.8264437],[6.7257706,45.8266894],[6.725677,45.8268977],[6.7256906,45.8271005],[6.725656,45.8271522],[6.7256311,45.8271862],[6.7256465,45.8272477],[6.7256633,45.8273121],[6.7256984,45.8273717],[6.725802,45.8275142],[6.7258469,45.8275766],[6.7258539,45.8276157],[6.725823,45.8276313],[6.7257779,45.8276229],[6.7256261,45.8275843],[6.725608,45.8276912],[6.7256676,45.8277323],[6.7257058,45.8278742],[6.7257695,45.8279717],[6.7258543,45.8280929],[6.7259901,45.8281994],[6.7263294,45.8284477],[6.7264722,45.8285925],[6.7265115,45.8288308],[6.7265111,45.828931],[6.726388,45.8288295],[6.7264458,45.829084],[6.7264031,45.8291889],[6.7263047,45.8291889],[6.7263433,45.8290151],[6.7262769,45.8290854],[6.7261989,45.8292495],[6.7261744,45.8294619],[6.7263225,45.8295827],[6.7263907,45.8296571],[6.7264545,45.8297346],[6.726453,45.829776],[6.7264159,45.8298329],[6.7263329,45.8299579],[6.7263314,45.8300034],[6.7263462,45.8300593],[6.7263566,45.8301626],[6.7263062,45.8302722],[6.7262335,45.8303704],[6.7262068,45.8304593],[6.7262014,45.8306011],[6.7261934,45.8306681],[6.7261355,45.8307943],[6.7260945,45.8310264],[6.7260491,45.8313858],[6.7261248,45.8315527],[6.7262047,45.8316491],[6.7263201,45.8318139],[6.7263506,45.8318814],[6.7263633,45.8319761],[6.7263568,45.8320434],[6.7263681,45.8321526],[6.7263056,45.8322712],[6.7263302,45.8323903],[6.7264822,45.8326059],[6.7266712,45.8328129],[6.7266954,45.8330021],[6.72643,45.8330142],[6.7263434,45.8330296],[6.7262897,45.8330392],[6.7261381,45.8331107],[6.72598,45.8331963],[6.725888,45.8332911],[6.7258438,45.8333867],[6.725761,45.8336537],[6.7257372,45.8337201],[6.7257153,45.8337813],[6.7256393,45.8338376],[6.725575,45.8338667],[6.7255642,45.833941],[6.7254512,45.8342216],[6.7254008,45.834317],[6.7253519,45.8343805],[6.7254117,45.8344661],[6.7254319,45.8345229],[6.7254881,45.8346972],[6.7255569,45.8350141],[6.7255522,45.8351127],[6.7254021,45.8355838],[6.7251691,45.8362632],[6.7250803,45.8365488],[6.7249896,45.8369359],[6.7249061,45.8372304],[6.7248113,45.8374516],[6.7247787,45.837562],[6.7247708,45.8376897],[6.7247689,45.8377205],[6.7247844,45.8377365],[6.7248807,45.8378361],[6.7251554,45.8379357],[6.7252459,45.8379904],[6.72526,45.8380485],[6.7251661,45.8381642],[6.7251612,45.8382657],[6.7251656,45.8383457],[6.7251598,45.8384074],[6.7251495,45.83845],[6.7251226,45.8384855],[6.7250837,45.8385126],[6.7249481,45.8385994],[6.7248034,45.8386654],[6.7246937,45.8386988],[6.7245461,45.8387294],[6.7244433,45.8387523],[6.7243466,45.8387662],[6.7242787,45.8387794],[6.7242458,45.8387975],[6.7242229,45.8388225],[6.7242294,45.8388635],[6.7242628,45.838892],[6.7243216,45.8389149],[6.7244274,45.8389441],[6.7245042,45.8389629],[6.7246059,45.8389761],[6.7247755,45.8389983],[6.7249187,45.8390094],[6.7250924,45.8390167],[6.7251576,45.8390328],[6.7252153,45.839083],[6.7252638,45.8391542],[6.7252674,45.8392401],[6.7252431,45.8393401],[6.7252094,45.8393906],[6.7251775,45.8394302],[6.7250857,45.839516],[6.7250563,45.8395518],[6.7250328,45.8395942],[6.7250204,45.8396411],[6.7250149,45.839697],[6.7250259,45.8397843],[6.7250308,45.839851],[6.7250313,45.8399403],[6.7250403,45.8399635],[6.7250418,45.8400021],[6.7250363,45.8400459],[6.7250398,45.8400845],[6.7250548,45.8401199],[6.7250877,45.8401491],[6.7251421,45.8401901],[6.7251999,45.8402304],[6.7252533,45.8402714],[6.7253061,45.8403416],[6.7254059,45.8404958],[6.7254803,45.8406285],[6.7255834,45.8407926],[6.7256094,45.8408516],[6.7256114,45.8409051],[6.7256054,45.8409538],[6.7255814,45.841042],[6.7255555,45.8411331],[6.7255445,45.8412005],[6.7255416,45.8412783],[6.7255445,45.8413763],[6.7255535,45.8414812],[6.7255711,45.8415562],[6.7256024,45.8416341],[6.7256573,45.841723],[6.7257171,45.8417939],[6.725751,45.8418439],[6.725778,45.841903],[6.7258119,45.8420284],[6.7258348,45.8421156],[6.7258707,45.8422094],[6.7259026,45.842322],[6.7259395,45.842438],[6.7259725,45.8425763],[6.7260094,45.8426861],[6.7260331,45.8427749],[6.7260665,45.8428614],[6.7261098,45.8429363],[6.7261592,45.8430317],[6.726187,45.843102],[6.7262282,45.843173],[6.7262714,45.8432257],[6.7264361,45.8433634],[6.726465,45.8433842],[6.7265077,45.8434104],[6.7265309,45.8434262],[6.7265499,45.8434488],[6.7265777,45.843495],[6.7265798,45.8435413],[6.726571,45.8436141],[6.7265489,45.8437037],[6.7265375,45.8437571],[6.7265361,45.8437722],[6.7265538,45.843814],[6.7266024,45.8438848],[6.7266529,45.8439479],[6.7266926,45.8439895],[6.7267315,45.8440248],[6.7267844,45.844075],[6.7269607,45.844205],[6.7270188,45.8442362],[6.7270886,45.8442602],[6.7271459,45.8442679],[6.7271966,45.8442633],[6.7272338,45.8442428],[6.7274603,45.8439942],[6.7274942,45.8439426],[6.7275327,45.8438985],[6.727593,45.8438175],[6.727638,45.8437304],[6.7276896,45.8435936],[6.7277038,45.8434935],[6.7276923,45.8434102],[6.7276934,45.8433768],[6.7276989,45.8433516],[6.727709,45.8433269],[6.7277236,45.8433084],[6.7277425,45.8432943],[6.7277732,45.8432847],[6.7278157,45.8432819],[6.7278865,45.8432857],[6.7280049,45.8432941],[6.7281085,45.8433036],[6.7282364,45.8433129],[6.7283865,45.8433208],[6.7285097,45.8433363],[6.7286493,45.8433568],[6.7287407,45.8433929],[6.7288103,45.8434258],[6.7288744,45.8434705],[6.7289265,45.8435139],[6.7289834,45.8435738],[6.7290183,45.8436031],[6.7290652,45.8436371],[6.7291189,45.8436601],[6.7291689,45.8436754],[6.7295415,45.8437664],[6.7295816,45.8437743],[6.7296216,45.8437821],[6.7297355,45.8438019],[6.7302519,45.8437915],[6.7303399,45.843833],[6.7303986,45.8438865],[6.730542,45.8440384],[6.7306006,45.8440529],[6.730668,45.8440695],[6.7307294,45.8440851],[6.7308572,45.8441175],[6.7311446,45.8441904],[6.7313849,45.8442336],[6.7314085,45.8442378],[6.7316351,45.8442785],[6.7317175,45.8442861],[6.7318768,45.8443009],[6.7319336,45.8443002],[6.7319585,45.8442993],[6.7320063,45.8442975],[6.7322015,45.8442042],[6.732312,45.8441714],[6.732426,45.8441662],[6.7326039,45.8441877],[6.7328114,45.8442727],[6.7328683,45.8443151],[6.7329339,45.8443552],[6.7331689,45.8447278],[6.7333739,45.8450453],[6.733494,45.8452803],[6.7335435,45.8454184],[6.7335765,45.8455104],[6.733624,45.8457379],[6.7336421,45.8457638],[6.7336753,45.8457809],[6.7340715,45.8458604],[6.7341376,45.8458651],[6.7341721,45.8458591],[6.7342275,45.8458477],[6.7342776,45.8458447],[6.7343356,45.8458537],[6.7343745,45.8458706],[6.734403,45.8459001],[6.7344238,45.8459477],[6.7344393,45.8459814],[6.7344642,45.8459958],[6.7344817,45.845988],[6.7345072,45.8459489],[6.734515,45.845904],[6.7345237,45.8458639],[6.7345409,45.8458338],[6.7345686,45.8458148],[6.7346162,45.8458139],[6.7346836,45.8458242],[6.7347748,45.8458368],[6.7348142,45.8458377],[6.7348462,45.8458275],[6.7348626,45.8458073],[6.7348587,45.8457871],[6.7348228,45.8457432],[6.73478,45.8456944],[6.7347614,45.8456766],[6.7347623,45.845657],[6.7347723,45.8456471],[6.7348004,45.8456474],[6.7348397,45.8456507],[6.7349642,45.8456486],[6.7350057,45.8456525],[6.735049,45.8456519],[6.7350809,45.8456362],[6.7351034,45.84562],[6.7351311,45.8456115],[6.7352746,45.8456344],[6.7353049,45.8456314],[6.7353473,45.8456212],[6.7354303,45.8455899],[6.735464,45.8455881],[6.7355029,45.8455935],[6.7355539,45.8456019],[6.7356188,45.8455947],[6.7356914,45.8455923],[6.7357571,45.8455953],[6.7358082,45.8455911],[6.7358566,45.8455965],[6.7358886,45.8456079],[6.73595,45.8456423],[6.7359854,45.8456555],[6.7360321,45.8456603],[6.7361454,45.8456519],[6.736212,45.8456338],[6.7362526,45.8456079],[6.7362872,45.8455965],[6.7363806,45.8455742],[6.7364273,45.84557],[6.7364705,45.8455772],[6.7365103,45.8455977],[6.7365743,45.8456296],[6.7366305,45.8456471],[6.7367196,45.8456633],[6.7368164,45.8456664],[6.7368475,45.8456724],[6.7368873,45.8456874],[6.7369288,45.8456953],[6.7369746,45.8456983],[6.737062,45.8457001],[6.7370922,45.8456905],[6.7371303,45.8456778],[6.7371839,45.845676],[6.737298,45.8456905],[6.7375626,45.8457031],[6.7378186,45.8457097],[6.7380348,45.8457248],[6.7382129,45.8457603],[6.7384135,45.845782],[6.7385804,45.8458037],[6.7386608,45.8458079],[6.7387213,45.8458212],[6.7388113,45.8458471],[6.7388727,45.8458555],[6.7389297,45.8458513],[6.7389557,45.845841],[6.7390003,45.8458032],[6.7390556,45.8458289],[6.739092,45.8458405],[6.7391199,45.8458464],[6.7391824,45.8458548],[6.7392144,45.8458631],[6.7392334,45.8458808],[6.7392367,45.8459038],[6.7392369,45.8459621],[6.739235,45.8460084],[6.7392296,45.8460254],[6.7392144,45.8460408],[6.7391841,45.8460567],[6.739053,45.8461118],[6.7388786,45.8461701],[6.7384648,45.8462892],[6.7380866,45.8463901],[6.7377363,45.8464745],[6.7376594,45.8465036],[6.7375961,45.8465338],[6.7375541,45.8465671],[6.7375311,45.8466016],[6.737522,45.8466358],[6.7375298,45.8466726],[6.7375937,45.8467572],[6.7376049,45.8467903],[6.7376038,45.8468198],[6.7375854,45.8468496],[6.7375535,45.8468782],[6.7375213,45.8469062],[6.7373808,45.8469812],[6.7373232,45.8470107],[6.7373044,45.8471154],[6.7372106,45.8474302],[6.7371868,45.8474804],[6.7371596,45.8475377],[6.7371136,45.8476003],[6.7370506,45.8476853],[6.7370016,45.8477661],[6.7369572,45.8478677],[6.7369198,45.8479277],[6.7368823,45.8479763],[6.7368353,45.8480099],[6.736773,45.8480398],[6.7366509,45.8480725],[6.7365262,45.848094],[6.7364256,45.848122],[6.7363485,45.8481561],[6.73627,45.8481968],[6.7361145,45.8482939],[6.7360467,45.8483411],[6.7359891,45.8483817],[6.7359542,45.8484168],[6.7359108,45.8484633],[6.7359321,45.8485373],[6.7359401,45.848598],[6.7359354,45.8486522],[6.7359173,45.8487615],[6.7359019,45.8489049],[6.7358838,45.8489936],[6.7358509,45.8491235],[6.7358295,45.8491982],[6.7357483,45.849413],[6.7356585,45.8496251],[6.7354779,45.8500131],[6.7352928,45.8503064],[6.7351882,45.8505699],[6.7351692,45.8506217],[6.7350885,45.8508416],[6.7350648,45.8509062],[6.7350648,45.8511023],[6.735097,45.8513769],[6.7351305,45.8517198],[6.7350889,45.8519935],[6.735038,45.8521037],[6.734928,45.8522475],[6.7346505,45.852453],[6.7345953,45.8524939],[6.7343352,45.8526865],[6.7342894,45.8527149],[6.7342228,45.8527628],[6.734092,45.8528816],[6.7338927,45.8530919],[6.733857,45.8531129],[6.7338088,45.8531449],[6.7337679,45.8531816],[6.7337365,45.8532201],[6.7337131,45.8532613],[6.7336997,45.8533925],[6.7336732,45.8535438],[6.7336482,45.8536385],[6.73385,45.8536875],[6.733899,45.8537034],[6.7339379,45.8537272],[6.733964,45.8537613],[6.7339868,45.8538019],[6.7340431,45.853971],[6.7340793,45.8540887],[6.7341021,45.8541471],[6.7341504,45.8542493],[6.7342228,45.8544128],[6.7342631,45.8545071],[6.7342859,45.8545342],[6.7343161,45.8545487],[6.7343576,45.8545627],[6.7344166,45.8545702],[6.7345119,45.8545814],[6.7346004,45.8545945],[6.7347539,45.8546314],[6.7350731,45.8547257],[6.7352716,45.8547911],[6.735342,45.8548247],[6.7354037,45.8548621],[6.735458,45.8549023],[6.7355244,45.8549644],[6.7355606,45.8550139],[6.7355921,45.8550666],[6.7356142,45.8551119],[6.7356437,45.855196],[6.7356558,45.8553118],[6.7356531,45.8554519],[6.7356572,45.8555211],[6.7356867,45.8556079],[6.7357457,45.8557648],[6.7357698,45.8558358],[6.7357765,45.8558993],[6.7357779,45.8560208],[6.7357805,45.8562253],[6.7357644,45.856456],[6.7357671,45.85664],[6.7357671,45.856782],[6.7357631,45.8568679],[6.7357457,45.8569398],[6.7357041,45.8570445],[6.7356491,45.8571892],[6.735625,45.8572808],[6.7356169,45.8574451],[6.7356049,45.8575927],[6.7355888,45.8576768],[6.7355593,45.8577879],[6.7355445,45.8578748],[6.7355405,45.8579645],[6.7355499,45.858041],[6.7355753,45.8581027],[6.7355888,45.8581447],[6.7355941,45.8582064],[6.7355901,45.858268],[6.7355753,45.8583679],[6.7355378,45.8585585],[6.735511,45.8586762],[6.7355023,45.8587028],[6.7354929,45.8587467],[6.7354713,45.8588854],[6.7354265,45.8591506],[6.7353962,45.8593618],[6.7354091,45.859385],[6.7354116,45.859412],[6.7353414,45.8595098],[6.7352767,45.8596069],[6.7351787,45.8598352],[6.7351865,45.8598637],[6.7352178,45.859888],[6.7352884,45.859923],[6.7353738,45.8599456],[6.7354023,45.859938],[6.7354285,45.8599207],[6.7354667,45.8598707],[6.735521,45.8598161],[6.735572,45.8597708],[6.735633,45.8597343],[6.7357215,45.8596914],[6.7358161,45.859648],[6.7359073,45.8596101],[6.7360736,45.8595518],[6.73615,45.8595242],[6.7361969,45.8595121],[6.7362405,45.8595051],[6.7362995,45.8595009],[6.7363572,45.8595023],[6.736441,45.8595065],[6.736547,45.8595032],[6.7366469,45.8594953],[6.7367079,45.8594873],[6.7367877,45.859471],[6.7369439,45.8594355],[6.737011,45.859414],[6.737074,45.8593818],[6.7371196,45.85935],[6.7371726,45.8593057],[6.7372309,45.859251],[6.7373396,45.8592309],[6.7374888,45.8592237],[6.7378941,45.8592123],[6.7380966,45.8592095],[6.7382053,45.8592169],[6.7383032,45.8592335],[6.7383722,45.859252],[6.7387924,45.8593963],[6.738858,45.8594166],[6.7390052,45.8594518],[6.7390884,45.859477],[6.7391524,45.8595025],[6.7392473,45.859556],[6.7393854,45.859619],[6.7395484,45.859675],[6.7397368,45.8597278],[6.7399836,45.8597796],[6.7401452,45.8598119],[6.7402994,45.8598291],[6.7404389,45.8598366],[6.7406508,45.8598618],[6.7407694,45.8598838],[6.7408801,45.8599127],[6.741079,45.859981],[6.7415136,45.8601292],[6.7419951,45.8602839],[6.742136,45.8603363],[6.7422789,45.8604059],[6.7423459,45.860447],[6.7424016,45.8604974],[6.7426094,45.860662],[6.7427793,45.860785],[6.7429622,45.8608927],[6.7431754,45.860998],[6.7434101,45.861097],[6.7435623,45.8611731],[6.7437319,45.8612693],[6.743913,45.8613576],[6.7441906,45.861478],[6.7442684,45.861507],[6.7443193,45.8615434],[6.7443603,45.8615948],[6.7444186,45.8616718],[6.7444575,45.8617031],[6.7445125,45.8617185],[6.7445628,45.8617225],[6.7446821,45.861726],[6.7447854,45.8617251],[6.7449061,45.8617129],[6.7450026,45.8616877],[6.745057,45.8616569],[6.7451582,45.8615742],[6.7452722,45.861492],[6.7453406,45.8614524],[6.7454211,45.8614201],[6.7455894,45.8613828],[6.7457315,45.8613552],[6.7458348,45.8613529],[6.7459884,45.8613487],[6.746105,45.8613305],[6.746384,45.8612814],[6.7466924,45.8612352],[6.7467937,45.861217],[6.7468668,45.8611913],[6.746962,45.8611297],[6.7470599,45.8610769],[6.7471739,45.8610274],[6.74731,45.8609816],[6.747428,45.8609546],[6.7475514,45.8609387],[6.7477351,45.8609228],[6.7479128,45.8608981],[6.7480101,45.8608915],[6.7481288,45.8608957],[6.7481904,45.8608859],[6.7482541,45.8608509],[6.7482957,45.8608191],[6.7483339,45.8608014],[6.7483774,45.8607978],[6.7484332,45.8608093],[6.7484929,45.8608289],[6.7485318,45.8608612],[6.7485834,45.8609195],[6.7486102,45.8609443],[6.7486551,45.8609611],[6.7487101,45.8609602],[6.7488315,45.8609476],[6.7488825,45.860948],[6.7489254,45.8609616],[6.7489542,45.8609821],[6.7489763,45.8610129],[6.7490132,45.861075],[6.7490836,45.8611493],[6.749154,45.8612231],[6.7491963,45.86126],[6.7492593,45.8612955],[6.7493384,45.8613155],[6.7494202,45.8613272],[6.7495129,45.8613392],[6.7496368,45.8613548],[6.7497104,45.8613681],[6.7499688,45.8614043],[6.7501686,45.8614243],[6.7503195,45.8614365],[6.7504938,45.8614482],[6.7505917,45.8614603],[6.7507111,45.8614864],[6.7508646,45.8615229],[6.7509577,45.8615384],[6.7511503,45.8615579],[6.7513166,45.8615658],[6.7514701,45.8615649],[6.7516378,45.8615518],[6.7518094,45.8615397],[6.7519543,45.8615266],[6.7520991,45.8615084],[6.7522339,45.8614771],[6.7523184,45.861451],[6.7524183,45.8614029],[6.7525437,45.8613496],[6.7526282,45.8613165],[6.7526932,45.8613006],[6.7527489,45.8612987],[6.7528032,45.8613085],[6.7528374,45.8613309],[6.7528622,45.8613585],[6.7529017,45.8614229],[6.7529514,45.861465],[6.7530204,45.8615042],[6.7530868,45.8615336],[6.7531794,45.8615626],[6.7532773,45.8615794],[6.7534147,45.861592],[6.7535824,45.8615836],[6.753699,45.8615901],[6.7537701,45.8616023],[6.7538787,45.8616088],[6.7539954,45.861591],[6.7541912,45.861549],[6.7544112,45.8615238],[6.7545506,45.8615173],[6.7546713,45.8615201],[6.7548175,45.8615415],[6.7549677,45.861578],[6.7551474,45.8616107],[6.7554425,45.8616648],[6.7556986,45.8617087],[6.7559212,45.8617508],[6.7560741,45.8617853],[6.7562565,45.8618077],[6.7563745,45.8618273],[6.7566821,45.8619074],[6.756919,45.8619665],[6.7571054,45.8620328],[6.7572047,45.8620608],[6.757316,45.8620767],[6.7575078,45.8620879],[6.7576902,45.862115],[6.7578498,45.8621327],[6.757947,45.8621491],[6.7579933,45.8621696],[6.7580395,45.8622009],[6.7581099,45.8622378],[6.7582829,45.8622831],[6.7584626,45.8623176],[6.7585614,45.8623229],[6.7586504,45.8623176],[6.7587282,45.8623036],[6.7588153,45.86227],[6.7591386,45.8621533],[6.7592418,45.8621],[6.7593518,45.8620169],[6.7593169,45.8621327],[6.7592727,45.8621962],[6.7592083,45.8622504],[6.7591292,45.8622934],[6.7590822,45.8623279],[6.7590567,45.8623989],[6.7590453,45.8624386],[6.7590286,45.8624661],[6.7590011,45.8624942],[6.7589012,45.8625754],[6.758814,45.8626567],[6.758747,45.8627286],[6.7586946,45.8627771],[6.7586008,45.8627902],[6.7585538,45.8628014],[6.7585337,45.8628332],[6.7585257,45.862864],[6.7584895,45.8628967],[6.7584318,45.8629126],[6.7583688,45.8629247],[6.7582923,45.8629387],[6.758244,45.8629574],[6.7581743,45.8629835],[6.758122,45.8630097],[6.7581005,45.8630442],[6.7581515,45.8630723],[6.7581891,45.8630844],[6.7582353,45.8630909],[6.7582668,45.8630993],[6.7582692,45.8631405],[6.7582494,45.863175],[6.7581764,45.8632099],[6.7581059,45.8632329],[6.7581019,45.8632758],[6.7581291,45.8633221],[6.7581546,45.8633509],[6.7581937,45.8633954],[6.7582313,45.8634365],[6.7582333,45.8634575],[6.7582333,45.8634687],[6.7582072,45.863485],[6.7581401,45.8635061],[6.758067,45.8635229],[6.7579872,45.8635598],[6.7579021,45.8635924],[6.7578176,45.8636149],[6.7577284,45.8636284],[6.7576694,45.8636251],[6.7576177,45.8636265],[6.7575554,45.8636419],[6.7574655,45.8636662],[6.7573898,45.8636802],[6.7572684,45.8636891],[6.7571665,45.8636914],[6.7571182,45.863684],[6.7570813,45.8636774],[6.7569908,45.8637082],[6.7569103,45.8637288],[6.7568386,45.8637377],[6.7567688,45.8637339],[6.7567165,45.863718],[6.7566763,45.8637171],[6.7566233,45.8637255],[6.7565589,45.8637479],[6.7565247,45.8637535],[6.7564718,45.8637526],[6.7563906,45.8637489],[6.7563504,45.8637568],[6.7562652,45.8637797],[6.7561868,45.8638194],[6.7561224,45.863853],[6.7560875,45.8638829],[6.7560191,45.863909],[6.7559192,45.8639669],[6.7558736,45.864015],[6.7558233,45.8640472],[6.7557731,45.8640659],[6.7556302,45.8641168],[6.7555954,45.8641434],[6.7555511,45.8641822],[6.7555357,45.8641981],[6.7555337,45.8642153],[6.755538,45.8642308],[6.75553,45.8642522],[6.7555095,45.8642651],[6.7554931,45.864284],[6.7554881,45.8643043],[6.7554975,45.8643414],[6.7555132,45.8643907],[6.7555142,45.8644259],[6.7555038,45.8644787],[6.7554954,45.8645305],[6.7555021,45.864574],[6.7555162,45.8646155],[6.7555379,45.8646528],[6.7555853,45.8647047],[6.7556363,45.8647556],[6.7556718,45.864799],[6.7556903,45.8648349],[6.7557013,45.8648709],[6.7557026,45.8649111],[6.7556993,45.864941],[6.7557482,45.8649475],[6.7560467,45.8650659],[6.7561764,45.8651373],[6.7562645,45.8651288],[6.7563056,45.8651362],[6.7563571,45.865167],[6.7564134,45.8652174],[6.7564845,45.8653066],[6.7565133,45.8653479],[6.7565408,45.8653874],[6.7565911,45.8654495],[6.7566454,45.8655018],[6.7568147,45.8656439],[6.7568526,45.8656769],[6.7568889,45.8657002],[6.7569365,45.8657198],[6.7569941,45.8657348],[6.7570337,45.8657427],[6.7571142,45.8657581],[6.7571973,45.8657703],[6.7573998,45.8657875],[6.7575004,45.8657903],[6.7576218,45.8657857],[6.7577123,45.865774],[6.757946,45.8657109],[6.7580757,45.865689],[6.7581984,45.8656848],[6.7582702,45.8656848],[6.7583446,45.8656932],[6.7583869,45.8657156],[6.7584512,45.86576],[6.7585136,45.8658235],[6.7585377,45.8658716],[6.7585455,45.8659063],[6.7585579,45.865978],[6.7585558,45.8660471],[6.7585639,45.8660864],[6.7585907,45.8661242],[6.758633,45.8661522],[6.7586946,45.8661816],[6.7587537,45.8661989],[6.7592873,45.8662723],[6.7593907,45.8662988],[6.7595295,45.8663633],[6.7596408,45.8664487],[6.7599727,45.8665907],[6.7601839,45.866643],[6.7604241,45.8666789],[6.7604968,45.8666959],[6.7605401,45.866733],[6.7605587,45.8667574],[6.760561,45.8667932],[6.7604989,45.8669135],[6.7604944,45.8670454],[6.760479,45.867167],[6.7604394,45.8672196],[6.7603207,45.8673882],[6.7602624,45.8674764],[6.7602262,45.8675567],[6.7602114,45.8676583],[6.760196,45.8677622],[6.7602033,45.867816],[6.7602368,45.8678688],[6.7602999,45.8679527],[6.760422,45.868047],[6.7605103,45.8681465],[6.7605679,45.8682211],[6.7606647,45.8683075],[6.760718,45.8683677],[6.7608009,45.8684593],[6.7608438,45.8685236],[6.7609008,45.8686339],[6.7609286,45.8686934],[6.7609707,45.8687907],[6.7610248,45.8689056],[6.761081,45.8689995],[6.7612144,45.8691694],[6.7613738,45.8693459],[6.7616123,45.8694533],[6.7619895,45.8695249],[6.7622309,45.8695843],[6.7622905,45.8696536],[6.7622955,45.869686],[6.7622889,45.8697203],[6.7622695,45.8697329],[6.7622386,45.8697422],[6.7621825,45.8697567],[6.761792,45.8698126],[6.7614208,45.8698805],[6.7612871,45.8699438],[6.7612488,45.8699717],[6.7612278,45.8700063],[6.761226,45.8700507],[6.7612336,45.8700911],[6.7612528,45.8701261],[6.7613102,45.8701777],[6.7613714,45.8702279],[6.7614997,45.8703625],[6.7616964,45.8704683],[6.7617375,45.8705],[6.7617747,45.870533],[6.7618087,45.8705711],[6.7618369,45.8706098],[6.7618576,45.8706532],[6.7618818,45.8707186],[6.7619046,45.8707774],[6.7619629,45.8708815],[6.761981,45.870924],[6.7620213,45.8710323],[6.7620796,45.8712256],[6.7621064,45.8713307],[6.7621044,45.8713587],[6.762091,45.871383],[6.7620769,45.8713947],[6.7620528,45.8714105],[6.7620179,45.8714208],[6.7619683,45.8714241],[6.7619066,45.8714287],[6.7618637,45.8714381],[6.7618053,45.8714553],[6.7617537,45.8714806],[6.7616967,45.8715109],[6.7616504,45.8715473],[6.7616102,45.8715865],[6.7615814,45.8716332],[6.7615499,45.8716865],[6.7615264,45.8717495],[6.761523,45.871827],[6.7615023,45.8718699],[6.7614527,45.8719125],[6.7613906,45.8719453],[6.7613406,45.8719596],[6.7612924,45.8719685],[6.7612132,45.8719731],[6.7611113,45.8719727],[6.7610443,45.8719764],[6.7609688,45.8719909],[6.7609075,45.8720095],[6.7608629,45.8720303],[6.7608304,45.8720684],[6.7607995,45.8721123],[6.760764,45.8721505],[6.7607211,45.872186],[6.7606399,45.8722462],[6.7604421,45.8723812],[6.7603744,45.8724283],[6.7602796,45.8725045],[6.7602275,45.8725539],[6.7601746,45.8726202],[6.7601216,45.8727122],[6.7600834,45.8727813],[6.7600639,45.8728527],[6.7600606,45.8729298],[6.760078,45.8729872],[6.7601142,45.8730399],[6.7601625,45.8730782],[6.7602208,45.8731128],[6.7602973,45.873138],[6.7603918,45.8731595],[6.7604629,45.8731791],[6.7605353,45.8732047],[6.7606017,45.8732451],[6.76072,45.8733396],[6.7607781,45.873391],[6.7608538,45.8734483],[6.7609303,45.8734975],[6.7609831,45.8735278],[6.7610532,45.8735786],[6.7611103,45.873631],[6.7611762,45.87373],[6.7612568,45.8739326],[6.7613252,45.874061],[6.761425,45.8741575],[6.7615006,45.8741835],[6.7616402,45.8741859],[6.7618081,45.8741683],[6.7619563,45.874184],[6.7620864,45.8742205],[6.7621932,45.874269],[6.7622837,45.8743402],[6.7623666,45.8744437],[6.7624586,45.8746155],[6.7624707,45.8746957],[6.7624627,45.8747746],[6.7624227,45.8748434],[6.7622979,45.8749248],[6.7620647,45.8750094],[6.7620345,45.8750283],[6.7620179,45.8750545],[6.7620164,45.8750838],[6.7620302,45.8751093],[6.7620698,45.8751353],[6.7621397,45.8751628],[6.7621867,45.8751953],[6.7621923,45.875216],[6.7621909,45.8752361],[6.762149,45.8753204],[6.7621276,45.8754522],[6.7620497,45.8756163],[6.7619623,45.8757566],[6.7619466,45.8757807],[6.7619245,45.8758002],[6.7618743,45.8758104],[6.7617904,45.8758147],[6.7617109,45.8758024],[6.7613517,45.8757524],[6.7611736,45.8757942],[6.7610427,45.8757933],[6.760918,45.8757825],[6.7608025,45.8757987],[6.760675,45.8758354],[6.7605485,45.8758821],[6.7604016,45.875979],[6.7603623,45.8760464],[6.7603566,45.8761261],[6.7603883,45.8761966],[6.7604256,45.8762475],[6.7604906,45.8762722],[6.7606617,45.8762938],[6.7607649,45.8763233],[6.7608967,45.8763856],[6.7610356,45.876443],[6.7611854,45.8764933],[6.7612677,45.8765526],[6.7613523,45.8766372],[6.7613992,45.8767248],[6.7614103,45.8767925],[6.7614094,45.8768183],[6.7613974,45.8768605],[6.7613843,45.8768658],[6.761333,45.8768761],[6.7611206,45.8769109],[6.7608793,45.8769653],[6.7607814,45.8769979],[6.760682,45.8770307],[6.7604743,45.8771119],[6.7604202,45.8771337],[6.7603415,45.8771613],[6.7602275,45.8772202],[6.7602384,45.8772901],[6.7602393,45.8773311],[6.7602028,45.8774555],[6.7601016,45.8777579],[6.7600507,45.8779386],[6.7600285,45.8780426],[6.7600021,45.878166],[6.7600193,45.8784786],[6.7600223,45.8785335],[6.760076,45.878946],[6.7600855,45.8790388],[6.7600999,45.8791807],[6.7601691,45.8794333],[6.7602696,45.8795712],[6.7603764,45.8796047],[6.760473,45.8795636],[6.7605481,45.8795029],[6.7606504,45.8793845],[6.7606929,45.8793592],[6.7607385,45.8793545],[6.7607781,45.8793694],[6.7608257,45.8794572],[6.7608562,45.8795755],[6.7609222,45.8797308],[6.7610001,45.8800331],[6.7610644,45.8801229],[6.7611155,45.8801973],[6.7610624,45.8802956],[6.7609293,45.8804746],[6.7609022,45.8805488],[6.7608523,45.8806856],[6.760827,45.88088],[6.7607732,45.8810446],[6.760661,45.8811122],[6.7604381,45.8811635],[6.7603233,45.8812109],[6.7600394,45.8813625],[6.75997,45.8814514],[6.7599688,45.8815721],[6.7600486,45.8816944],[6.7601985,45.8818683],[6.7602447,45.8819147],[6.7604163,45.882096],[6.7606191,45.8822688],[6.7607231,45.8823822],[6.7607975,45.8824681],[6.7608471,45.8825549],[6.7608726,45.8826445],[6.7609001,45.882778],[6.7609222,45.8829227],[6.7609343,45.8830591],[6.7609517,45.8831776],[6.7609718,45.8832616],[6.7610134,45.8833597],[6.7610476,45.8834385],[6.7610919,45.8835128],[6.7611442,45.8835805],[6.7612005,45.8836425],[6.7612649,45.8837041],[6.7613406,45.8837648],[6.7614084,45.8838162],[6.7614909,45.8838647],[6.7615921,45.8839086],[6.76169,45.8839417],[6.7617691,45.8839613],[6.7618731,45.8839777],[6.7620065,45.8839889],[6.7621614,45.8839959],[6.7623029,45.8840015],[6.7624008,45.884015],[6.7624866,45.8840398],[6.7625778,45.8840673],[6.7626683,45.884092],[6.7627501,45.884113],[6.7628239,45.8841271],[6.7628682,45.8841252],[6.7629205,45.8841158],[6.7629788,45.8840934],[6.7630459,45.8840664],[6.7631062,45.8840482],[6.7631632,45.8840449],[6.7632189,45.8840519],[6.7632886,45.8840827],[6.7633369,45.8841065],[6.7633751,45.8841191],[6.7634629,45.8841504],[6.7635354,45.8841649],[6.7635677,45.884168],[6.7636125,45.8841723],[6.76365,45.8841882],[6.7636849,45.8842171],[6.7637084,45.8842601],[6.7637191,45.8843021],[6.7637245,45.8843604],[6.7637312,45.8844244],[6.7637452,45.8844855],[6.763768,45.8845336],[6.7638116,45.8846069],[6.7638478,45.8846816],[6.7639149,45.8848552],[6.7639484,45.8849654],[6.7639934,45.8850643],[6.7640483,45.8851297],[6.7640966,45.8851661],[6.7641959,45.8852174],[6.7643206,45.88528],[6.7644171,45.8853453],[6.7645231,45.8854536],[6.7646679,45.8856063],[6.7647719,45.8856973],[6.7648644,45.885764],[6.7649294,45.8858018],[6.7650106,45.885842],[6.7651172,45.8859171],[6.7652352,45.8860198],[6.7653287,45.8860984],[6.7654417,45.8862123],[6.7657054,45.8863939],[6.7657104,45.886393],[6.7658348,45.8864674],[6.7660197,45.8865779],[6.7660536,45.8865906],[6.7661611,45.8866311],[6.7662591,45.8866607],[6.7663228,45.8866659],[6.7664134,45.8866733],[6.7665442,45.8866612],[6.7665934,45.8866566],[6.7667101,45.8866648],[6.7669103,45.8867016],[6.7669733,45.8867139],[6.767035,45.8867078],[6.7670596,45.886683],[6.7670682,45.8866688],[6.7670754,45.8865766],[6.7671265,45.8865032],[6.7671698,45.8864777],[6.7672395,45.8864604],[6.7673092,45.8864558],[6.767381,45.886467],[6.7674655,45.8864973],[6.7675929,45.8865622],[6.7676566,45.8865907],[6.7677189,45.8866056],[6.7677927,45.8866149],[6.7678557,45.8866168],[6.7679288,45.8866117],[6.7679932,45.8866033],[6.7680851,45.8865939],[6.7681992,45.8865898],[6.7684981,45.8865938],[6.7687098,45.8865964],[6.7688976,45.8866001],[6.7689959,45.8866204],[6.7690469,45.8866416],[6.7690884,45.8866723],[6.7691059,45.8867072],[6.7691176,45.8867418],[6.7691414,45.8868035],[6.7691714,45.8868534],[6.7691942,45.8868744],[6.7692329,45.886887],[6.7693149,45.8868903],[6.7693692,45.8868824],[6.7694278,45.8868608],[6.7696279,45.8867662],[6.7697817,45.8866659],[6.7698451,45.8866375],[6.7698891,45.8866288],[6.769935,45.8866358],[6.7699786,45.886659],[6.7700036,45.8866891],[6.7700177,45.8867289],[6.7700323,45.8867973],[6.7700535,45.8868355],[6.7700836,45.8868537],[6.7701254,45.886859],[6.7701558,45.8868555],[6.7701908,45.8868382],[6.7702272,45.8868036],[6.7702752,45.886752],[6.7703127,45.8867339],[6.7703541,45.8867256],[6.7704127,45.8867284],[6.7705852,45.8867508],[6.7707152,45.8867688],[6.7708401,45.8868039],[6.7709154,45.8868137],[6.7709746,45.8868075],[6.7710022,45.8868004],[6.7710249,45.8867805],[6.771042,45.8867557],[6.7710436,45.8867274],[6.7710162,45.8866543],[6.7709886,45.8865743],[6.7709784,45.8864916],[6.7709951,45.8864088],[6.7710467,45.8862708],[6.771071,45.8861687],[6.7710847,45.8860887],[6.7710857,45.8858838],[6.7711083,45.8857856],[6.7711306,45.8857517],[6.7711587,45.885738],[6.771203,45.8857283],[6.7712401,45.8857288],[6.7712847,45.8857427],[6.7713363,45.8857773],[6.7714351,45.8858648],[6.7714842,45.8859028],[6.7715511,45.8859367],[6.7716247,45.8859655],[6.7717113,45.8859835],[6.7719106,45.886001],[6.7720052,45.8859967],[6.7721064,45.8859801],[6.7722216,45.8859517],[6.7723405,45.885942],[6.7723981,45.8859498],[6.7724526,45.8859728],[6.7725155,45.8860155],[6.7725787,45.8860958],[6.7726623,45.8861799],[6.7727151,45.8862204],[6.7727749,45.886244],[6.7728441,45.886257],[6.7729261,45.8862674],[6.772988,45.8862911],[6.7730391,45.8863227],[6.7731219,45.8864062],[6.7732866,45.8866271],[6.7733662,45.8867611],[6.773465,45.8869065],[6.7735085,45.8869519],[6.7735487,45.8869818],[6.7735879,45.8869887],[6.7736366,45.8869757],[6.7736748,45.8869519],[6.7737321,45.8869005],[6.7737847,45.8868134],[6.7738426,45.8866975],[6.7739135,45.8865955],[6.7739872,45.8865149],[6.7740326,45.8864875],[6.7740813,45.8864731],[6.7741311,45.8864745],[6.774194,45.8864979],[6.7742499,45.8865287],[6.774288,45.8865627],[6.77432,45.8866101],[6.774338,45.8866569],[6.7743352,45.8867014],[6.7743081,45.8867445],[6.7742737,45.8867889],[6.7742571,45.8868524],[6.7742469,45.8869339],[6.7742566,45.8869902],[6.7742623,45.8870319],[6.7742581,45.8870774],[6.7742369,45.8871454],[6.7742098,45.8872046],[6.7741868,45.8872636],[6.7741853,45.8873356],[6.774181,45.8875228],[6.7741789,45.8875998],[6.7741842,45.8876806],[6.7741861,45.8877564],[6.7741772,45.8878101],[6.774162,45.8878554],[6.7741365,45.8879148],[6.7741311,45.8879468],[6.7741436,45.8879726],[6.7741778,45.8879933],[6.7742195,45.8880081],[6.7743314,45.8880284],[6.7744227,45.8880339],[6.7745138,45.8880324],[6.7745929,45.8880134],[6.774701,45.8879713],[6.7748339,45.8879076],[6.7749648,45.8878595],[6.7750671,45.8878338],[6.7751724,45.8878286],[6.7752814,45.8878358],[6.7754852,45.8878701],[6.7756321,45.8878794],[6.7758655,45.8880306],[6.7759352,45.8880689],[6.7760747,45.8881295],[6.7761927,45.8881505],[6.776302,45.8881529],[6.7763945,45.8881412],[6.7765515,45.8881179],[6.7766158,45.8880917],[6.7766567,45.8880595],[6.776699,45.8880073],[6.7768371,45.8877868],[6.7768921,45.8877435],[6.7769498,45.8877137],[6.7770041,45.8876941],[6.777049,45.8876917],[6.7771,45.8876997],[6.7771449,45.8877211],[6.7771731,45.8877407],[6.7771912,45.8877697],[6.7771979,45.8877944],[6.7771944,45.8878525],[6.7771756,45.8879161],[6.7770981,45.8880769],[6.7770138,45.8881723],[6.7769973,45.8882219],[6.7769961,45.8882666],[6.7770174,45.8883303],[6.7770581,45.8884112],[6.7770938,45.8884536],[6.7771361,45.8884925],[6.7771718,45.8885142],[6.7772223,45.8885313],[6.77728,45.8885433],[6.7773445,45.8885358],[6.7774076,45.8885058],[6.7774817,45.8884661],[6.7776176,45.8884043],[6.7776763,45.8883891],[6.7777408,45.8883827],[6.7777853,45.88839],[6.7778243,45.8884057],[6.7778579,45.8884358],[6.7778783,45.8884656],[6.7778877,45.8885104],[6.7778877,45.8885502],[6.7778641,45.8886367],[6.7778474,45.888689],[6.7779015,45.8887709],[6.7779267,45.8888359],[6.7779341,45.8889122],[6.7779336,45.8890484],[6.7779417,45.8890827],[6.7779866,45.8891039],[6.7780025,45.8891166],[6.7779987,45.8891382],[6.7779479,45.8891643],[6.7778856,45.8892],[6.7778626,45.889222],[6.777882,45.88924],[6.7779033,45.8892424],[6.7779559,45.8892138],[6.7780277,45.889192],[6.7780798,45.8891702],[6.7781554,45.8891367],[6.7782233,45.8891033],[6.7782699,45.8890753],[6.7783118,45.8890503],[6.7783424,45.8890206],[6.7783688,45.8889766],[6.7783878,45.8889447],[6.7784175,45.8889267],[6.7784396,45.8889287],[6.7784593,45.888949],[6.7787368,45.8891486],[6.7788664,45.8891493],[6.7788255,45.8892317],[6.778772,45.889315],[6.7786618,45.8894335],[6.7785597,45.8895197],[6.7784172,45.8896447],[6.7783088,45.8897513],[6.7782925,45.8897835],[6.7782931,45.8898174],[6.778312,45.8898513],[6.7783563,45.8898778],[6.7783984,45.8898888],[6.7784747,45.8898912],[6.7786395,45.8898699],[6.7790671,45.8897817],[6.779574,45.8896816],[6.7796778,45.8896445],[6.7797504,45.8895797],[6.7798444,45.8893887],[6.7799077,45.8891578],[6.7799124,45.8889418],[6.7799202,45.8889036],[6.7799408,45.8888743],[6.7799854,45.8888581],[6.7800419,45.8888515],[6.7801094,45.8888571],[6.7801893,45.8888961],[6.7802631,45.8889595],[6.7802917,45.8889967],[6.780309,45.8890532],[6.7802993,45.8891347],[6.7802869,45.8892158],[6.7802907,45.889261],[6.7803035,45.8893058],[6.7803674,45.8894939],[6.7803905,45.8895709],[6.7803886,45.8897797],[6.7804177,45.8899938],[6.7803999,45.8900481],[6.7803013,45.8901557],[6.7802644,45.8902477],[6.7802757,45.8903981],[6.7803268,45.8905132],[6.7804845,45.8906468],[6.7805542,45.8907323],[6.7805431,45.8907786],[6.7804896,45.8908165],[6.7803123,45.890854],[6.7802194,45.8908759],[6.7801019,45.8909023],[6.7797748,45.8910347],[6.7796675,45.891126],[6.7795932,45.8912697],[6.7794815,45.8913963],[6.7793222,45.8915447],[6.7790349,45.8916723],[6.7787442,45.8917808],[6.7784317,45.8918881],[6.7782556,45.8919161],[6.7779918,45.8919357],[6.7778892,45.8919563],[6.7777674,45.8920139],[6.7777028,45.8920445],[6.7774009,45.8922297],[6.7774594,45.8922353],[6.77757,45.8921971],[6.7777189,45.8921303],[6.77795,45.8920874],[6.7780954,45.8920835],[6.7784173,45.8921267],[6.7786314,45.892165],[6.7787326,45.8922601],[6.7790134,45.8923963],[6.7791934,45.8924379],[6.7793611,45.892464],[6.7795984,45.8924855],[6.7797326,45.8924902],[6.7799512,45.8925098],[6.7801496,45.8925144],[6.7803361,45.8925126],[6.7805184,45.8924986],[6.7807263,45.8924603],[6.7809999,45.892409],[6.781252,45.8923614],[6.7814049,45.89233],[6.7815055,45.8923049],[6.7816812,45.8922526],[6.7817697,45.8922269],[6.7818602,45.8921971],[6.7819873,45.8921511],[6.7820902,45.8921168],[6.782166,45.8920981],[6.7822511,45.8920823],[6.7823263,45.8920785],[6.7825864,45.8920823],[6.7827494,45.8920813],[6.782968,45.8920734],[6.7831061,45.892072],[6.7831758,45.8920673],[6.7832462,45.8920617],[6.7833234,45.8920482],[6.7834072,45.8920277],[6.7834642,45.8920137],[6.7835312,45.8919922],[6.7835809,45.8919731],[6.7836057,45.8919656],[6.7836298,45.8919679],[6.7836472,45.8919801],[6.783656,45.8919997],[6.7836522,45.8920163],[6.7836372,45.8920337],[6.7836305,45.8920505],[6.7836338,45.8920631],[6.7836419,45.8920748],[6.7836472,45.8920907],[6.7836452,45.8921224],[6.7836513,45.8921392],[6.7836687,45.8921854],[6.7836737,45.8921933],[6.7836885,45.8921964],[6.7837488,45.8921952],[6.7837995,45.8921926],[6.7838229,45.8921889],[6.7838484,45.8921833],[6.7838675,45.8921847],[6.783899,45.8921912],[6.7839413,45.8921943],[6.7839953,45.8921933],[6.7840271,45.8921938],[6.7840499,45.8921971],[6.7840717,45.8921987],[6.7840978,45.8921957],[6.784128,45.8921903],[6.7842236,45.892163],[6.7842481,45.8921581],[6.7842709,45.8921572],[6.7842836,45.8921548],[6.7843855,45.8921285],[6.784417,45.892124],[6.7844475,45.8921182],[6.784472,45.8921056],[6.7844861,45.8920977],[6.7844972,45.8920965],[6.7845082,45.8920995],[6.7845143,45.8921058],[6.7845133,45.8921156],[6.7845032,45.8921294],[6.7844807,45.8921586],[6.7844757,45.8921728],[6.784474,45.8921861],[6.7844797,45.8921964],[6.7844965,45.8922034],[6.7845277,45.8922125],[6.7845354,45.8922181],[6.7845424,45.8922281],[6.7845511,45.8922358],[6.7845666,45.892236],[6.784587,45.8922258],[6.7846031,45.8922202],[6.7846162,45.8922199],[6.7846343,45.892229],[6.7847195,45.8922839],[6.7847724,45.8923142],[6.7848063,45.8923313],[6.7848117,45.8923378],[6.784813,45.8923467],[6.7847982,45.8923812],[6.7847828,45.8924314],[6.7847838,45.8924529],[6.7849186,45.8925275],[6.7850132,45.8925606],[6.7850795,45.8926064],[6.7851459,45.8926302],[6.7851982,45.8926503],[6.785211,45.892633],[6.7852306,45.8926192],[6.7852552,45.8926101],[6.7852826,45.8926065],[6.7853102,45.8926088],[6.7853357,45.8926167],[6.7853779,45.8926403],[6.7858604,45.8922594],[6.7859593,45.8921056],[6.7859855,45.8920426],[6.7860062,45.8919731],[6.7860203,45.891911],[6.7860384,45.8918461],[6.7860485,45.8917733],[6.7860498,45.891694],[6.7860451,45.891637],[6.7860364,45.8915876],[6.7860223,45.8915329],[6.7860056,45.8914811],[6.7859922,45.8914242],[6.7859828,45.8913733],[6.7859781,45.8913239],[6.7859754,45.8912776],[6.7859818,45.8912144],[6.7859958,45.8911617],[6.7860277,45.8910975],[6.7860589,45.8910455],[6.7861481,45.8909439],[6.7862083,45.8908781],[6.7863657,45.890768],[6.7865413,45.8906672],[6.7867251,45.8905701],[6.7869329,45.8904833],[6.7871261,45.8903997],[6.7872749,45.8903423],[6.7875009,45.8902672],[6.7876571,45.8902215],[6.7880125,45.8901155],[6.7883592,45.8900058],[6.7886006,45.8899252],[6.7887562,45.8898737],[6.7888205,45.8898635],[6.7888695,45.8898602],[6.7889412,45.8898742],[6.7889624,45.8898469],[6.7889919,45.8898245],[6.7890331,45.8898014],[6.7890821,45.8897813],[6.7891533,45.8897622],[6.7892469,45.8897385],[6.7893708,45.8897036],[6.7893941,45.8896971],[6.7895721,45.8896461],[6.789861,45.8895672],[6.790376,45.8894211],[6.7907503,45.8893326],[6.7910795,45.8893036],[6.7913956,45.8892789],[6.7918048,45.8892427],[6.792016,45.8892328],[6.7921533,45.8892302],[6.7924171,45.8892354],[6.7927193,45.8892631],[6.7932375,45.8893219],[6.7934585,45.8893411],[6.7937355,45.889357],[6.7940541,45.8893492],[6.7943235,45.8893339],[6.7947862,45.8892756],[6.7950879,45.8892341],[6.7952403,45.8892276],[6.7954283,45.8892344],[6.7958385,45.8892817],[6.7962537,45.8893339],[6.7963503,45.8893453],[6.7964953,45.8893523],[6.7966851,45.889368],[6.7967871,45.8893764],[6.7970256,45.8894149],[6.7972029,45.8894536],[6.7972415,45.889462],[6.7973806,45.8895026],[6.7975262,45.8895748],[6.7976215,45.8896305],[6.7976544,45.8896534],[6.7976759,45.8896693],[6.7976991,45.8896854],[6.7977286,45.8897073],[6.7978215,45.8897763],[6.7978576,45.8898065],[6.797877,45.8898205],[6.7979079,45.8898425],[6.7979385,45.8898653],[6.7979585,45.8898786],[6.7979722,45.8898877],[6.7979937,45.8899003],[6.7980205,45.8899143],[6.7980599,45.8899373],[6.7980855,45.8899522],[6.7981271,45.8899871],[6.7981899,45.8900463],[6.7982355,45.8900958],[6.7983134,45.8901823],[6.7984816,45.8903735],[6.7985696,45.890498],[6.7986045,45.8905554],[6.7987278,45.8907735],[6.7987506,45.8908315],[6.7987726,45.8908992],[6.7987997,45.8909754],[6.7989366,45.8913877],[6.7989559,45.8914427],[6.7990087,45.8916014],[6.7990203,45.8916352],[6.7990331,45.8916692],[6.7990431,45.8916958],[6.7990602,45.8917298],[6.7990989,45.8918023],[6.799156,45.8918651],[6.7992148,45.8919143],[6.7992634,45.8919549],[6.7993335,45.8919958],[6.7994695,45.8920753],[6.7995297,45.8921104],[6.7995939,45.8921471],[6.7997131,45.8922226],[6.7998089,45.8922871],[6.7999435,45.8924294],[6.7998853,45.8924528],[6.7998021,45.8924825],[6.7997477,45.8924933],[6.7996975,45.8924973],[6.7996548,45.8924966],[6.799601,45.8924851],[6.7994964,45.8924576],[6.7994131,45.892484],[6.7993902,45.8924933],[6.7993673,45.8925155],[6.7993235,45.8925724],[6.7992939,45.8926157],[6.7992711,45.8926498],[6.799253,45.8926769],[6.7991344,45.8927031],[6.7994536,45.8929358],[6.7996525,45.8931217],[6.7996785,45.8931758],[6.7996819,45.8932122],[6.7996719,45.8932461],[6.7996395,45.8932866],[6.7992305,45.8935746],[6.7991339,45.8936353],[6.7990421,45.893673],[6.7989572,45.8937002],[6.798748,45.8937462],[6.7986181,45.8937677],[6.7984894,45.8937882],[6.7980439,45.8938643],[6.7979105,45.8939008],[6.7979376,45.8939681],[6.7979863,45.8940247],[6.7981594,45.894115],[6.7986997,45.8943979],[6.7987847,45.8944449],[6.7988401,45.8944792],[6.7988846,45.8945158],[6.7988994,45.8945384],[6.7989035,45.8945661],[6.7989001,45.8945895],[6.7988828,45.8946129],[6.7987657,45.8947601],[6.798742,45.8947947],[6.7987699,45.8948183],[6.7987948,45.8948497],[6.7988212,45.8949047],[6.7988753,45.895042],[6.7989861,45.89526],[6.7991553,45.8954768],[6.7992258,45.8956135],[6.7994128,45.8959113],[6.7995159,45.8961663],[6.799718,45.8963953],[6.7997827,45.8965546],[6.7998458,45.8966951],[6.7998947,45.8967595],[6.7999631,45.8968299],[6.8000744,45.8969032],[6.8001482,45.8969587],[6.8002126,45.8970273],[6.800338,45.8972467],[6.8004291,45.8973031],[6.8006471,45.8974072],[6.8008107,45.8974805],[6.8009448,45.8975281],[6.8010528,45.8975579],[6.8011265,45.8975757],[6.801266,45.8976051],[6.8013961,45.8976289],[6.8015014,45.8976387],[6.8016268,45.8976503],[6.8017555,45.8976503],[6.8018655,45.8976494],[6.8019895,45.8976555],[6.8021028,45.8976737],[6.8021934,45.8977026],[6.8022807,45.8977471],[6.8023645,45.8977962],[6.8024228,45.8978446],[6.802476,45.8978815],[6.8025455,45.8979256],[6.8026681,45.8979918],[6.8027161,45.8980245],[6.8027621,45.8980651],[6.8028132,45.8981134],[6.8028398,45.8981447],[6.8028695,45.8981732],[6.8028868,45.8982258],[6.8029175,45.8982756],[6.8029502,45.8983268],[6.8029839,45.8983766],[6.8030537,45.898457],[6.8031487,45.8985494],[6.8032772,45.8986388],[6.8033498,45.8987049],[6.8034057,45.8987584],[6.803632,45.8990353],[6.8036627,45.8990869],[6.8036878,45.8991413],[6.8037507,45.8991909],[6.8037982,45.8992201],[6.8039001,45.8992541],[6.8039656,45.8992666],[6.8040183,45.8992892],[6.8040694,45.8993263],[6.8040947,45.8993564],[6.8041138,45.8993914],[6.8041407,45.8995174],[6.8041898,45.899606],[6.8042412,45.8996801],[6.8043185,45.8997546],[6.8043981,45.8997976],[6.8044866,45.8998478],[6.8045268,45.8998747],[6.8045357,45.8998944],[6.8045298,45.8999135],[6.8045179,45.8999254],[6.8044866,45.8999337],[6.8044465,45.8999358],[6.8044048,45.8999254],[6.8043423,45.8999047],[6.8041965,45.8998773],[6.8040991,45.8998519],[6.8039934,45.8998188],[6.8038975,45.8997794],[6.8038343,45.8997551],[6.8037586,45.8997788],[6.8037494,45.8997893],[6.803774,45.89984],[6.8038157,45.8998871],[6.8038856,45.8999451],[6.8040113,45.9000248],[6.8041132,45.9000947],[6.804265,45.9001951],[6.8043468,45.9002459],[6.8043974,45.9002945],[6.8044361,45.9003468],[6.8044918,45.9004333],[6.8045347,45.9004817],[6.8045946,45.9005228],[6.8047512,45.9006062],[6.8046771,45.9006458],[6.8045883,45.9006811],[6.8044895,45.9007139],[6.8044169,45.9007339],[6.8043474,45.9007417],[6.8042779,45.9007523],[6.8041645,45.9007609],[6.8040939,45.9007808],[6.8040459,45.90081],[6.804005,45.9008448],[6.8039335,45.9009088],[6.803865,45.9009465],[6.8037975,45.9009721],[6.8036708,45.9010105],[6.8035731,45.9010416],[6.8036719,45.9010762],[6.8037653,45.9011195],[6.8038636,45.9011742],[6.8039631,45.9012321],[6.803914,45.90123],[6.8038849,45.9012278],[6.8038594,45.9012214],[6.8038241,45.9012111],[6.8037842,45.9011969],[6.8037362,45.9011891],[6.803681,45.9011869],[6.8036268,45.9011919],[6.8035727,45.9011969],[6.8035021,45.9011955],[6.8033754,45.9011912],[6.8033059,45.9011891],[6.8031863,45.9011784],[6.8031168,45.9011777],[6.8030333,45.9011836],[6.8030313,45.9012044],[6.8030411,45.9012569],[6.8030744,45.9013147],[6.8030217,45.9013263],[6.8028715,45.901364],[6.8027672,45.9013897],[6.8026691,45.9014032],[6.8027284,45.9014373],[6.8027887,45.9014821],[6.8028296,45.9015234],[6.8028531,45.9015682],[6.8028623,45.9015966],[6.8028408,45.9016713],[6.8028153,45.9017303],[6.8027713,45.9017723],[6.8027172,45.9018001],[6.8026518,45.9018171],[6.8025741,45.9018313],[6.8025434,45.901837],[6.8025322,45.9018506],[6.8025414,45.9018719],[6.802572,45.9018961],[6.8026068,45.9019174],[6.8026507,45.9019402],[6.8026855,45.9019565],[6.8027202,45.9019828],[6.8027877,45.9020234],[6.80285,45.9020547],[6.8030197,45.9021201],[6.8030677,45.9021422],[6.8030984,45.9021664],[6.8031168,45.9021884],[6.8031117,45.9022026],[6.8028879,45.9022652],[6.8026681,45.9023278],[6.8026231,45.9023435],[6.8025598,45.9023506],[6.8024708,45.902352],[6.8023829,45.9023584],[6.8022828,45.9023733],[6.802153,45.9023961],[6.8019833,45.9024317],[6.8018341,45.9024551],[6.8016736,45.9024935],[6.8015908,45.9025049],[6.8015009,45.9025049],[6.8013997,45.9025142],[6.8012985,45.9025319],[6.8012167,45.9025568],[6.8011707,45.9025832],[6.801091,45.902618],[6.8010164,45.9026379],[6.8009418,45.9026507],[6.8008437,45.9026657],[6.8006944,45.9027396],[6.8005442,45.9028118],[6.8004757,45.9028527],[6.8004333,45.9028933],[6.8009931,45.9029313],[6.8015447,45.9028202],[6.8016914,45.9027743],[6.8017543,45.9028059],[6.8018108,45.9028273],[6.8018494,45.9028452],[6.801891,45.9028721],[6.8019445,45.9028948],[6.8020237,45.9029141],[6.8021514,45.9029527],[6.8022465,45.9029872],[6.8022989,45.9030168],[6.8023435,45.903054],[6.802392,45.903107],[6.8024356,45.9031449],[6.8025455,45.9032235],[6.8026059,45.9032669],[6.8026267,45.9032959],[6.8026287,45.903322],[6.8026148,45.9033427],[6.8025762,45.9033524],[6.8025198,45.9033558],[6.8024613,45.9033654],[6.8023801,45.9033916],[6.8023395,45.9034185],[6.802292,45.9034426],[6.8022415,45.9034578],[6.8021811,45.9034709],[6.8020811,45.9034867],[6.8020296,45.9034998],[6.801989,45.9035191],[6.8019791,45.9035329],[6.801988,45.9035549],[6.8020167,45.9035756],[6.8022187,45.9036927],[6.8022286,45.9037141],[6.8022187,45.9037279],[6.8021989,45.9037389],[6.8021663,45.9037396],[6.8021247,45.903732],[6.8020761,45.9037334],[6.8020009,45.9037362],[6.8018811,45.9037493],[6.801783,45.9037541],[6.8017306,45.9037527],[6.8017167,45.9037589],[6.8017217,45.9037727],[6.8017494,45.9037885],[6.8018078,45.9038133],[6.8018662,45.9038471],[6.8019227,45.9038843],[6.8019761,45.9039298],[6.8020298,45.9039837],[6.8023801,45.9039999],[6.8025314,45.9040161],[6.8026818,45.9040387],[6.8028178,45.904065],[6.8029817,45.9041026],[6.8032086,45.9041653],[6.803314,45.9041872],[6.8034022,45.9041969],[6.8036139,45.9042173],[6.8036823,45.9042311],[6.8037382,45.9042524],[6.8038399,45.9042819],[6.8039111,45.9042969],[6.8040039,45.9043101],[6.8041263,45.9043351],[6.8042128,45.9043546],[6.804356,45.904369],[6.8045469,45.904384],[6.8046514,45.9043821],[6.804736,45.9043771],[6.8048018,45.9043771],[6.8049378,45.9043771],[6.8049738,45.904374],[6.8050206,45.9043633],[6.8050449,45.9043602],[6.8050711,45.9043615],[6.8051305,45.9043709],[6.8051999,45.904379],[6.8052548,45.9043777],[6.8053151,45.9043727],[6.8053989,45.9043658],[6.8054547,45.9043621],[6.8055232,45.9043665],[6.8055844,45.9043665],[6.8056249,45.9043602],[6.8056583,45.9043483],[6.8056988,45.9043201],[6.8057546,45.9042794],[6.8058591,45.9042342],[6.8059122,45.9042079],[6.8059933,45.904159],[6.8060545,45.9041264],[6.8060995,45.9041158],[6.8061383,45.9041145],[6.8062022,45.904117],[6.8062644,45.9041127],[6.8063382,45.9041133],[6.8064058,45.9041202],[6.8064715,45.9041358],[6.8065174,45.9041503],[6.8065913,45.9041572],[6.8066318,45.9041603],[6.8066642,45.9041697],[6.8066948,45.9041828],[6.8067291,45.9041897],[6.8067813,45.9041935],[6.8069254,45.9042111],[6.8069776,45.9042186],[6.8070686,45.9042443],[6.8071118,45.9042505],[6.807178,45.9042562],[6.807219,45.9042913],[6.8072766,45.904327],[6.8073262,45.9043546],[6.8073775,45.9043821],[6.8074513,45.9044191],[6.8074838,45.9044442],[6.8075126,45.9044611],[6.807545,45.9044624],[6.8075828,45.9044561],[6.8076405,45.9044624],[6.8076999,45.9044768],[6.8078872,45.9045357],[6.8081673,45.904614],[6.808351,45.9046573],[6.8084672,45.9046773],[6.8086672,45.9047049],[6.8087797,45.9047274],[6.8088419,45.9047431],[6.8089301,45.9047732],[6.809049,45.9048258],[6.8091292,45.9048584],[6.8092408,45.9048885],[6.8094264,45.9049292],[6.8095524,45.9049606],[6.8097091,45.9049975],[6.8098316,45.9050195],[6.8098217,45.905158],[6.8093894,45.9052239],[6.8094783,45.9053211],[6.809772,45.9053866],[6.8098081,45.9053934],[6.8098415,45.9053984],[6.8098779,45.9054025],[6.8100161,45.9054118],[6.8106096,45.9054517],[6.8106665,45.905451],[6.8107573,45.9054436],[6.8114031,45.905536],[6.8114636,45.9055453],[6.8115208,45.9055521],[6.8115704,45.9055564],[6.8116441,45.9055616],[6.8117018,45.9055677],[6.8117543,45.9055747],[6.811796,45.9056087],[6.8118057,45.9056141],[6.8118145,45.9056185],[6.8119301,45.9056496],[6.81205,45.9056912],[6.8121564,45.9057147],[6.8125534,45.9057889],[6.8128795,45.9058749],[6.8131674,45.9060277],[6.8130197,45.9060866],[6.8128604,45.9061162],[6.8130794,45.9061753],[6.8133259,45.9061939],[6.8134402,45.906224],[6.8136119,45.9063314],[6.8138596,45.9064244],[6.8141373,45.9064856],[6.814461,45.9065148],[6.8143777,45.9065515],[6.8141688,45.9065725],[6.813925,45.9065987],[6.8136316,45.906628],[6.8133051,45.9066679],[6.8131151,45.9066924],[6.8129805,45.9067313],[6.8127395,45.9066844],[6.812639,45.9067658],[6.8122732,45.9067877],[6.8119109,45.9068217],[6.8116797,45.906861],[6.8113932,45.9069484],[6.8115376,45.9069842],[6.811932,45.907076],[6.8123678,45.9071534],[6.8129224,45.9073622],[6.8131269,45.9074035],[6.8134169,45.9073954],[6.8137384,45.9074719],[6.8139761,45.9076231],[6.8139831,45.9076954],[6.8139783,45.9078035],[6.8140194,45.90793],[6.8143382,45.9081269],[6.8147918,45.9081637],[6.8151269,45.9083929],[6.8153219,45.9084899],[6.815355,45.9086164],[6.8154169,45.9086697],[6.8155124,45.9087268],[6.815806,45.9088723],[6.8162056,45.9090408],[6.8168951,45.9092272],[6.8169587,45.9093006],[6.8171152,45.9094028],[6.8172772,45.909478],[6.8176855,45.9096703],[6.8179182,45.9097484],[6.8181753,45.9098646],[6.8183842,45.909894],[6.8186067,45.9099187],[6.8187233,45.9099197],[6.818905,45.9100112],[6.8191225,45.9100829],[6.819245,45.9101754],[6.8194022,45.9103266],[6.8196544,45.9105231],[6.8198839,45.9106342],[6.8201734,45.9107662],[6.8203804,45.9108466],[6.8203941,45.9108482],[6.8206574,45.9108782],[6.820867,45.911099],[6.8209132,45.9113675],[6.8209121,45.9115914],[6.8209896,45.9118342],[6.8210036,45.9119671],[6.8210021,45.912103],[6.8210308,45.912227],[6.8209977,45.9123215],[6.8210273,45.9123626],[6.8211194,45.9123752],[6.8212115,45.9123308],[6.8211351,45.9125466],[6.8214038,45.9124547],[6.8215751,45.9124145],[6.8216424,45.9124019],[6.8217512,45.9124031],[6.8217979,45.9123908],[6.8218719,45.9123847],[6.8219796,45.9124149],[6.8221679,45.9123985],[6.8223431,45.912481],[6.8224606,45.9124495],[6.8226166,45.9124609],[6.8226552,45.9125496],[6.8228883,45.9125595],[6.8231912,45.9127133],[6.8234825,45.9127861],[6.823735,45.9129212],[6.8238469,45.9129494],[6.8240328,45.9130253],[6.8241292,45.9130502],[6.8242611,45.91309],[6.8244211,45.9131705],[6.8245776,45.9132582],[6.8248499,45.9134801],[6.8248763,45.9136793],[6.8249582,45.9138332],[6.8250968,45.9140065],[6.8252501,45.9142158],[6.8253112,45.9142518],[6.8253444,45.9143352],[6.8254563,45.9145138],[6.8255102,45.9145925],[6.8255321,45.9146837],[6.825509,45.9147515],[6.8255554,45.9147787],[6.8256327,45.9147822],[6.825684,45.9148254],[6.8258218,45.9149571],[6.8259595,45.9150368],[6.826038,45.9151175],[6.8261079,45.9151842],[6.8262143,45.9152714],[6.8263676,45.9153921],[6.8265782,45.9155131],[6.8267756,45.915648],[6.8268071,45.9158835],[6.8269085,45.9158721],[6.8270343,45.9159905],[6.8273567,45.9161333],[6.8273296,45.9162091],[6.8274599,45.9162395],[6.8273707,45.9162743],[6.8275922,45.9163759],[6.8275551,45.9164403],[6.8277576,45.9165148],[6.8276445,45.9165665],[6.8275277,45.9166036],[6.8276119,45.9166667],[6.8273913,45.9167324],[6.8274827,45.9168459],[6.8274106,45.9169066],[6.8274433,45.917012],[6.8273317,45.9170791],[6.8275095,45.9172231],[6.8275354,45.9173909],[6.8275327,45.9174977],[6.827436,45.9177106],[6.8273709,45.9177872],[6.8273193,45.917842],[6.8273,45.9178995],[6.8272763,45.9180551],[6.8272175,45.9181094],[6.8272627,45.918162],[6.8272909,45.9182357],[6.8273078,45.9184427],[6.8273077,45.9186754],[6.8272483,45.9187805],[6.8272222,45.9188807],[6.8271673,45.9191064],[6.8271401,45.9191481],[6.8270711,45.9191646],[6.8270056,45.9191784],[6.8270167,45.919235],[6.8270695,45.9193054],[6.8271362,45.9193862],[6.8271365,45.919463],[6.8271838,45.919531],[6.8272459,45.9195488],[6.8273108,45.9195989],[6.8273529,45.9196283],[6.827384,45.9196596],[6.8275027,45.9197353],[6.8275648,45.9197984],[6.8276158,45.9198692],[6.8275975,45.9199364],[6.8275636,45.9199708],[6.8274572,45.9200073],[6.8274125,45.9199826],[6.8274017,45.919957],[6.827378,45.9199413],[6.8273543,45.9199232],[6.8272803,45.919919],[6.8272059,45.9198996],[6.8271426,45.9199073],[6.8271747,45.919974],[6.8271917,45.919999],[6.8271836,45.9200383],[6.8272511,45.9200985],[6.8272296,45.920125],[6.8271941,45.9201225],[6.8271092,45.9201],[6.8270778,45.9201018],[6.8270509,45.9201131],[6.8271207,45.9201542],[6.8271878,45.920209],[6.8271655,45.9202187],[6.827141,45.9202173],[6.8270886,45.920203],[6.8270089,45.9201737],[6.826964,45.9201677],[6.8269247,45.9201694],[6.8269273,45.9202085],[6.826976,45.9202561],[6.8270254,45.9202925],[6.8270626,45.9203194],[6.8270687,45.9203513],[6.8270386,45.9203648],[6.8269683,45.9203326],[6.8269074,45.9203286],[6.8268749,45.9203246],[6.8268493,45.9203285],[6.8268652,45.9203691],[6.8269024,45.9203991],[6.8269104,45.9204388],[6.8268646,45.9205177],[6.826855,45.9205927],[6.8269619,45.9205804],[6.8270489,45.9205635],[6.8270745,45.9205932],[6.8271082,45.9206658],[6.8271264,45.9207234],[6.8271271,45.9207492],[6.8271038,45.9207825],[6.8270976,45.9208006],[6.8271005,45.9208234],[6.8271546,45.9208652],[6.8271663,45.9208846],[6.827178,45.9209166],[6.8271717,45.9209404],[6.8271744,45.9209524],[6.8272037,45.920977],[6.8272478,45.9210055],[6.8272706,45.9210378],[6.8272922,45.9210547],[6.827323,45.9210637],[6.8273439,45.9210911],[6.8272905,45.9210937],[6.8272513,45.9210918],[6.8272165,45.9210842],[6.8271828,45.9210852],[6.8271701,45.9210984],[6.8271881,45.9211137],[6.8273448,45.9212024],[6.8274465,45.9212247],[6.8275038,45.9212311],[6.8275631,45.9212454],[6.8276428,45.9213034],[6.8276688,45.9213349],[6.8277064,45.9213621],[6.8277473,45.9213702],[6.8278614,45.9213837],[6.8279069,45.9213804],[6.8279377,45.9213739],[6.8280157,45.9213374],[6.8280666,45.9213326],[6.8281404,45.9213437],[6.8281485,45.9213538],[6.8281002,45.9213787],[6.8280542,45.9214433],[6.8280131,45.9214908],[6.8280939,45.9215096],[6.8280843,45.9215396],[6.828042,45.9215539],[6.827954,45.9215758],[6.8279358,45.9216052],[6.8279026,45.9216361],[6.8278867,45.9216426],[6.8278326,45.9216483],[6.8278063,45.921644],[6.827778,45.9216469],[6.827763,45.9216605],[6.8277715,45.9216712],[6.8278936,45.9217438],[6.8279341,45.9217731],[6.8279519,45.9217939],[6.8279202,45.9217976],[6.827856,45.9217912],[6.8278299,45.9217963],[6.8278471,45.9218177],[6.8279597,45.9218925],[6.8280218,45.9218997],[6.8280767,45.9219267],[6.8280115,45.9219388],[6.8279727,45.9219571],[6.8280183,45.9220183],[6.8281237,45.9220409],[6.8280758,45.9221129],[6.8280912,45.9221319],[6.8281349,45.9221278],[6.8281694,45.9221194],[6.8281732,45.9221482],[6.8281502,45.9221583],[6.8281242,45.9221641],[6.8281075,45.9222003],[6.8282406,45.9222249],[6.8282391,45.9222455],[6.8281643,45.9222545],[6.828135,45.9222675],[6.8281399,45.9222948],[6.8282045,45.9223168],[6.828222,45.9223191],[6.8283268,45.9222971],[6.8285392,45.9222124],[6.8285863,45.9222018],[6.8286082,45.9221905],[6.8286194,45.9221681],[6.8286557,45.9221409],[6.8286914,45.9221204],[6.8287205,45.9220976],[6.8287414,45.9220873],[6.8287584,45.9220837],[6.8287833,45.9221055],[6.8288002,45.9221362],[6.828866,45.9221928],[6.828889,45.9221985],[6.8289058,45.9222027],[6.8289741,45.9221971],[6.8290091,45.9221831],[6.8290928,45.9221495],[6.8291862,45.9221423],[6.8293373,45.9220932],[6.8294244,45.9220715],[6.829569,45.9220778],[6.8294539,45.922152],[6.8294156,45.9221968],[6.8294136,45.9223942],[6.8294049,45.9224531],[6.8293617,45.9225404],[6.8293476,45.922569],[6.82933,45.9226323],[6.8293302,45.9226708],[6.8293097,45.9227623],[6.8293216,45.9228529],[6.8293158,45.9228774],[6.8292947,45.9229084],[6.8292572,45.9229521],[6.8291949,45.9229854],[6.8291907,45.9230067],[6.8291626,45.9230227],[6.8290147,45.9230437],[6.8289843,45.923067],[6.8289235,45.9230883],[6.8288647,45.9231176],[6.8288258,45.9231556],[6.8287953,45.9231865],[6.8286874,45.9232326],[6.8286229,45.923238],[6.8286357,45.923268],[6.8286957,45.9232796],[6.8287666,45.9232718],[6.8288457,45.9232925],[6.828928,45.9232995],[6.8289229,45.9233222],[6.8288444,45.9233368],[6.828752,45.9234103],[6.8286164,45.9234801],[6.8285039,45.9235472],[6.828468,45.9235411],[6.8284113,45.9234744],[6.8283461,45.9234492],[6.8282925,45.9234039],[6.8282545,45.9234033],[6.8283326,45.9235915],[6.8283932,45.9237123],[6.8284606,45.923972],[6.8285265,45.9240567],[6.8285607,45.9241008],[6.8286254,45.9242406],[6.8287286,45.9243247],[6.8287804,45.9243156],[6.8289817,45.924038],[6.8290761,45.9238897],[6.8291194,45.9238626],[6.8291761,45.9238506],[6.8292343,45.9238415],[6.8293482,45.9238086],[6.8294072,45.9238207],[6.829491,45.9238257],[6.8295005,45.9238509],[6.8294266,45.9238712],[6.8293669,45.9239141],[6.8293345,45.9239673],[6.8293207,45.9240216],[6.8292622,45.9240608],[6.8292415,45.9240966],[6.8292441,45.9241151],[6.8292471,45.9241334],[6.8292235,45.9241798],[6.8292231,45.924478],[6.8292488,45.9245727],[6.8292677,45.9246732],[6.8293082,45.9247672],[6.8293024,45.924794],[6.829255,45.9248118],[6.8291859,45.9248177],[6.829176,45.9248306],[6.8293083,45.9248678],[6.8294653,45.9249394],[6.8296456,45.9250545],[6.8296861,45.9251816],[6.8297593,45.9252703],[6.8297633,45.925147],[6.8297842,45.9250946],[6.82981,45.9250885],[6.8298313,45.9251006],[6.8298644,45.9251421],[6.829903,45.92515],[6.8300276,45.925129],[6.8301322,45.9251263],[6.8301916,45.9251145],[6.8303103,45.925067],[6.830405,45.9250533],[6.8306139,45.9249895],[6.8306786,45.9250036],[6.8307835,45.9250266],[6.8308573,45.9250283],[6.8309296,45.9250136],[6.830998,45.9250263],[6.8312729,45.9251218],[6.8313421,45.9251258],[6.8313926,45.9251416],[6.8314539,45.9251645],[6.8314812,45.92518],[6.8316106,45.9252288],[6.8318095,45.9253314],[6.8318748,45.9252914],[6.8319199,45.925304],[6.8319867,45.9253781],[6.8320479,45.9254205],[6.8320769,45.9254616],[6.832143,45.9255069],[6.8322861,45.925552],[6.8324255,45.925581],[6.8324686,45.9256132],[6.832582,45.9256059],[6.8326491,45.9256696],[6.832804,45.9257366],[6.8328444,45.9257933],[6.832918,45.9258257],[6.832957,45.9258787],[6.8330499,45.9259122],[6.8330841,45.9259403],[6.8331677,45.925992],[6.8332296,45.9260674],[6.8332947,45.9260956],[6.8333218,45.9261377],[6.8333539,45.9261684],[6.8333844,45.9262195],[6.8334506,45.9262555],[6.8334737,45.926288],[6.8335106,45.9263184],[6.8335699,45.9263506],[6.8336077,45.9263911],[6.8336671,45.9264359],[6.8336757,45.9264478],[6.8336463,45.9265323],[6.8336189,45.9265428],[6.8334966,45.9265207],[6.8334305,45.9265067],[6.8333474,45.9265099],[6.8332846,45.9264872],[6.833145,45.9264817],[6.83313,45.9265166],[6.8331602,45.9266107],[6.8331944,45.9266867],[6.8331869,45.9267365],[6.8332025,45.9268036],[6.8332542,45.9268651],[6.8332919,45.9269589],[6.8333836,45.927074],[6.8334177,45.927229],[6.8334927,45.9273146],[6.8335397,45.9273691],[6.8335748,45.9274404],[6.8335875,45.9274596],[6.8337147,45.9275436],[6.8337468,45.9275786],[6.8337772,45.9277352],[6.8338201,45.9277646],[6.8338408,45.9278278],[6.8337985,45.9278638],[6.8338393,45.9279244],[6.8338651,45.9280214],[6.8338748,45.9281234],[6.8338632,45.9281936],[6.8339038,45.9282577],[6.8339222,45.9283281],[6.8339769,45.9284462],[6.8339812,45.9285118],[6.8340008,45.9285575],[6.834015,45.928618],[6.8340791,45.9287379],[6.8341951,45.928784],[6.8343004,45.9288573],[6.8344227,45.9289854],[6.8345135,45.9291328],[6.8345635,45.9292518],[6.8345822,45.9293179],[6.8345581,45.9293686],[6.8345935,45.929405],[6.8347072,45.9293882],[6.8346908,45.9294228],[6.8347949,45.9294625],[6.834756,45.9295168],[6.8348195,45.9295408],[6.8347424,45.9295743],[6.8346636,45.9297018],[6.8345758,45.9297343],[6.8345414,45.9297545],[6.8345488,45.9297753],[6.8346457,45.9297911],[6.8346788,45.9298199],[6.8346082,45.9298458],[6.8345282,45.9298537],[6.8345552,45.9299393],[6.8345941,45.9299856],[6.8346541,45.929982],[6.8346188,45.9301286],[6.8345927,45.9302388],[6.8346162,45.9303129],[6.834611,45.9303748],[6.8346409,45.9304141],[6.834905,45.930477],[6.834888,45.930516],[6.8349371,45.930555],[6.8349968,45.9305876],[6.8350206,45.9306264],[6.8350308,45.9306444],[6.8350285,45.9306742],[6.8350301,45.9307106],[6.8350472,45.930746],[6.8350773,45.9307799],[6.8350932,45.9308654],[6.8350602,45.930951],[6.8350704,45.9310197],[6.8350051,45.931205],[6.8350633,45.9312687],[6.8350971,45.9313399],[6.835089,45.9314354],[6.8349836,45.9315998],[6.8348013,45.9317486],[6.8347416,45.931889],[6.8347906,45.9319697],[6.8348559,45.9319998],[6.8349702,45.9318993],[6.8350627,45.9318989],[6.8350252,45.9320782],[6.8350486,45.9321428],[6.8350353,45.9322159],[6.8353206,45.9320475],[6.835333,45.9321137],[6.8354203,45.9320764],[6.8354804,45.93202],[6.8355666,45.9319669],[6.8355863,45.931912],[6.8356285,45.9318818],[6.8356398,45.9318394],[6.8357017,45.9317791],[6.8359265,45.931676],[6.8360519,45.9315774],[6.8360923,45.9315265],[6.8361705,45.931475],[6.8362905,45.9314546],[6.8364861,45.9314573],[6.8363928,45.9315432],[6.8363456,45.9315617],[6.8362605,45.9316333],[6.836175,45.9318996],[6.8363695,45.9318343],[6.8364195,45.9318296],[6.8365947,45.9317789],[6.8366238,45.9317851],[6.8365385,45.9318675],[6.8365334,45.9319162],[6.8367334,45.9318641],[6.836706,45.9319322],[6.8367022,45.9319741],[6.8368286,45.9319212],[6.8368322,45.9319725],[6.8368665,45.9320928],[6.836782,45.93221],[6.8366592,45.9323358],[6.8366176,45.9324176],[6.8365381,45.9324912],[6.8365124,45.932634],[6.8364454,45.9327391],[6.8364105,45.9328426],[6.8366542,45.9327317],[6.836616,45.9327855],[6.8366016,45.9328436],[6.8365329,45.9329888],[6.8364227,45.9331619],[6.8363868,45.9332849],[6.8365376,45.9332072],[6.8366701,45.9331357],[6.8366917,45.9331545],[6.8366391,45.9331939],[6.8366243,45.9332907],[6.8366577,45.9335689],[6.8366962,45.9336975],[6.8368056,45.9337949],[6.8369052,45.9338902],[6.8368903,45.9340364],[6.8369255,45.9341213],[6.8369069,45.9341332],[6.8368997,45.9341773],[6.8369683,45.9342646],[6.8370529,45.934366],[6.8371073,45.9344566],[6.8371622,45.934537],[6.8372059,45.9346166],[6.8373411,45.9348021],[6.8374302,45.934951],[6.8375898,45.9352118],[6.8376117,45.9353038],[6.8375312,45.9354599],[6.8374684,45.9355751],[6.8373262,45.9357175],[6.8372698,45.9359012],[6.8372683,45.935906],[6.837278,45.9360231],[6.8373052,45.9360879],[6.8374718,45.936229],[6.8375966,45.9363181],[6.8376828,45.9364094],[6.837832,45.9365674],[6.8377891,45.936634],[6.8377814,45.9366424],[6.8377267,45.9367022],[6.8376521,45.936729],[6.8375991,45.936774],[6.8375669,45.9367531],[6.8375284,45.9366119],[6.8374688,45.9366659],[6.8374355,45.9367661],[6.8373495,45.9368358],[6.8373253,45.9369346],[6.8372984,45.9369286],[6.8372551,45.9368848],[6.8371821,45.9368482],[6.8371707,45.9370244],[6.837174,45.9370862],[6.8370867,45.9372435],[6.8371014,45.9372908],[6.8371593,45.9373615],[6.8371895,45.9374133],[6.8371915,45.9374436],[6.8372042,45.9374786],[6.837223,45.937521],[6.8372472,45.9375527],[6.8372753,45.9375933],[6.8372907,45.937632],[6.8372934,45.9376707],[6.8372907,45.9377929],[6.8372814,45.9378553],[6.8372807,45.9378838],[6.837284,45.937909],[6.8372941,45.9379346],[6.8372995,45.9379575],[6.8372954,45.9379827],[6.8372928,45.9380092],[6.8372968,45.9380377],[6.837297,45.9380507],[6.8372941,45.9380703],[6.8372881,45.9380871],[6.8372854,45.9381104],[6.8372894,45.9381333],[6.8373021,45.9381589],[6.8373249,45.9381813],[6.8373451,45.9381916],[6.8373742,45.9382053],[6.8373927,45.9382261],[6.8374094,45.9382536],[6.8374135,45.9382732],[6.8374215,45.938289],[6.8374403,45.9383091],[6.8374544,45.9383226],[6.8374617,45.9383473],[6.8374577,45.9383641],[6.8374597,45.9383781],[6.8374684,45.9383926],[6.8374765,45.9384112],[6.8374872,45.9384397],[6.8374899,45.9384662],[6.8374859,45.9384933],[6.8374933,45.9385194],[6.837502,45.938546],[6.8375174,45.9385782],[6.8375294,45.9386463],[6.8375416,45.938722],[6.8375755,45.9387796],[6.8376647,45.9388537],[6.8377245,45.9389246],[6.837773,45.9390334],[6.8378185,45.9390551],[6.8379061,45.9391053],[6.8380122,45.9391952],[6.8380374,45.9392302],[6.8380657,45.9392512],[6.8381276,45.9392647],[6.8381983,45.9392929],[6.8381952,45.9393296],[6.8381899,45.9393654],[6.8382694,45.9393824],[6.838294,45.9394041],[6.8382925,45.93949],[6.838346,45.9396252],[6.8383885,45.9396462],[6.8383835,45.9396793],[6.8384358,45.9397302],[6.8384712,45.9397435],[6.8386058,45.9398899],[6.8386492,45.9399225],[6.8386934,45.9399384],[6.8388769,45.9399491],[6.8389646,45.9399673],[6.8390743,45.9399475],[6.8391731,45.9399492],[6.8392893,45.9400149],[6.8393443,45.9400387],[6.8396344,45.9402108],[6.839723,45.9402461],[6.8397906,45.9402595],[6.8399363,45.9403254],[6.8400235,45.9403363],[6.8401257,45.9403717],[6.8402383,45.9403811],[6.8402546,45.9404359],[6.8403405,45.9404215],[6.8403151,45.9404712],[6.840363,45.9404827],[6.8403196,45.9405173],[6.8404112,45.940533],[6.8405074,45.9405977],[6.8405975,45.9406509],[6.8407897,45.9406738],[6.8408264,45.9406979],[6.8408746,45.9407112],[6.8409228,45.9407331],[6.8409815,45.94079],[6.8410179,45.9408133],[6.8410811,45.9408216],[6.8411668,45.9408079],[6.8412557,45.9408097],[6.8413024,45.9408287],[6.8413108,45.9408458],[6.8413241,45.9408621],[6.8413446,45.9408729],[6.8413952,45.9408876],[6.8414304,45.9408962],[6.84147,45.9409025],[6.8414971,45.940916],[6.841529,45.9409246],[6.8415548,45.9409323],[6.8416001,45.9409382],[6.841653,45.9409451],[6.8416775,45.9409573],[6.8416842,45.9409727],[6.841758,45.9409806],[6.8418331,45.9409946],[6.8418995,45.9409997],[6.8419082,45.9410258],[6.8419263,45.9410477],[6.8419497,45.9410659],[6.8420054,45.9410734],[6.8420758,45.9410841],[6.8421616,45.9411247],[6.8422421,45.9411648],[6.8423112,45.9412016],[6.8423829,45.9412296],[6.8424077,45.9412399],[6.8426543,45.9412464],[6.8427695,45.94126],[6.8428255,45.941258],[6.8428729,45.9412618],[6.8429124,45.9412736],[6.8429575,45.9412763],[6.8429827,45.941287],[6.8430225,45.9412795],[6.8431115,45.9412855],[6.8431481,45.9412978],[6.8431425,45.9413162],[6.8430951,45.9413297],[6.8431039,45.9413422],[6.8431494,45.9413508],[6.8431601,45.9413625],[6.8431909,45.9413634],[6.8432345,45.9413485],[6.8432875,45.9413233],[6.8433271,45.9412902],[6.8433333,45.9412641],[6.8433492,45.9412534],[6.8433613,45.9412604],[6.8433787,45.9412809],[6.8433841,45.9413037],[6.8433861,45.9413256],[6.8433988,45.9413434],[6.843425,45.9413588],[6.8434467,45.9413648],[6.8434813,45.9413634],[6.8434997,45.9413572],[6.8435255,45.9413485],[6.8436569,45.9413034],[6.8437687,45.9412928],[6.8439049,45.9412242],[6.844073,45.9411057],[6.8443805,45.940892],[6.8444663,45.9408398],[6.8444945,45.9407801],[6.8445199,45.940754],[6.8446363,45.9408396],[6.844679,45.9408024],[6.8447107,45.9405393],[6.8447604,45.9405339],[6.844872,45.9405971],[6.8449218,45.9405889],[6.8449536,45.9404189],[6.8449866,45.9404028],[6.845035,45.9403735],[6.8450376,45.9404658],[6.8450784,45.9405362],[6.8451344,45.9407183],[6.8451941,45.9408593],[6.8451299,45.9410215],[6.8451481,45.9410884],[6.845234,45.9412675],[6.8452057,45.9413225],[6.8452328,45.9413471],[6.845261,45.941334],[6.845334,45.9412022],[6.8453433,45.9410865],[6.8455408,45.9409642],[6.8455422,45.9408316],[6.8455615,45.9408161],[6.8455898,45.9408993],[6.8456358,45.9409615],[6.845623,45.9410347],[6.845617,45.9411363],[6.8456022,45.9412468],[6.8456324,45.94125],[6.845668,45.9411937],[6.845758,45.941113],[6.8458188,45.941009],[6.845853,45.9409517],[6.8458537,45.9409046],[6.8458758,45.940719],[6.8458647,45.9406192],[6.845877,45.940588],[6.8459172,45.9405692],[6.8460542,45.9407512],[6.8460978,45.9407754],[6.8461575,45.9408356],[6.8461651,45.9408645],[6.8461636,45.9410078],[6.8462128,45.9410632],[6.8462788,45.9411816],[6.8462795,45.9412268],[6.8462782,45.9412753],[6.8462415,45.9413007],[6.8461733,45.9413466],[6.8461175,45.9414502],[6.8461135,45.9415579],[6.8461914,45.9417781],[6.8464842,45.9420581],[6.8465403,45.94213],[6.8465551,45.9421771],[6.8465719,45.9422405],[6.8465812,45.9423025],[6.84661,45.9423308],[6.846627,45.9423621],[6.8466633,45.9423713],[6.8466825,45.942365],[6.8466751,45.9423156],[6.8467013,45.9422368],[6.8467087,45.9421636],[6.8467241,45.9420932],[6.8467463,45.9420361],[6.8467372,45.941975],[6.8467605,45.9419095],[6.8468168,45.9417694],[6.8468725,45.9416978],[6.846916,45.941664],[6.8470131,45.941527],[6.8471137,45.9414437],[6.8473483,45.9411892],[6.8474317,45.9407451],[6.8475565,45.9404134],[6.8476127,45.9403196],[6.8476338,45.9402031],[6.8476961,45.9401107],[6.847783,45.9398559],[6.8478241,45.9398111],[6.8479703,45.9393873],[6.848095,45.9393093],[6.8483212,45.9389811],[6.8484372,45.9388802],[6.84848,45.9387495],[6.8485602,45.9386885],[6.8485974,45.9385803],[6.8486295,45.9386164],[6.8486293,45.9386693],[6.8486583,45.9386621],[6.8487036,45.9385557],[6.8486843,45.9384826],[6.8487063,45.9384569],[6.8487464,45.9384691],[6.8487773,45.9385223],[6.8488087,45.938516],[6.8488057,45.9384343],[6.8488306,45.9383512],[6.84884,45.9382992],[6.8488355,45.9382553],[6.8488373,45.9382328],[6.8488554,45.9382058],[6.8488638,45.9381975],[6.8488818,45.9381798],[6.848919,45.938124],[6.8490417,45.9381241],[6.8491156,45.9381011],[6.8492773,45.9380461],[6.8494328,45.9383363],[6.849566,45.9385874],[6.849576,45.938623],[6.8495722,45.9386648],[6.8495304,45.9387415],[6.8494186,45.9388766],[6.849354,45.9389811],[6.8493332,45.9390305],[6.8493178,45.9390906],[6.8493044,45.9391732],[6.8493037,45.9392081],[6.849293,45.9392702],[6.8492802,45.9393098],[6.8492454,45.9393476],[6.8492071,45.9393802],[6.8491857,45.9394157],[6.8491716,45.9394534],[6.8491629,45.9395201],[6.8491428,45.9398078],[6.8491434,45.9398862],[6.8491508,45.9399487],[6.8491699,45.9400262],[6.8492736,45.9402271],[6.8493509,45.9404206],[6.8493499,45.9404791],[6.8492603,45.9407407],[6.8492241,45.9408564],[6.8492174,45.9409832],[6.8492702,45.941348],[6.8492642,45.9414002],[6.8492405,45.9414668],[6.8492053,45.9415434],[6.8491988,45.9416257],[6.8492212,45.9417055],[6.8492837,45.9417982],[6.8494575,45.9420286],[6.8495426,45.9421131],[6.8495902,45.9422095],[6.8496503,45.942405],[6.8497067,45.9426727],[6.8498092,45.9429418],[6.8499716,45.9432291],[6.8502546,45.9434333],[6.8503771,45.9435847],[6.8505198,45.9436993],[6.8506228,45.9437541],[6.8508945,45.9437884],[6.8510976,45.943772],[6.8512705,45.9438129],[6.8513759,45.9438572],[6.8514326,45.9439024],[6.8514931,45.9439578],[6.8516037,45.9439718],[6.8516627,45.9439723],[6.8517633,45.9439462],[6.8518511,45.9439149],[6.8519128,45.9438982],[6.8519752,45.9438954],[6.852065,45.9438968],[6.8521991,45.9439126],[6.8523802,45.9439271],[6.8524432,45.9439308],[6.8524942,45.9439163],[6.8525384,45.9438926],[6.8525706,45.9438501],[6.8526015,45.9438119],[6.8526323,45.943762],[6.852641,45.9437298],[6.8526457,45.9437098],[6.8526571,45.9436953],[6.8526752,45.9437005],[6.8526873,45.9437182],[6.8526994,45.9437476],[6.8527101,45.9437904],[6.8527128,45.9438338],[6.8527054,45.9438832],[6.8527235,45.943955],[6.8527295,45.9440203],[6.8527389,45.9440259],[6.8527537,45.944025],[6.8527658,45.9440115],[6.8527718,45.9439844],[6.8527772,45.9439485],[6.8527986,45.9439173],[6.8528563,45.9438758],[6.8528724,45.943859],[6.8529086,45.9438529],[6.8529441,45.9438203],[6.852979,45.9437998],[6.8530065,45.9437844],[6.8530487,45.9437741],[6.8530688,45.9437592],[6.8531051,45.9437662],[6.8531513,45.9437737],[6.8531889,45.9437587],[6.8532372,45.9437531],[6.8532781,45.943742],[6.8532966,45.9437315],[6.8533263,45.9437163],[6.8533605,45.9437009],[6.8533739,45.9437056],[6.8533579,45.9437238],[6.8533371,45.9437308],[6.8533344,45.9437462],[6.8533035,45.9437737],[6.853272,45.9437951],[6.8532331,45.9438124],[6.8532137,45.9438273],[6.8531822,45.9438744],[6.8531848,45.9439261],[6.8531842,45.943997],[6.8531656,45.9440501],[6.8531413,45.9441131],[6.8531339,45.9441639],[6.8531165,45.9442465],[6.8531044,45.9443061],[6.8530816,45.9443448],[6.8530051,45.9443784],[6.8529555,45.9444069],[6.8529146,45.9444316],[6.852867,45.9444521],[6.8528261,45.944481],[6.8527774,45.9445328],[6.8528028,45.9446449],[6.8528457,45.9447249],[6.8529258,45.9447966],[6.853007,45.9448354],[6.8532075,45.9449102],[6.8532903,45.9449304],[6.8534464,45.9449685],[6.8537949,45.9450006],[6.8543643,45.9451692],[6.8549255,45.9454025],[6.8553036,45.9455544],[6.855562,45.9456588],[6.8557933,45.9457777],[6.8559946,45.9459056],[6.8563432,45.9459718],[6.8565932,45.9460353],[6.8569044,45.9461169],[6.8570467,45.9461762],[6.8572234,45.9463214],[6.8574871,45.946433],[6.8578262,45.9464903],[6.8580674,45.9464825],[6.8581769,45.9464853],[6.8583617,45.9465459],[6.8585392,45.946548],[6.8587901,45.9466072],[6.8594562,45.9466987],[6.8598637,45.946787],[6.8600872,45.9467901],[6.8604187,45.9467756],[6.8606569,45.9467718],[6.8610913,45.9467758],[6.8612996,45.9467153],[6.8616881,45.9466287],[6.8622491,45.9465498],[6.8624435,45.9465063],[6.8627421,45.9464034],[6.8628221,45.9462713],[6.8629672,45.9462312],[6.8635351,45.946267],[6.8637046,45.9461954],[6.8638994,45.9460374],[6.8640749,45.9459736],[6.8642511,45.946066],[6.8642814,45.9460986],[6.8643023,45.9461444],[6.8642957,45.9462021],[6.8642973,45.946268],[6.8643502,45.9463376],[6.864493,45.9464244],[6.8645987,45.9464789],[6.8646286,45.9465129],[6.8647071,45.9466035],[6.8649601,45.9466478],[6.8650871,45.9467931],[6.8653587,45.9469302],[6.8655998,45.9469302],[6.8659897,45.9469817],[6.8661926,45.9471134],[6.8662759,45.9471921],[6.8663152,45.9472909],[6.866268,45.947378],[6.8662857,45.9474721],[6.8663327,45.9475005],[6.8664274,45.9475456],[6.8663779,45.947628],[6.8663655,45.947662],[6.8664385,45.947701],[6.8665594,45.9477559],[6.8665416,45.9478853],[6.8666253,45.9479267],[6.8666286,45.9480926],[6.8666596,45.94818],[6.8666816,45.9482163],[6.8666878,45.9482843],[6.8667027,45.9483219],[6.86673,45.9483451],[6.8668146,45.948384],[6.8670963,45.9484518],[6.8672547,45.9485762],[6.8674104,45.9486506],[6.867533,45.9486915],[6.8676551,45.9487521],[6.8676948,45.9488344],[6.8677983,45.9489146],[6.8678266,45.949052],[6.8678356,45.9490651],[6.8678734,45.9490749],[6.8679379,45.9490708],[6.8679445,45.9491114],[6.867993,45.9491373],[6.8680192,45.9491863],[6.8680589,45.9492127],[6.868116,45.9492272],[6.868155,45.9492729],[6.8681981,45.9494288],[6.8682964,45.9495142],[6.8683018,45.9495804],[6.8683621,45.949605],[6.8684372,45.9497324],[6.8685557,45.9498635],[6.8688493,45.9501926],[6.8689681,45.9502195],[6.8692329,45.9504122],[6.8693356,45.9504518],[6.869347,45.9506024],[6.8693004,45.9506726],[6.8692789,45.9507534],[6.8692819,45.9508844],[6.86929,45.9509277],[6.8693054,45.9509398],[6.8692944,45.950959],[6.869272,45.9510333],[6.8693081,45.9510808],[6.8693087,45.9510921],[6.8693018,45.9511312],[6.8693596,45.9511714],[6.8693975,45.9512075],[6.869736,45.951185],[6.8699162,45.9512189],[6.8699785,45.9512543],[6.8698691,45.951259],[6.8697851,45.9512809],[6.8697926,45.9512948],[6.8700207,45.9513467],[6.8701036,45.951352],[6.8706432,45.9513105],[6.8705178,45.951373],[6.8704568,45.9514098],[6.8706345,45.9514075],[6.8708206,45.9513798],[6.8709364,45.9513983],[6.8709056,45.9514338],[6.8708204,45.9515115],[6.8707843,45.9515898],[6.8708825,45.95172],[6.8708919,45.9518815],[6.8708004,45.9520597],[6.8707716,45.952092],[6.8707623,45.9521395],[6.8709403,45.9522847],[6.8709344,45.9523236],[6.8708685,45.9523736],[6.8709075,45.9524672],[6.8708432,45.9525623],[6.8708415,45.9526559],[6.8708894,45.9527181],[6.871066,45.9527904],[6.8710698,45.9528728],[6.8711082,45.9529547],[6.8712145,45.9530146],[6.8713386,45.9530095],[6.8714763,45.9530101],[6.8717866,45.9531649],[6.8719814,45.9532898],[6.8718216,45.9534447],[6.8718479,45.9535712],[6.871945,45.9536778],[6.8718955,45.9538549],[6.8719236,45.9539713],[6.8720876,45.9540675],[6.872271,45.9541011],[6.8724364,45.9541912],[6.8725716,45.9541864],[6.8726528,45.9542889],[6.8727631,45.9543234],[6.8728949,45.9544063],[6.8730423,45.9545215],[6.8731804,45.9545832],[6.8733058,45.9546153],[6.8733694,45.9546331],[6.8733513,45.9547176],[6.8733254,45.9547903],[6.8733647,45.9550054],[6.873438,45.9551813],[6.8734712,45.9553169],[6.873425,45.9554402],[6.8734932,45.9555042],[6.8735225,45.9555584],[6.873579,45.955642],[6.8736246,45.9558042],[6.873719,45.9560294],[6.8737051,45.9561976],[6.8737698,45.9564107],[6.873696,45.9566202],[6.8736932,45.9567373],[6.8737636,45.9568595],[6.8741045,45.957077],[6.8742828,45.957229],[6.8744122,45.957528],[6.8744489,45.9575603],[6.8744559,45.9576028],[6.8745467,45.9576598],[6.8746984,45.9577494],[6.8748351,45.9579065],[6.8749278,45.958183],[6.8749211,45.9583109],[6.8749512,45.9584028],[6.8749905,45.9584176],[6.8750624,45.9584683],[6.87519,45.9585247],[6.8752176,45.9585621],[6.8753949,45.9586607],[6.8754751,45.958688],[6.8756095,45.9587047],[6.8757088,45.9587428],[6.8757583,45.9587429],[6.8758892,45.9587755],[6.8760091,45.9587625],[6.8761016,45.958783],[6.8762032,45.9587617],[6.8762428,45.9587513],[6.8764366,45.9586788],[6.8765539,45.9586554],[6.8766413,45.9586439],[6.8769983,45.958494],[6.8773139,45.9583835],[6.8773408,45.9583866],[6.8773674,45.9584022],[6.8775691,45.9586004],[6.8777331,45.9588705],[6.8778055,45.9589523],[6.8778988,45.9589914],[6.8780096,45.9590251],[6.8780565,45.9591432],[6.8782376,45.9592367],[6.878348,45.9592613],[6.8786163,45.9592206],[6.8789408,45.9592501],[6.8792174,45.9592073],[6.879674,45.9590412],[6.879869,45.9588218],[6.8802575,45.9587275],[6.8804682,45.9585729],[6.8806316,45.9584308],[6.8807314,45.958309],[6.8807564,45.9583763],[6.8809389,45.9583627],[6.8812514,45.9582715],[6.88141,45.9582899],[6.8816667,45.9583186],[6.8817825,45.958323],[6.8821367,45.9583839],[6.8825091,45.9584779],[6.8826589,45.9585717],[6.8831006,45.9587037],[6.8832651,45.9587164],[6.8837283,45.9589103],[6.8839356,45.9588584],[6.8841304,45.9589144],[6.8843213,45.9589461],[6.8844737,45.9589348],[6.8846147,45.9589631],[6.8847597,45.9590176],[6.8849452,45.9591476],[6.8850274,45.959167],[6.8850746,45.9592784],[6.8851313,45.959349],[6.8853678,45.9594553],[6.8854673,45.95951],[6.8855947,45.9595516],[6.8857065,45.9596153],[6.8857856,45.9596436],[6.8859209,45.9596518],[6.8860193,45.959692],[6.8860864,45.9597573],[6.8861277,45.9598755],[6.8862065,45.9599235],[6.8863471,45.9599818],[6.8864884,45.9599997],[6.886628,45.9599978],[6.8867487,45.9599717],[6.8867887,45.9599398],[6.8869108,45.959923],[6.8870273,45.9599428],[6.8871135,45.9599344],[6.8871598,45.9599389],[6.8871393,45.959984],[6.8871189,45.9600857],[6.8871016,45.9601116],[6.8870857,45.9601377],[6.8870944,45.9602121],[6.8871666,45.9602402],[6.8871914,45.9603735],[6.8871771,45.9605802],[6.8870664,45.9608716],[6.8869879,45.9610488],[6.8868837,45.9611158],[6.8868081,45.9613272],[6.8867499,45.9614359],[6.8866483,45.961542],[6.8865219,45.9616263],[6.8863722,45.9617464],[6.8862988,45.9618382],[6.8862242,45.9619241],[6.8862121,45.9619463],[6.8862178,45.9619698],[6.8862403,45.9619904],[6.8862881,45.9619977],[6.8863524,45.9619878],[6.8864981,45.9619496],[6.8867385,45.9619038],[6.8869033,45.9619033],[6.8871873,45.961932],[6.8873859,45.9619748],[6.8874434,45.9619872],[6.8873816,45.9620221],[6.8873065,45.9620646],[6.8871646,45.9621448],[6.8870079,45.9623401],[6.886986,45.9623962],[6.8869175,45.9625715],[6.8868911,45.9627005],[6.8868847,45.9627318],[6.8868814,45.9628505],[6.8869146,45.9629693],[6.8871085,45.9633412],[6.8872963,45.9635408],[6.8873471,45.9636046],[6.8874019,45.9637056],[6.8874693,45.9638075],[6.8875364,45.9638901],[6.8875708,45.9639221],[6.8876338,45.9639561],[6.887719,45.9639882],[6.8878083,45.9640361],[6.8880375,45.9641374],[6.8881052,45.9641761],[6.8881729,45.9642404],[6.8881924,45.9642726],[6.8882111,45.9643127],[6.8882313,45.9643439],[6.8882608,45.9643714],[6.8883325,45.9644245],[6.8883905,45.9644916],[6.8884428,45.9645518],[6.8884676,45.9645755],[6.888523,45.9646173],[6.8885454,45.9646431],[6.8885719,45.964693],[6.8885974,45.9647184],[6.8886276,45.9647412],[6.8886507,45.9647531],[6.8886953,45.9647697],[6.8887479,45.9647867],[6.8888022,45.9648107],[6.8888334,45.9648303],[6.8888716,45.9648531],[6.8889189,45.9648734],[6.8889622,45.9648904],[6.8890017,45.9649009],[6.8890369,45.9649102],[6.8890691,45.9649244],[6.8890926,45.9649372],[6.889101,45.9649456],[6.8891057,45.9649563],[6.8891144,45.9649773],[6.8891161,45.9650041],[6.8891221,45.965026],[6.8891372,45.9650575],[6.8891553,45.9650845],[6.8891777,45.9651083],[6.8892062,45.9651318],[6.8892354,45.9651519],[6.8892636,45.9651626],[6.8892834,45.9651698],[6.8893028,45.965184],[6.8893253,45.9652043],[6.8893581,45.9652388],[6.8893719,45.9652605],[6.8893876,45.9652896],[6.8893947,45.9653134],[6.8894,45.9653381],[6.8894034,45.9653716],[6.8894,45.9654073],[6.8893957,45.9654294],[6.8893849,45.9654457],[6.8893709,45.9654698],[6.8893621,45.96549],[6.8893618,45.9655243],[6.8893628,45.965546],[6.8894733,45.9655706],[6.8895126,45.9655919],[6.8895823,45.9656895],[6.8896622,45.9657698],[6.8897025,45.9659038],[6.8897811,45.9659878],[6.8898523,45.9660944],[6.8900755,45.966333],[6.8901118,45.9663849],[6.890123,45.966465],[6.8901291,45.9664881],[6.8901387,45.9665242],[6.8902259,45.9665322],[6.890333,45.9665578],[6.8903707,45.9666188],[6.8904188,45.966679],[6.8906794,45.9667774],[6.890798,45.9668534],[6.8908299,45.9668787],[6.8908368,45.9669149],[6.8908625,45.9669627],[6.8909382,45.9670073],[6.891014,45.9670753],[6.8910715,45.9670966],[6.891111,45.9671355],[6.8911712,45.9672105],[6.8911865,45.9672465],[6.8912105,45.9672692],[6.8912517,45.9673172],[6.8912575,45.9673705],[6.8913179,45.9674231],[6.8914059,45.9674725],[6.8915096,45.9674824],[6.8915997,45.9675104],[6.8916448,45.9675364],[6.8917445,45.9675484],[6.8918575,45.9675985],[6.8918912,45.9676757],[6.8919401,45.967719],[6.8919623,45.9677631],[6.8919784,45.9678203],[6.8920446,45.9678916],[6.8920911,45.9680074],[6.8921126,45.9681228],[6.8921188,45.9682417],[6.8922411,45.968492],[6.89229,45.9686112],[6.8922766,45.9687065],[6.8923193,45.9687456],[6.8924885,45.9688258],[6.892616,45.9688758],[6.8928135,45.968986],[6.8929122,45.9690077],[6.8930222,45.969006],[6.8930512,45.9690337],[6.8930809,45.969055],[6.8931883,45.9690615],[6.8931039,45.9691063],[6.8931049,45.969131],[6.8930416,45.969177],[6.8930655,45.9691959],[6.8933719,45.9691769],[6.8935654,45.9691816],[6.893799,45.9691647],[6.8940185,45.9692056],[6.8940404,45.9692193],[6.8939903,45.9692916],[6.8940784,45.9693584],[6.894175,45.9694514],[6.8942496,45.9695626],[6.8942653,45.9696742],[6.8943089,45.9697153],[6.8943446,45.9698433],[6.8943874,45.9699238],[6.8944528,45.9699917],[6.894515,45.9700334],[6.8946606,45.9701459],[6.8947957,45.9703101],[6.8948532,45.970424],[6.8949038,45.9705013],[6.8949447,45.9705678],[6.894999,45.9707077],[6.8951739,45.9708415],[6.8952375,45.9709344],[6.8953487,45.9710126],[6.8954016,45.9711059],[6.8955247,45.9712168],[6.89567,45.9713141],[6.8957143,45.9713875],[6.8957365,45.9714055],[6.8958262,45.9714396],[6.8959507,45.9714677],[6.8960331,45.9715227],[6.8961107,45.971639],[6.8962916,45.9718127],[6.8963365,45.9718537],[6.896441,45.9718987],[6.8965065,45.9719395],[6.8965417,45.97197],[6.8966148,45.9720373],[6.8966289,45.9720981],[6.8967225,45.972196],[6.8970112,45.9724595],[6.8972959,45.9726073],[6.8974372,45.9726291],[6.8975498,45.97278],[6.8977214,45.972863],[6.8978235,45.9728974],[6.8978686,45.9729686],[6.8978792,45.9731899],[6.8978878,45.9732607],[6.8978221,45.9733084],[6.8977547,45.9734271],[6.8978958,45.973619],[6.8978413,45.973749],[6.8977541,45.9738764],[6.8977229,45.9739637],[6.8977721,45.9740403],[6.8977831,45.9742492],[6.8978204,45.97433],[6.8978935,45.97441],[6.8980454,45.9746023],[6.8980833,45.9746612],[6.8981868,45.9747031],[6.8981984,45.9747772],[6.8982496,45.9748358],[6.89839,45.9748759],[6.8984192,45.9749837],[6.8984595,45.975061],[6.8984557,45.9751317],[6.8984959,45.9751756],[6.8985055,45.9752822],[6.8986751,45.9755512],[6.8987874,45.9759245],[6.8988085,45.9761457],[6.8988546,45.976348],[6.8989983,45.9766347],[6.8990117,45.9766907],[6.8990635,45.976824],[6.8991402,45.9769008],[6.8991632,45.9769639],[6.8991057,45.9770607],[6.8992589,45.9773288],[6.8992656,45.9774028],[6.8992322,45.9774795],[6.8992648,45.9775492],[6.8993188,45.977592],[6.8993127,45.9776501],[6.8993433,45.9776954],[6.8993919,45.9777548],[6.8994965,45.9777922],[6.8996118,45.977825],[6.8996333,45.9778471],[6.8996651,45.9778886],[6.8997451,45.9780389],[6.8998357,45.9780633],[6.8999452,45.9781358],[6.900043,45.9782277],[6.9001827,45.9783125],[6.9005956,45.9783952],[6.9007781,45.9784072],[6.9008946,45.9784557],[6.9010636,45.9784762],[6.9011544,45.9785324],[6.9013615,45.978571],[6.9015284,45.9786174],[6.90172,45.9786776],[6.9018993,45.978705],[6.9020403,45.9787586],[6.9022462,45.9787486],[6.9023988,45.9786863],[6.9026568,45.9786839],[6.9028851,45.9787673],[6.9029412,45.9787899],[6.9029707,45.9787945],[6.9030015,45.9787922],[6.9030464,45.9788006],[6.9031262,45.9788341],[6.9031631,45.9788397],[6.9031906,45.9788546],[6.9032637,45.9788919],[6.9033194,45.9789105],[6.9033663,45.9789283],[6.9033971,45.9789525],[6.9034528,45.9789753],[6.9034967,45.9789967],[6.9035393,45.9790382],[6.9035695,45.9790965],[6.9035876,45.9791519],[6.9035876,45.9791971],[6.903599,45.9793136],[6.9035896,45.979383],[6.9035668,45.9794171],[6.9035558,45.9794391],[6.903546,45.9794711],[6.9035306,45.9795266],[6.9035178,45.9795694],[6.9035064,45.9795918],[6.9035064,45.979609],[6.9035158,45.979623],[6.9035224,45.979638],[6.9035145,45.9796678],[6.9035024,45.9796803],[6.903495,45.9797092],[6.9034997,45.9797255],[6.9034903,45.979747],[6.9035024,45.9797745],[6.9035131,45.9797857],[6.9035185,45.9798122],[6.9035205,45.97984],[6.9035165,45.9798798],[6.9035024,45.9799173],[6.903495,45.9799548],[6.9034964,45.9799832],[6.9035058,45.9800075],[6.9035225,45.980027],[6.9035259,45.9800391],[6.9035199,45.9800555],[6.9035313,45.9801212],[6.9035292,45.9801519],[6.9035292,45.9801948],[6.9035212,45.9802185],[6.9035272,45.9802358],[6.9035514,45.9802498],[6.9036043,45.9802661],[6.9036593,45.9802735],[6.903774,45.9802763],[6.903833,45.9802749],[6.9039443,45.9802558],[6.9040141,45.9802437],[6.9040523,45.9802269],[6.9040778,45.980206],[6.9041207,45.9801957],[6.9042011,45.9801915],[6.9042384,45.9801904],[6.9042846,45.9802081],[6.9043218,45.9802307],[6.9043614,45.9802446],[6.9044171,45.9802521],[6.9044362,45.9802565],[6.9044412,45.9802726],[6.9044231,45.9802847],[6.9043939,45.9802875],[6.9043795,45.9802968],[6.9043694,45.9803071],[6.9043527,45.980321],[6.9043235,45.9803315],[6.9042826,45.9803357],[6.9042614,45.9803433],[6.904246,45.9803625],[6.9042472,45.9803719],[6.9042608,45.9803786],[6.9042897,45.9803768],[6.9043393,45.9803793],[6.9043621,45.9803923],[6.904409,45.9804063],[6.9044767,45.9804119],[6.904523,45.9804198],[6.9045813,45.9804357],[6.9046202,45.9804543],[6.904632,45.9804713],[6.9046379,45.9804831],[6.9046308,45.9804945],[6.9045638,45.9805343],[6.9045111,45.9805853],[6.9044911,45.9806299],[6.9044976,45.9807341],[6.9045239,45.9808167],[6.9045381,45.9808529],[6.9045375,45.9808726],[6.9045137,45.9808945],[6.9044821,45.980928],[6.9044686,45.9809633],[6.9044744,45.9810223],[6.9045053,45.9810581],[6.9045371,45.9810773],[6.9045619,45.9810988],[6.9045733,45.9811146],[6.9045874,45.9811188],[6.9046041,45.9811137],[6.9046303,45.9811207],[6.9046436,45.9811287],[6.9046841,45.9811577],[6.9046879,45.9811725],[6.9046809,45.9811832],[6.9046571,45.9811971],[6.9046544,45.9812204],[6.9046745,45.9812604],[6.904692,45.9812688],[6.9047322,45.9812674],[6.9047691,45.9812674],[6.9047979,45.981273],[6.9048234,45.9812861],[6.9048436,45.9813043],[6.9048563,45.9813397],[6.9048697,45.981356],[6.9048821,45.9813709],[6.9048976,45.981377],[6.9049334,45.9813781],[6.9049716,45.9813856],[6.9049957,45.9813939],[6.9050105,45.9814065],[6.905048,45.9814114],[6.9050933,45.9814123],[6.9051352,45.9814082],[6.9051594,45.9814054],[6.9051796,45.9814071],[6.9051858,45.9814137],[6.9051788,45.9814233],[6.9051604,45.9814331],[6.9051466,45.9814471],[6.9051359,45.9814697],[6.9051262,45.9814883],[6.9051081,45.9815088],[6.905101,45.9815184],[6.9051068,45.9815276],[6.9051199,45.9815362],[6.9051443,45.9815309],[6.9051654,45.9815216],[6.9051813,45.9815093],[6.9051972,45.9815088],[6.905208,45.9815146],[6.9052123,45.9815309],[6.905206,45.9815577],[6.9052053,45.9815666],[6.9052141,45.9815725],[6.9052359,45.9815747],[6.9052586,45.9815608],[6.9053178,45.9815469],[6.9053473,45.9815419],[6.9053691,45.9815438],[6.9053806,45.9815498],[6.9053773,45.9815598],[6.9053689,45.9815661],[6.905356,45.9815738],[6.9053458,45.9815852],[6.9053474,45.9815924],[6.9053639,45.9815922],[6.9053776,45.9815938],[6.9054202,45.9815983],[6.9054467,45.981616],[6.9054601,45.9816213],[6.9054537,45.9816332],[6.9054562,45.9816399],[6.9054655,45.9816453],[6.9054812,45.9816439],[6.9054922,45.9816439],[6.9055228,45.9816498],[6.9055456,45.9816596],[6.9055524,45.9816725],[6.9055365,45.9816819],[6.9055302,45.9816896],[6.9055349,45.9817001],[6.905545,45.9817033],[6.9055624,45.9817057],[6.9055778,45.9817068],[6.9055909,45.9817176],[6.9056043,45.9817308],[6.9056164,45.9817369],[6.9056495,45.9817457],[6.905674,45.9817595],[6.9057062,45.9817688],[6.9057303,45.9817746],[6.9057555,45.9817763],[6.9057822,45.9817753],[6.9058027,45.9817765],[6.9058292,45.9817849],[6.9058836,45.9818084],[6.9059211,45.9818254],[6.905957,45.9818571],[6.9059801,45.9818718],[6.9059999,45.981881],[6.9060163,45.9818953],[6.906022,45.9819093],[6.9060221,45.9819205],[6.9060046,45.9819291],[6.9059912,45.9819366],[6.9059929,45.9819445],[6.9060146,45.9819491],[6.9060354,45.9819587],[6.9060864,45.9819813],[6.9061256,45.9820034],[6.9061491,45.9820242],[6.9061524,45.9820314],[6.9061498,45.9820398],[6.9061414,45.9820423],[6.9061293,45.9820414],[6.9061089,45.9820377],[6.9060909,45.9820412],[6.9060884,45.982047],[6.9060912,45.982055],[6.9061072,45.9820586],[6.9061182,45.9820649],[6.9061146,45.982074],[6.9061169,45.9820843],[6.9061343,45.9820928],[6.9061591,45.9820924],[6.906196,45.9820947],[6.9062172,45.9821045],[6.9062413,45.9821071],[6.9062644,45.9821099],[6.9062788,45.982119],[6.9063204,45.982149],[6.9063466,45.9821721],[6.9063623,45.9821926],[6.9063824,45.9822094],[6.9063898,45.9822268],[6.9064069,45.9822418],[6.9064183,45.9822525],[6.9064394,45.982263],[6.9064656,45.982266],[6.9064847,45.9822704],[6.9065028,45.9822879],[6.9065119,45.9822967],[6.9065122,45.9823116],[6.9065129,45.9823284],[6.9065246,45.9823503],[6.9065491,45.9823794],[6.9065695,45.9823953],[6.9065823,45.9824111],[6.906587,45.9824249],[6.906586,45.9824365],[6.9065749,45.9824465],[6.9065638,45.9824582],[6.906609,45.982467],[6.9066298,45.9824863],[6.9066321,45.9825094],[6.9066433,45.9825079],[6.9066658,45.9824866],[6.906693,45.9824843],[6.906783,45.9824873],[6.9068163,45.9824309],[6.9068675,45.9823995],[6.9068977,45.9824078],[6.9069173,45.9824364],[6.9069067,45.9824628],[6.9069286,45.9824769],[6.9069404,45.982478],[6.9069698,45.9824635],[6.9069938,45.9824654],[6.9070029,45.9825081],[6.9070184,45.9825185],[6.9070291,45.98252],[6.9070488,45.9825148],[6.9070681,45.9825036],[6.9070846,45.9825018],[6.9070989,45.9825066],[6.907103,45.9825463],[6.9071134,45.9825593],[6.9071299,45.9825554],[6.9071961,45.9825645],[6.9072051,45.9825612],[6.9072203,45.9825367],[6.9072839,45.9825255],[6.9072922,45.9825178],[6.9072674,45.9824541],[6.9072633,45.9824191],[6.9072757,45.9824105],[6.9072964,45.9824129],[6.9073791,45.9824364],[6.9074055,45.9824615],[6.9074949,45.9824771],[6.907568,45.9825212],[6.9075749,45.9825408],[6.9075813,45.982546],[6.9076016,45.9825491],[6.9076106,45.9825424],[6.9076109,45.9825028],[6.9076188,45.9824739],[6.9076275,45.9824681],[6.9076854,45.982523],[6.9076943,45.982527],[6.9077205,45.9825242],[6.9077223,45.9824904],[6.907715,45.9824688],[6.9077047,45.9824604],[6.9077054,45.9824482],[6.9077147,45.9824403],[6.9077316,45.9824372],[6.9077557,45.9824415],[6.9077795,45.98246],[6.9077978,45.9824904],[6.9078133,45.9825052],[6.9078253,45.9825079],[6.9078326,45.9825057],[6.9078364,45.9824971],[6.9078209,45.9824798],[6.9078209,45.9824712],[6.9078322,45.982465],[6.9078467,45.9824684],[6.9078857,45.9825005],[6.9079033,45.9825074],[6.907915,45.9825072],[6.9079219,45.9824957],[6.9079167,45.9824712],[6.9079274,45.9824331],[6.9079363,45.9824312],[6.9079501,45.9824389],[6.9079684,45.9824604],[6.9079784,45.9824633],[6.9079888,45.9824604],[6.9079863,45.9824231],[6.907967,45.9824037],[6.9079698,45.9823988],[6.9079796,45.9823958],[6.9079943,45.9823978],[6.9080932,45.9824414],[6.9081621,45.9825203],[6.9081679,45.9825381],[6.9081796,45.9825413],[6.9081996,45.98252],[6.9082028,45.9824939],[6.9082605,45.9824199],[6.9083047,45.9823921],[6.9083254,45.9823864],[6.9083405,45.9823615],[6.9083605,45.9823399],[6.9083718,45.9823362],[6.9083899,45.9823413],[6.9083975,45.9823585],[6.908414,45.9823696],[6.9084637,45.9823758],[6.9085054,45.9823764],[6.9085381,45.9823581],[6.9085567,45.9823274],[6.908563,45.982325],[6.9085692,45.9823269],[6.9085857,45.9823571],[6.9085726,45.982417],[6.9085023,45.9824654],[6.9084891,45.9825065],[6.9084937,45.9825079],[6.908528,45.9824949],[6.9085298,45.982503],[6.9085025,45.9825404],[6.9084791,45.9825557],[6.9084742,45.9825645],[6.9084786,45.9825939],[6.9084843,45.9826024],[6.9084918,45.9826029],[6.9085069,45.9825947],[6.9085166,45.9825836],[6.908533,45.9825827],[6.9085361,45.9825869],[6.9085408,45.9826239],[6.9085552,45.9826664],[6.9085431,45.9827616],[6.9085533,45.9828317],[6.9085762,45.982871],[6.9086106,45.9829054],[6.9086625,45.9829432],[6.9087187,45.9829557],[6.9087444,45.9829791],[6.9087556,45.9829801],[6.9087605,45.9829767],[6.9087688,45.9828896],[6.9087839,45.9828619],[6.908782,45.9828046],[6.9088005,45.9827795],[6.9088075,45.9827578],[6.908818,45.9827582],[6.9088596,45.9828224],[6.9088735,45.9828323],[6.9088843,45.9828296],[6.9088804,45.9827882],[6.9088862,45.9827815],[6.9088998,45.9827863],[6.9089126,45.9828043],[6.9089203,45.9828081],[6.9089327,45.9828065],[6.9089342,45.9827984],[6.9089199,45.9827761],[6.9089226,45.9827694],[6.9089338,45.9827659],[6.9089458,45.9827686],[6.9089536,45.9827675],[6.9089594,45.9827592],[6.9089613,45.9827527],[6.9089714,45.9827495],[6.90899,45.9827671],[6.9090098,45.9827727],[6.9090223,45.9827726],[6.9090327,45.9827803],[6.9090329,45.9827805],[6.9090769,45.9828999],[6.9090784,45.982899],[6.9091456,45.9828595],[6.909184,45.9828802],[6.9091967,45.9828783],[6.9092176,45.9828649],[6.9092258,45.9828684],[6.9092254,45.9828764],[6.9092134,45.9828904],[6.9092153,45.9828955],[6.9092273,45.9828977],[6.9092478,45.9828944],[6.9092513,45.9828985],[6.9092416,45.9829095],[6.9092412,45.9829194],[6.9092505,45.9829221],[6.9092939,45.98292],[6.9093004,45.9829294],[6.9092997,45.9829375],[6.9093051,45.9829407],[6.9093279,45.9829361],[6.9093159,45.9829496],[6.9093147,45.9829614],[6.9093235,45.982965],[6.9093456,45.9829645],[6.9093582,45.9829781],[6.9093722,45.9829812],[6.9093913,45.9829945],[6.9094176,45.9829975],[6.9094274,45.982988],[6.9094428,45.9829876],[6.9094532,45.9829964],[6.9094515,45.9830112],[6.9094761,45.9830219],[6.9095013,45.98302],[6.9095467,45.9830356],[6.9096524,45.9831458],[6.9097213,45.9831858],[6.909735,45.9832002],[6.9097968,45.9832131],[6.9098214,45.983228],[6.9098379,45.9832496],[6.9098598,45.9832572],[6.9098948,45.9832603],[6.9099085,45.9832519],[6.9099169,45.9832388],[6.9099347,45.9832401],[6.9100517,45.9833362],[6.9100927,45.9833891],[6.9101273,45.9834105],[6.910157,45.9834419],[6.910268,45.9835252],[6.9103491,45.9835646],[6.9105513,45.983733],[6.9106613,45.9838401],[6.9106648,45.9838963],[6.9106689,45.9839019],[6.9106752,45.9839005],[6.9106889,45.983887],[6.9107074,45.9838836],[6.9107445,45.9838934],[6.9107796,45.9839242],[6.9109678,45.9840171],[6.9110004,45.9840279],[6.9110463,45.9840282],[6.9110726,45.9840374],[6.9111525,45.9840706],[6.9111968,45.9840997],[6.9113479,45.984167],[6.9113962,45.9841531],[6.9114258,45.9841598],[6.9114506,45.9842053],[6.9114997,45.9842273],[6.9116134,45.9843121],[6.9116299,45.9843164],[6.9116465,45.9843116],[6.9116611,45.9842889],[6.9116678,45.9842867],[6.911726,45.9842985],[6.9118045,45.9843145],[6.91181,45.9843299],[6.911825,45.9843438],[6.9118756,45.9843792],[6.9118927,45.9844083],[6.9118746,45.9844315],[6.9118946,45.9845103],[6.911987,45.9845605],[6.911987,45.9846029],[6.912008,45.9847128],[6.9120089,45.9847697],[6.9119848,45.9847995],[6.911987,45.9848087],[6.9119964,45.9848193],[6.9120695,45.9848286],[6.9121151,45.9848565],[6.9121458,45.9848976],[6.9121619,45.9849344],[6.9121955,45.9849717],[6.9122451,45.9850118],[6.9122652,45.9850183],[6.9122927,45.9850281],[6.9123061,45.9850472],[6.9123148,45.985071],[6.912339,45.9850975],[6.9123651,45.985111],[6.9123809,45.9851264],[6.912406,45.9851697],[6.9124234,45.9851837],[6.912461,45.9851907],[6.9124784,45.9851935],[6.9124956,45.9852029],[6.9124993,45.9852233],[6.9125132,45.9852429],[6.9125309,45.9852459],[6.9125957,45.9852304],[6.9126033,45.9852346],[6.9126055,45.9852573],[6.9125989,45.9852694],[6.9126055,45.9852769],[6.9126262,45.9852719],[6.912667,45.9852449],[6.9126788,45.9852443],[6.9126819,45.9852503],[6.9126658,45.9852848],[6.9126661,45.9852939],[6.9126693,45.985298],[6.9126787,45.9852988],[6.9126936,45.9852902],[6.9127046,45.9852934],[6.9127157,45.9853477],[6.9127331,45.9853813],[6.912746,45.9853842],[6.9127575,45.9853804],[6.9127673,45.9853697],[6.9127728,45.9853477],[6.9127781,45.9853431],[6.9127883,45.9853443],[6.9128071,45.9853882],[6.9128057,45.9854106],[6.91281,45.9854182],[6.9128231,45.9854166],[6.9128279,45.9853997],[6.9128367,45.9853989],[6.9128511,45.9854086],[6.9128632,45.9854353],[6.9128602,45.9854836],[6.9129452,45.9855741],[6.9129898,45.9855932],[6.9130533,45.9856667],[6.9130665,45.9856885],[6.913108,45.9856788],[6.9131175,45.9856867],[6.9131111,45.98571],[6.9131217,45.9857208],[6.9131498,45.9857355],[6.9131679,45.9857363],[6.9131832,45.9857305],[6.9131901,45.9857143],[6.9131965,45.9857103],[6.9132031,45.9857119],[6.9132447,45.9857872],[6.9132647,45.9858027],[6.913281,45.9858025],[6.9132923,45.9857959],[6.9133101,45.9857948],[6.9133308,45.9858027],[6.9133512,45.9858219],[6.913409,45.9858258],[6.913463,45.9858389],[6.9135344,45.9858773],[6.9135949,45.9859014],[6.913644,45.9859736],[6.9136723,45.9859859],[6.9136821,45.9859851],[6.9136908,45.9859781],[6.9136972,45.9859484],[6.9136808,45.9858546],[6.9136837,45.9858512],[6.9136987,45.9858549],[6.9137377,45.9858835],[6.9138552,45.9860213],[6.9138794,45.9860717],[6.9138869,45.98614],[6.913933,45.9862171],[6.9140456,45.9863142],[6.9141,45.9863877],[6.9141499,45.986446],[6.9141778,45.9864628],[6.9142375,45.9865111],[6.914242,45.9865489],[6.9142798,45.9865856],[6.9143047,45.9865946],[6.9143752,45.9866694],[6.9144139,45.9867012],[6.9144299,45.9867051],[6.9144374,45.9867108],[6.9145,45.9867996],[6.9145416,45.9868411],[6.9145603,45.986873],[6.9145844,45.9869869],[6.9146084,45.9870081],[6.9146666,45.9870177],[6.9147081,45.9870454],[6.9148019,45.9870878],[6.9148163,45.9870915],[6.9148238,45.9870882],[6.9148291,45.9870704],[6.9148361,45.9870684],[6.9148559,45.987078],[6.9148917,45.9871092],[6.9149649,45.9871508],[6.9150269,45.9872358],[6.9150851,45.9872673],[6.9151166,45.987306],[6.9151679,45.9873947],[6.9152219,45.987444],[6.915271,45.9874548],[6.9152913,45.98747],[6.9153079,45.987499],[6.9153784,45.9875394],[6.9154254,45.9875754],[6.9155248,45.9876263],[6.915607,45.9876259],[6.9156525,45.9876571],[6.9156754,45.9876586],[6.9156925,45.98765],[6.9156984,45.9876422],[6.9157155,45.9876448],[6.9157395,45.9876638],[6.9158704,45.9877206],[6.9159367,45.9877967],[6.9159869,45.9878312],[6.9160291,45.9878857],[6.9160974,45.9879424],[6.9161363,45.9880015],[6.9161862,45.9880571],[6.9162213,45.9880663],[6.9162489,45.9880823],[6.9162931,45.9881529],[6.9163422,45.9882138],[6.9163724,45.9882361],[6.9164193,45.9882495],[6.9164506,45.988308],[6.916471,45.9883121],[6.9164806,45.9883188],[6.9164864,45.9883307],[6.9164978,45.9883329],[6.9165055,45.9883141],[6.9165297,45.988312],[6.9166098,45.9883608],[6.9166559,45.9883797],[6.9166846,45.988381],[6.916694,45.9883752],[6.9166985,45.988365],[6.9166888,45.9882921],[6.9166941,45.9882581],[6.9167107,45.9882388],[6.9167238,45.9882379],[6.9167344,45.988244],[6.916753,45.9882802],[6.916807,45.9882865],[6.9168765,45.9883167],[6.9169161,45.9883254],[6.916935,45.988322],[6.9169464,45.9883141],[6.916956,45.9882893],[6.9169678,45.9882821],[6.9169822,45.9882821],[6.9169984,45.9882977],[6.9170003,45.98831],[6.9170112,45.9883145],[6.9170267,45.9883121],[6.9170539,45.9882909],[6.9170739,45.9882965],[6.9171561,45.9883484],[6.9171889,45.9883497],[6.9172063,45.9883442],[6.9172214,45.9883329],[6.917226,45.9882925],[6.9172188,45.9882686],[6.9171818,45.9882275],[6.9171935,45.9881971],[6.917169,45.9881397],[6.917158,45.9880317],[6.9171609,45.9880252],[6.9171799,45.9880226],[6.9171975,45.9880284],[6.9172293,45.9880466],[6.9172467,45.9880414],[6.9172495,45.9880245],[6.9172291,45.9879615],[6.9172491,45.9879329],[6.917257,45.987899],[6.9172483,45.987857],[6.9172253,45.9878394],[6.9172181,45.9878266],[6.9172223,45.987819],[6.9172585,45.9878234],[6.9172846,45.9878192],[6.9173507,45.9878347],[6.9173904,45.9878581],[6.9174074,45.9878799],[6.9174164,45.987882],[6.9174255,45.9878799],[6.9174333,45.9878724],[6.9174439,45.9878404],[6.917459,45.987822],[6.9174923,45.9878131],[6.9175519,45.9878104],[6.9176693,45.9878306],[6.917726,45.9878172],[6.9177612,45.9877801],[6.9177772,45.9877482],[6.9177708,45.9876799],[6.9177926,45.9876611],[6.9179193,45.9876871],[6.9180159,45.9877037],[6.9180295,45.9877181],[6.918053,45.9877305],[6.9180817,45.9877355],[6.9181077,45.9877276],[6.9181413,45.9877028],[6.9181683,45.9876737],[6.9181883,45.9876669],[6.9182075,45.98767],[6.9182253,45.987685],[6.9182903,45.987834],[6.9184014,45.9879384],[6.9184841,45.9880484],[6.9185354,45.9880668],[6.9185558,45.9880679],[6.9185885,45.9880407],[6.9186114,45.9880385],[6.9186201,45.9880452],[6.9186277,45.9880595],[6.9186235,45.988084],[6.918632,45.9881229],[6.9186363,45.9882354],[6.9186528,45.988271],[6.9190279,45.9884151],[6.9190904,45.9885071],[6.9191673,45.9885598],[6.9191892,45.9885877],[6.9192063,45.9886229],[6.9192656,45.98865],[6.919326,45.9887194],[6.9194114,45.988774],[6.9195012,45.988862],[6.9195529,45.9888812],[6.9196164,45.9889119],[6.9196417,45.9889817],[6.9196776,45.9890434],[6.9196912,45.9890536],[6.9197074,45.989051],[6.9197229,45.9890389],[6.9197456,45.9890423],[6.919814,45.9891484],[6.9198212,45.98923],[6.9198317,45.9892497],[6.9198559,45.9892615],[6.9198597,45.9892725],[6.9198563,45.9893056],[6.919868,45.9893227],[6.9198774,45.9893274],[6.9199088,45.9893098],[6.9199186,45.9893119],[6.9199265,45.9893368],[6.9199265,45.9893767],[6.9199537,45.9894045],[6.9199643,45.9894095],[6.919984,45.9894048],[6.9199957,45.9893835],[6.920013,45.9893765],[6.9200353,45.9893809],[6.9200433,45.989388],[6.920041,45.9894384],[6.9200712,45.9894854],[6.9200897,45.9894927],[6.9201011,45.9894906],[6.9201105,45.9894822],[6.9201108,45.9894495],[6.920118,45.9894274],[6.9201252,45.9894221],[6.9201542,45.9894238],[6.920175,45.989448],[6.9202339,45.9895601],[6.920266,45.9895742],[6.9203429,45.9896522],[6.9203985,45.9897376],[6.9204049,45.9898096],[6.920472,45.9898643],[6.9205188,45.9899635],[6.9205453,45.9900071],[6.9205823,45.9900197],[6.9206065,45.990038],[6.920614,45.990069],[6.9205981,45.9901168],[6.9206193,45.9901777],[6.9206835,45.9903126],[6.9207064,45.9904994],[6.920715,45.9905044],[6.9207243,45.9905046],[6.9207417,45.9904912],[6.9207526,45.9904886],[6.9207652,45.9904935],[6.9207637,45.9905143],[6.9207653,45.9905537],[6.920749,45.9905848],[6.9207613,45.9905889],[6.9207784,45.9905837],[6.9207896,45.9905748],[6.9208152,45.990577],[6.920818,45.9905973],[6.9208007,45.9906582],[6.9207527,45.9907353],[6.920741,45.9907715],[6.9207231,45.9908257],[6.9207186,45.9909038],[6.9207605,45.9909165],[6.9207847,45.9909312],[6.9208006,45.990971],[6.9208189,45.9910378],[6.9209356,45.9910937],[6.9210386,45.9911306],[6.9210613,45.9911327],[6.9210975,45.9911138],[6.9211241,45.9911098],[6.9211483,45.9911186],[6.9211995,45.991171],[6.921266,45.9913867],[6.9213317,45.9914193],[6.9214457,45.9915498],[6.9214779,45.9915773],[6.9214375,45.9916245],[6.9214708,45.9916656],[6.9214666,45.9916848],[6.9214171,45.9917199],[6.9213663,45.9917621],[6.9213663,45.9918792],[6.9213837,45.9919563],[6.9214449,45.9920067],[6.9216096,45.9920844],[6.9216323,45.9921112],[6.921664,45.9921935],[6.9216602,45.9922238],[6.9217045,45.9922293],[6.9217716,45.9921206],[6.9217839,45.9920883],[6.9218037,45.9920753],[6.9218288,45.9920742],[6.9218758,45.9920939],[6.9218896,45.9921829],[6.922017,45.9922528],[6.9220452,45.9923209],[6.9222377,45.9923836],[6.9223255,45.9924382],[6.9223809,45.9925009],[6.9224133,45.9925716],[6.9224312,45.9926736],[6.9225039,45.9927047],[6.9225092,45.9928333],[6.9225572,45.9929112],[6.9226239,45.9931407],[6.922697,45.9932069],[6.9227367,45.9933115],[6.9227516,45.9933746],[6.9229087,45.9935082],[6.9230157,45.9936431],[6.9231143,45.9937306],[6.9232247,45.9937659],[6.9232059,45.9938153],[6.9232086,45.9938419],[6.9232968,45.9938706],[6.9234029,45.9939899],[6.9234606,45.9940812],[6.9235608,45.9941453],[6.9237047,45.9941478],[6.9238142,45.9941783],[6.923858,45.9942181],[6.9238754,45.9942192],[6.9239411,45.9942465],[6.9239628,45.9942854],[6.9239755,45.9943285],[6.9239918,45.9943418],[6.9240385,45.9943289],[6.9240992,45.9942727],[6.9241442,45.9943831],[6.9242751,45.9944585],[6.9243251,45.9944942],[6.9243829,45.994537],[6.9245734,45.9946827],[6.9247064,45.9947156],[6.9247904,45.9946986],[6.9248655,45.9946625],[6.9248954,45.9945462],[6.9249757,45.9945064],[6.9250427,45.9945226],[6.9252075,45.9945802],[6.9252804,45.9946365],[6.9253438,45.9945864],[6.9254208,45.9945653],[6.9255227,45.9946119],[6.9257632,45.9947881],[6.9259263,45.994904],[6.9259847,45.9950184],[6.9260289,45.9950472],[6.9260588,45.9951096],[6.9261382,45.9952053],[6.9263109,45.9953825],[6.9264311,45.9957523],[6.9263975,45.9958875],[6.9263403,45.9960204],[6.9261544,45.996251],[6.9261176,45.9963462],[6.9261561,45.9964186],[6.9263972,45.9966238],[6.9264214,45.996692],[6.9264673,45.9967597],[6.9264137,45.9969644],[6.9263437,45.997127],[6.926265,45.9972562],[6.9261969,45.9973391],[6.9261162,45.997429],[6.9260347,45.9975037],[6.9258841,45.997621],[6.9259015,45.9976569],[6.92587,45.9976864],[6.9258419,45.9977135],[6.9258197,45.9977321],[6.9257902,45.9977447],[6.9257554,45.997768],[6.9257339,45.9977899],[6.9257205,45.9978104],[6.9257057,45.9978225],[6.9256803,45.9978313],[6.9256581,45.9978392],[6.925599,45.9978775],[6.925341,45.9980375],[6.9251653,45.9981294],[6.9251083,45.9981579],[6.9250761,45.9981765],[6.9250446,45.9982026],[6.924997,45.9982343],[6.9248857,45.9983209],[6.9247757,45.9984038],[6.9246925,45.9984541],[6.9246831,45.9984702],[6.9246761,45.9984958],[6.9246899,45.9985212],[6.9247274,45.9985557],[6.924773,45.9985771],[6.9248535,45.9985939],[6.9249246,45.9986004],[6.9249836,45.9986097],[6.9250439,45.9986116],[6.9251056,45.9986022],[6.9251633,45.9985845],[6.9252652,45.9985389],[6.9253282,45.9984951],[6.9253824,45.9984584],[6.9254369,45.9984457],[6.9254972,45.9984439],[6.9255562,45.9984532],[6.9256112,45.9984867],[6.9256595,45.9985091],[6.9257158,45.9985203],[6.9257842,45.9985184],[6.9258638,45.9985067],[6.9259317,45.9985072],[6.9259746,45.9985026],[6.9260189,45.9984783],[6.9260564,45.9984606],[6.9261248,45.9984467],[6.9262402,45.9984411],[6.926322,45.9984439],[6.9263931,45.9984606],[6.9264628,45.9984839],[6.9263126,45.9985575],[6.9265661,45.9985557],[6.9264923,45.998605],[6.9265795,45.9986088],[6.9266962,45.998619],[6.9265258,45.9986693],[6.9266881,45.9986824],[6.9268356,45.998714],[6.927022,45.998756],[6.9271588,45.9987923],[6.927305,45.9988519],[6.9274351,45.9988985],[6.9275156,45.9989572],[6.9275893,45.9989954],[6.9277516,45.9990643],[6.9278334,45.9991268],[6.9278723,45.9991668],[6.9279139,45.9991789],[6.9279702,45.9991789],[6.9280185,45.9991836],[6.9281043,45.9992125],[6.9281794,45.9992264],[6.9282183,45.9992451],[6.928284,45.9992758],[6.9283417,45.9993364],[6.9284262,45.9994016],[6.9285375,45.9994575],[6.9286354,45.9994994],[6.9287159,45.999505],[6.9288044,45.9995013],[6.9288647,45.9994901],[6.9288929,45.9994677],[6.9289103,45.9994528],[6.9289465,45.999437],[6.9289988,45.9994342],[6.9290753,45.9994416],[6.9291343,45.9994454],[6.9292013,45.9994444],[6.9292429,45.9994463],[6.9292691,45.9994593],[6.9292825,45.9994766],[6.9292677,45.999492],[6.9291973,45.9995041],[6.929141,45.9995073],[6.9291081,45.9995171],[6.9290297,45.9995623],[6.9290062,45.9995805],[6.9290002,45.9996117],[6.9290042,45.9996508],[6.9290243,45.9997337],[6.9290391,45.9997654],[6.9290672,45.999778],[6.9290947,45.9997812],[6.9291309,45.9997686],[6.9291598,45.9997495],[6.9291973,45.9997393],[6.9292999,45.9997239],[6.929607,45.9997034],[6.9297076,45.9996992],[6.9297968,45.9997067],[6.9298249,45.9997178],[6.9297706,45.9997556],[6.9296975,45.9997938],[6.9296023,45.999818],[6.929554,45.9998432],[6.9295192,45.9998646],[6.929491,45.9998991],[6.9294682,45.999947],[6.9294635,45.999995],[6.9295125,46.0000598],[6.9295172,46.0000854],[6.9294132,46.000234],[6.9293401,46.0003169],[6.9293254,46.0003467],[6.9293294,46.0003728],[6.9293522,46.0003928],[6.9293911,46.0004017],[6.9295011,46.0003947],[6.9295768,46.0003961],[6.9296332,46.000404],[6.9296942,46.0004194],[6.9297364,46.0004492],[6.9297961,46.0005195],[6.929835,46.0005503],[6.9298967,46.0005899],[6.929947,46.000635],[6.9300067,46.0006746],[6.9301019,46.0007212],[6.9302621,46.0007799],[6.9303218,46.0007911],[6.9303922,46.000792],[6.9304486,46.0007976],[6.9304942,46.0008153],[6.9306511,46.000833],[6.9306993,46.0008479],[6.9307577,46.0008745],[6.9307865,46.0008922],[6.9307919,46.0009043],[6.9307818,46.0009192],[6.9307678,46.0009289],[6.9306826,46.0009639],[6.9306571,46.0009848],[6.93058,46.0010659],[6.9305693,46.0011032],[6.9305733,46.0011372],[6.9306336,46.001242],[6.930635,46.0012769],[6.9306249,46.001357],[6.9305934,46.0014506],[6.9305914,46.0014707],[6.9306088,46.0014791],[6.9306336,46.0014767],[6.9306732,46.001466],[6.9307382,46.0014301],[6.9307738,46.0014194],[6.9308019,46.0014208],[6.930816,46.0014376],[6.930804,46.0015168],[6.9308133,46.0016556],[6.9308261,46.0017003],[6.9308475,46.0017273],[6.9308791,46.0017394],[6.9309119,46.0017413],[6.9309434,46.0017338],[6.930977,46.001705],[6.9309991,46.0016984],[6.9310226,46.0016994],[6.931038,46.0017143],[6.9310514,46.0017432],[6.9310541,46.0017804],[6.9310608,46.0018014],[6.9311714,46.0018806],[6.9314288,46.002246],[6.9314698,46.0022672],[6.9315537,46.0022835],[6.9316392,46.0024022],[6.9316737,46.0025111],[6.9317215,46.0027603],[6.93185,46.0029426],[6.9318599,46.0030546],[6.9320028,46.0031815],[6.9321002,46.003349],[6.9321853,46.0035201],[6.9322191,46.0037292],[6.9323328,46.0038853],[6.9323786,46.0040125],[6.9325877,46.0042135],[6.9326259,46.0042319],[6.9326517,46.0042908],[6.9326898,46.0043333],[6.9326875,46.0043417],[6.9326665,46.0043409],[6.9326385,46.0043254],[6.9325933,46.004315],[6.9325748,46.0043169],[6.9325757,46.0043272],[6.9325914,46.0043438],[6.9326147,46.0043592],[6.9327222,46.0044224],[6.932803,46.0044843],[6.9328892,46.0046257],[6.9328623,46.0046143],[6.9328277,46.0045842],[6.9327051,46.0045405],[6.9325853,46.0045095],[6.932564,46.0045092],[6.9325592,46.0045128],[6.9325715,46.0045248],[6.9325917,46.0045356],[6.9326418,46.0045638],[6.9326887,46.0046157],[6.9327644,46.0047418],[6.9328386,46.0047894],[6.9329019,46.0048169],[6.9329578,46.0048718],[6.9330008,46.0049382],[6.9330797,46.005011],[6.9331508,46.0050447],[6.9331861,46.0050928],[6.9332569,46.0051275],[6.9333463,46.0051487],[6.9333587,46.0051648],[6.9333042,46.0051682],[6.9331984,46.0051858],[6.9332136,46.0052015],[6.9332439,46.0052103],[6.9332799,46.005266],[6.9333976,46.0053543],[6.9335049,46.0054465],[6.9335331,46.0055185],[6.9334644,46.0055192],[6.9334013,46.0055243],[6.9333578,46.0055194],[6.933283,46.0055075],[6.9332179,46.0054885],[6.9331475,46.0054668],[6.9331093,46.0054484],[6.9330651,46.0054293],[6.9328801,46.0053567],[6.9326503,46.0053377],[6.9326733,46.0053796],[6.9326996,46.005429],[6.9327553,46.0054577],[6.9328281,46.0055824],[6.9327835,46.0055741],[6.9327203,46.0055475],[6.9325877,46.0055283],[6.9325313,46.0054745],[6.9324531,46.0054562],[6.9323345,46.0054503],[6.9324178,46.0054902],[6.932479,46.0055369],[6.9321136,46.0054755],[6.9319149,46.0054147],[6.9317923,46.0053664],[6.9316797,46.0053599],[6.931424,46.0053096],[6.9312984,46.0051799],[6.931184,46.0051569],[6.9310508,46.0051588],[6.9309822,46.0051493],[6.9309297,46.005136],[6.9307967,46.0051308],[6.9307609,46.0052008],[6.9307778,46.0052483],[6.9308722,46.0052722],[6.9309877,46.0052854],[6.9310743,46.0053696],[6.9311675,46.0054698],[6.9310356,46.0054938],[6.93084,46.0055462],[6.9307563,46.0055397],[6.9307285,46.0055355],[6.930681,46.0055646],[6.9306616,46.0056237],[6.930608,46.0056477],[6.9306256,46.0057132],[6.9305811,46.0057649],[6.9306902,46.0057531],[6.9306578,46.0058173],[6.9306082,46.0058487],[6.9305979,46.0058838],[6.9304953,46.0059273],[6.9304857,46.006016],[6.9305046,46.0060557],[6.930525,46.0060557],[6.9305126,46.0061586],[6.9305839,46.0061336],[6.9305814,46.0061954],[6.9305899,46.006252],[6.930674,46.0062312],[6.9306504,46.006349],[6.930724,46.0064579],[6.9307721,46.0066774],[6.9308746,46.0066395],[6.9309533,46.0066119],[6.9309716,46.006623],[6.9309462,46.0066737],[6.9310638,46.0067658],[6.9311574,46.0068042],[6.931183,46.006864],[6.931217,46.0068885],[6.9312908,46.0068594],[6.9314711,46.0068657],[6.9315054,46.0069215],[6.9315993,46.0069003],[6.9316386,46.0069886],[6.931732,46.0070105],[6.9318466,46.0070607],[6.9318646,46.0071351],[6.9318893,46.0071991],[6.9318937,46.0072694],[6.9319211,46.0073021],[6.931887,46.0073793],[6.9319237,46.0074653],[6.9320217,46.0075372],[6.9321277,46.0076633],[6.9321984,46.0077174],[6.9322819,46.0077773],[6.9323912,46.0078149],[6.9324267,46.0078465],[6.9324683,46.0078246],[6.9324921,46.0078394],[6.9324788,46.0078808],[6.932446,46.0079717],[6.9324619,46.0080066],[6.9325172,46.0079733],[6.9325808,46.0079676],[6.9326007,46.0079859],[6.9325866,46.0080256],[6.9325961,46.0080842],[6.9326194,46.0080697],[6.9326682,46.0080479],[6.9327057,46.0080788],[6.9327141,46.0081101],[6.9327995,46.0081498],[6.932883,46.0082385],[6.9329759,46.0082637],[6.9330286,46.0082846],[6.9329917,46.0083289],[6.9330713,46.008376],[6.9331067,46.008423],[6.9332064,46.0084956],[6.9332637,46.0085469],[6.9333921,46.0086643],[6.9334802,46.0087412],[6.9335406,46.0088326],[6.9335759,46.0088636],[6.9336312,46.008876],[6.9336912,46.0089079],[6.9337562,46.0089174],[6.9337915,46.008962],[6.9338572,46.0089991],[6.9339122,46.0090876],[6.9339556,46.009115],[6.9339791,46.0091528],[6.9339978,46.0092383],[6.9340653,46.0093071],[6.9341205,46.0093428],[6.9341727,46.0094218],[6.93419,46.0094719],[6.9342041,46.0095129],[6.9342862,46.0095765],[6.934326,46.009666],[6.9343326,46.0096894],[6.9343748,46.0097389],[6.9344442,46.0098216],[6.934477,46.0098372],[6.9344967,46.0098548],[6.9345098,46.0098952],[6.9345848,46.0099395],[6.934687,46.0100561],[6.9347677,46.0101323],[6.9347864,46.0101811],[6.9348203,46.0102162],[6.9348445,46.0102658],[6.9348305,46.010327],[6.9348961,46.0103745],[6.9349336,46.0104507],[6.9349561,46.010497],[6.9349908,46.0105386],[6.9350143,46.0106409],[6.9350574,46.0107047],[6.935078,46.010835],[6.9351287,46.0109131],[6.9351743,46.0109668],[6.9352131,46.0110075],[6.9352384,46.0110499],[6.9353246,46.011115],[6.9353659,46.0111814],[6.9354343,46.0112459],[6.9354644,46.0112876],[6.9354648,46.0113221],[6.9354709,46.0113494],[6.9355403,46.0113559],[6.9355725,46.0113669],[6.935605,46.0113781],[6.9356735,46.0113963],[6.9357322,46.011386],[6.9357363,46.0114028],[6.9357385,46.0114149],[6.935741,46.0114289],[6.9357016,46.0114881],[6.9357035,46.0115246],[6.9357206,46.0115386],[6.9357832,46.0115142],[6.9358004,46.0115126],[6.9358254,46.0115103],[6.9358451,46.0115331],[6.935845,46.0115562],[6.9359595,46.0117962],[6.9359659,46.0118421],[6.9359707,46.0118769],[6.935996,46.011957],[6.9360504,46.0120404],[6.9360783,46.0121242],[6.9362042,46.0121895],[6.9362792,46.0122768],[6.936297,46.0123647],[6.9364049,46.012409],[6.9364639,46.0124676],[6.9365783,46.012619],[6.9367255,46.0127079],[6.9368579,46.0127982],[6.9369468,46.0129514],[6.9370106,46.0129983],[6.9370678,46.0130875],[6.9371428,46.0131553],[6.9371734,46.0132036],[6.9371897,46.0133018],[6.9372113,46.0133819],[6.9372272,46.0134653],[6.9372509,46.0135306],[6.9373632,46.0136268],[6.9374119,46.0136684],[6.9374316,46.0137016],[6.9375273,46.0137713],[6.9375535,46.0138254],[6.9375995,46.0138482],[6.9376473,46.0138957],[6.9377307,46.0139686],[6.937757,46.0140377],[6.9378166,46.0141006],[6.9378039,46.014162],[6.9378376,46.0142148],[6.9378086,46.0142591],[6.9378116,46.0143078],[6.9378545,46.0143392],[6.9378722,46.014366],[6.9379051,46.0143954],[6.9379212,46.0144084],[6.9379252,46.014428],[6.9379158,46.0144429],[6.9379058,46.0144485],[6.9378984,46.014462],[6.9379085,46.0145043],[6.9379225,46.0145383],[6.9379466,46.0145641],[6.9379829,46.0146124],[6.938005,46.0146538],[6.9380325,46.0146887],[6.9380613,46.0147036],[6.9380841,46.0147162],[6.9380902,46.0147358],[6.9380942,46.0147544],[6.9381083,46.0147679],[6.9381311,46.0147819],[6.9381499,46.0148],[6.9381613,46.0148201],[6.9381928,46.0148452],[6.9382317,46.0148755],[6.9382652,46.0149062],[6.9382873,46.0149356],[6.9383115,46.0149728],[6.9383229,46.0150012],[6.9383383,46.0150212],[6.9383685,46.0150473],[6.9383944,46.0150871],[6.9384114,46.0151251],[6.9384181,46.0151614],[6.9384314,46.0151844],[6.9384533,46.0152023],[6.9385019,46.0152313],[6.938573,46.015262],[6.9386434,46.0152885],[6.9387259,46.015316],[6.9387466,46.0153263],[6.9387721,46.0153537],[6.9387842,46.0153854],[6.9387808,46.0154217],[6.9387735,46.0154548],[6.9387648,46.0155046],[6.9387634,46.0155489],[6.9387761,46.015574],[6.9387983,46.0155884],[6.9388204,46.0156117],[6.9388191,46.0156411],[6.9388177,46.0156737],[6.9388224,46.0157072],[6.9388356,46.0157263],[6.938857,46.0157388],[6.938873,46.0157565],[6.9388979,46.0157803],[6.9389106,46.0158269],[6.9389172,46.0158681],[6.9389284,46.01591],[6.9389515,46.0159552],[6.9389693,46.0159877],[6.9390001,46.0160313],[6.9390149,46.0160637],[6.9390256,46.0161042],[6.939042,46.0161482],[6.9390685,46.0161845],[6.9390896,46.016198],[6.9391024,46.0162197],[6.9390987,46.0162492],[6.9391141,46.0162671],[6.9391272,46.0162921],[6.9391272,46.0163186],[6.9391345,46.0163433],[6.9391339,46.0164363],[6.939128,46.016472],[6.939152,46.0165708],[6.9391841,46.0166164],[6.9391959,46.016646],[6.9392504,46.0166786],[6.9392895,46.0167301],[6.9392867,46.0168082],[6.9393192,46.0168462],[6.9393209,46.0168823],[6.9393614,46.0169511],[6.9394326,46.0169817],[6.9394795,46.0170286],[6.9394786,46.0170943],[6.9395245,46.0171549],[6.9396531,46.0172847],[6.9396417,46.0173353],[6.9395952,46.0173672],[6.9396173,46.0174772],[6.939625,46.0175085],[6.9396361,46.017554],[6.9396755,46.0176263],[6.939691,46.01768],[6.9396902,46.0176915],[6.9396877,46.0177273],[6.9397402,46.0177513],[6.9398053,46.0177706],[6.9398492,46.0178557],[6.9398699,46.0178707],[6.9399455,46.0179252],[6.9400088,46.0179561],[6.9400627,46.0179825],[6.9401222,46.0179983],[6.9402147,46.0180229],[6.9402418,46.018062],[6.9402831,46.0180893],[6.9403658,46.0181634],[6.9405447,46.0181844],[6.9406074,46.0182022],[6.9406416,46.0182115],[6.9406812,46.018212],[6.9407335,46.0182045],[6.9407959,46.0181878],[6.9408334,46.0181826],[6.940875,46.0181845],[6.9408911,46.0181864],[6.9408995,46.0181938],[6.9409078,46.0182008],[6.9409201,46.0182018],[6.940943,46.0181999],[6.9409645,46.0181931],[6.9409863,46.0181887],[6.9410051,46.0181896],[6.9410208,46.0182076],[6.9410513,46.0182278],[6.9410815,46.0182469],[6.9411103,46.0182502],[6.9411903,46.0182434],[6.9412515,46.0182551],[6.9412894,46.0182806],[6.9413143,46.0182638],[6.9413504,46.0182583],[6.941369,46.0182738],[6.941418,46.0183157],[6.9414346,46.0183379],[6.9414548,46.018354],[6.9415015,46.0183847],[6.9415141,46.0184023],[6.9415424,46.0184353],[6.9415745,46.0184671],[6.9415907,46.0184886],[6.9415978,46.0185257],[6.9416223,46.0185566],[6.9416387,46.0186087],[6.9416468,46.0186525],[6.9416568,46.0186897],[6.9416694,46.0187235],[6.941681,46.018741],[6.9417065,46.0187428],[6.9417279,46.0187456],[6.9417458,46.0187523],[6.9417773,46.0187767],[6.9418031,46.0188186],[6.941797,46.0188264],[6.9417812,46.0188322],[6.9417708,46.018842],[6.9417722,46.0188611],[6.9417779,46.0188783],[6.9417755,46.0189044],[6.9417806,46.0189235],[6.9417971,46.0189451],[6.9418196,46.0189645],[6.9418362,46.0189877],[6.9418363,46.0190022],[6.9418268,46.0190071],[6.9418158,46.0190199],[6.9418188,46.0190343],[6.9418352,46.019045],[6.9418606,46.0190562],[6.9418873,46.0190736],[6.9419053,46.0190927],[6.9419204,46.0191046],[6.9419361,46.0191198],[6.9419375,46.0191468],[6.9419298,46.019171],[6.9419318,46.0192029],[6.9419512,46.0192238],[6.9419613,46.0192462],[6.94198,46.0192648],[6.9420028,46.0193053],[6.9420216,46.0193612],[6.9420196,46.0193845],[6.9420397,46.0193952],[6.9420659,46.0194026],[6.9420873,46.0194096],[6.9421001,46.0194394],[6.9421128,46.0194613],[6.942142,46.0194764],[6.9421641,46.0195016],[6.9422004,46.0195601],[6.9422278,46.0196042],[6.94224,46.0196239],[6.942256,46.0196384],[6.9423078,46.019685],[6.9423601,46.0197321],[6.942434,46.0197958],[6.9425457,46.0198533],[6.9426489,46.0198533],[6.9427416,46.0199079],[6.942767,46.0199659],[6.9427942,46.0200427],[6.9428917,46.0201137],[6.9429255,46.0202073],[6.9430577,46.020227],[6.943172,46.0202261],[6.9433444,46.0202973],[6.9434271,46.020393],[6.9434361,46.0204683],[6.943504,46.0205259],[6.9435256,46.0205734],[6.9436036,46.0206432],[6.9436691,46.0207747],[6.9437056,46.0208586],[6.9437788,46.0208964],[6.9438512,46.0209696],[6.9439363,46.0210767],[6.9440571,46.0211419],[6.944119,46.0212556],[6.9441554,46.0213301],[6.9442324,46.0213946],[6.9442559,46.0213942],[6.9442935,46.0214019],[6.9443078,46.0214487],[6.9442952,46.0214877],[6.9442857,46.0215103],[6.9442995,46.0215362],[6.9443633,46.0215779],[6.9444254,46.0216164],[6.9444495,46.021641],[6.9444467,46.0216672],[6.9444497,46.0217044],[6.9444853,46.0217593],[6.9445355,46.0217745],[6.9445859,46.0218041],[6.9445904,46.0218282],[6.9446987,46.021945],[6.9447545,46.0219748],[6.9447762,46.0219995],[6.9447839,46.0220325],[6.9448296,46.0220773],[6.9448506,46.0221369],[6.9448771,46.0221612],[6.9448738,46.0222108],[6.9448593,46.0222297],[6.9448831,46.0222793],[6.9449208,46.0223156],[6.9449497,46.0223787],[6.9449635,46.0224031],[6.9449749,46.0224354],[6.9449805,46.0224445],[6.9449848,46.0224516],[6.9449944,46.0224596],[6.9450125,46.0224681],[6.9450381,46.022486],[6.9450487,46.0225074],[6.9450675,46.0225145],[6.9450881,46.022527],[6.9451299,46.0225735],[6.945114,46.0226177],[6.9451443,46.0226297],[6.9451782,46.0226529],[6.9451866,46.0226876],[6.9451892,46.0227365],[6.9452447,46.0227368],[6.9452573,46.0227442],[6.9452801,46.0227638],[6.9452819,46.0227986],[6.9452925,46.022817],[6.9453041,46.022855],[6.945321,46.0228963],[6.9453454,46.0229416],[6.9453758,46.0229415],[6.945396,46.02298],[6.9454079,46.02303],[6.9454215,46.0230814],[6.9454242,46.0231014],[6.9454517,46.0231229],[6.9454542,46.0231576],[6.945468,46.0231893],[6.9454804,46.0232031],[6.9455038,46.0232177],[6.9455464,46.023221],[6.9455803,46.02322],[6.9455888,46.0233166],[6.9455816,46.023367],[6.9456248,46.0233757],[6.9456698,46.0233965],[6.9456515,46.0234573],[6.9456666,46.0235016],[6.9457213,46.0235241],[6.9457693,46.023543],[6.9458112,46.0235479],[6.9458434,46.0235317],[6.9458656,46.0235044],[6.9458962,46.0235001],[6.9459451,46.0235165],[6.9459846,46.0235507],[6.9460266,46.0235504],[6.946048,46.02354],[6.9460835,46.0235366],[6.9461191,46.0235483],[6.946177,46.02353],[6.9462017,46.0234634],[6.9462287,46.0234351],[6.9462675,46.0234347],[6.9463155,46.0234541],[6.946356,46.0234492],[6.9463962,46.0234211],[6.9464532,46.0233246],[6.9465326,46.0231876],[6.9465601,46.0232296],[6.9465858,46.0232687],[6.9466034,46.0232955],[6.946623,46.0233255],[6.9466517,46.0233693],[6.9466691,46.0233994],[6.9466956,46.023445],[6.9467162,46.0234806],[6.9467364,46.0235033],[6.946769,46.0235399],[6.9468002,46.0235749],[6.9468351,46.023614],[6.9468706,46.0236539],[6.9469146,46.0236682],[6.9469562,46.0236817],[6.9469941,46.0236675],[6.9470264,46.0236555],[6.9470541,46.0236451],[6.9470684,46.0236295],[6.9471029,46.023592],[6.9471375,46.0235546],[6.947172,46.0235171],[6.9472065,46.0234796],[6.9472264,46.023458],[6.9472459,46.0234368],[6.9472837,46.0234054],[6.9473331,46.0233644],[6.9473559,46.0233455],[6.9473771,46.0233123],[6.947399,46.0232779],[6.9474183,46.0232476],[6.9474358,46.0232202],[6.9474463,46.0232037],[6.947478,46.0232198],[6.9475269,46.0232447],[6.9475684,46.0232658],[6.9475881,46.0232758],[6.947608,46.0232859],[6.9476339,46.0233192],[6.9476624,46.0233559],[6.9476883,46.0233893],[6.947718,46.0234275],[6.947752,46.0234462],[6.9477992,46.0234723],[6.9478417,46.0234957],[6.9478805,46.0235171],[6.9479292,46.0235439],[6.9479588,46.0235602],[6.9479711,46.023549],[6.9480092,46.0235143],[6.9480524,46.023541],[6.9480858,46.0235617],[6.9481206,46.0235832],[6.948182,46.0236212],[6.9482252,46.0236575],[6.9482651,46.023691],[6.9483173,46.023698],[6.9483867,46.0237074],[6.9484403,46.0236662],[6.9484795,46.023636],[6.9485143,46.0236092],[6.9485508,46.0235811],[6.9485904,46.023564],[6.9486634,46.0235324],[6.9487267,46.023505],[6.948783,46.0234807],[6.9488088,46.0234695],[6.9488343,46.0234777],[6.948898,46.0234981],[6.9489679,46.0235205],[6.9490522,46.0235475],[6.9491252,46.0235709],[6.949172,46.0235859],[6.9491931,46.023591],[6.9492412,46.0236026],[6.9492734,46.0236104],[6.9493232,46.0236448],[6.9494136,46.0237072],[6.949497,46.0237647],[6.9495464,46.0237988],[6.949562,46.02381],[6.9496199,46.0238515],[6.9496701,46.0238874],[6.9497203,46.0239233],[6.9497704,46.0239593],[6.9497886,46.0239723],[6.9498345,46.0239972],[6.9499025,46.0240342],[6.9500548,46.0241169],[6.9503592,46.0241807],[6.9504525,46.024199],[6.9504961,46.0242048],[6.950544,46.0242097],[6.9505913,46.0242213],[6.9507073,46.0242605],[6.9507365,46.024267],[6.9507737,46.0242665],[6.9508558,46.0242672],[6.9508981,46.0242733],[6.9509802,46.0242877],[6.9510201,46.0242912],[6.9510754,46.0243014],[6.9511519,46.0243187],[6.9512136,46.024335],[6.9512478,46.0243408],[6.9512779,46.0243433],[6.9513202,46.0243722],[6.9513738,46.0244243],[6.9513973,46.0244504],[6.9514114,46.0244709],[6.9514228,46.0244835],[6.9514348,46.0244937],[6.9514704,46.0245361],[6.9514965,46.0245729],[6.9515113,46.0246241],[6.9516567,46.0245537],[6.9517633,46.0245086],[6.9518296,46.0244961],[6.9519682,46.0244952],[6.9521392,46.024511],[6.9523107,46.0244945],[6.9525985,46.0243933],[6.9526849,46.0243652],[6.9527722,46.0243566],[6.9529192,46.0243623],[6.9531387,46.0243787],[6.9531213,46.0244397],[6.9531045,46.0244988],[6.9530965,46.0245505],[6.9530965,46.0245943],[6.9531038,46.0246315],[6.9531179,46.0246646],[6.9531535,46.0247042],[6.9531957,46.0247507],[6.9532178,46.0247857],[6.9532333,46.0248229],[6.953252,46.0248466],[6.9532748,46.0248629],[6.9533037,46.0248723],[6.9533419,46.0248774],[6.9533603,46.0248743],[6.9533949,46.0249435],[6.9534109,46.0249498],[6.9534436,46.0249318],[6.9534817,46.0249225],[6.953497,46.0249299],[6.9534974,46.0249466],[6.9534999,46.0250021],[6.9534985,46.0250933],[6.9534796,46.0251631],[6.9535002,46.025252],[6.9534993,46.0252906],[6.9534917,46.0253376],[6.9535007,46.0253435],[6.9535163,46.025343],[6.953585,46.0252726],[6.9536507,46.0252311],[6.9537738,46.0251934],[6.9538517,46.0251022],[6.9538539,46.025055],[6.95389,46.0250086],[6.9539908,46.0249866],[6.9541657,46.024898],[6.9542393,46.024854],[6.9543474,46.0248369],[6.9544096,46.0248061],[6.9545962,46.0246903],[6.9546712,46.0246438],[6.954813,46.0245771],[6.9549649,46.024519],[6.9549777,46.024523],[6.9549896,46.0245355],[6.9549764,46.0246567],[6.9549851,46.0247548],[6.9550029,46.0250145],[6.9550387,46.0252592],[6.9551035,46.0256411],[6.9551257,46.0257236],[6.9551479,46.0258139],[6.9552411,46.025939],[6.9552774,46.0259729],[6.9553863,46.0260505],[6.9555531,46.0261211],[6.9555635,46.0261404],[6.9555501,46.0261695],[6.955549,46.0261936],[6.95559,46.0262819],[6.9556064,46.0262949],[6.9556175,46.0263117],[6.9556112,46.0263324],[6.9555257,46.0263738],[6.9555015,46.0264074],[6.9554351,46.0265263],[6.9553801,46.026638],[6.9553612,46.0266976],[6.9553686,46.026743],[6.9553906,46.0267941],[6.9554392,46.0268685],[6.9554739,46.0269689],[6.9554706,46.0270604],[6.9554426,46.0271564],[6.9553965,46.0271923],[6.9553991,46.0272058],[6.9554209,46.027204],[6.9555755,46.0271313],[6.9556504,46.0271281],[6.9557503,46.0271653],[6.955811,46.0271919],[6.9559931,46.0272814],[6.9560574,46.0272929],[6.9561056,46.0273185],[6.9561579,46.0273659],[6.9563316,46.0274707],[6.9565334,46.0277683],[6.9566057,46.0278507],[6.9566402,46.0278704],[6.9566659,46.0278711],[6.9567115,46.0277877],[6.9567302,46.0277735],[6.9568883,46.0277896],[6.9569254,46.027781],[6.9570165,46.0276948],[6.957064,46.0276724],[6.9571085,46.027665],[6.957205,46.0276815],[6.9573011,46.0276661],[6.9574141,46.0275669],[6.9574892,46.0274476],[6.9576133,46.0274865],[6.9576878,46.0275645],[6.9577251,46.0276122],[6.9577654,46.0277992],[6.9577848,46.0278299],[6.9578115,46.0278788],[6.9578486,46.0279944],[6.9578539,46.0281672],[6.9578891,46.0283201],[6.9579935,46.028714],[6.9580162,46.0288372],[6.9580334,46.028929],[6.9579884,46.0290177],[6.9579577,46.029108],[6.957784,46.0293541],[6.9575594,46.0295065],[6.9575448,46.0295209],[6.9575594,46.0295291],[6.9580208,46.0294836],[6.9581918,46.0293793],[6.9583286,46.0293099],[6.9584584,46.029267],[6.9585828,46.0291916],[6.9586413,46.0291728],[6.9586942,46.0291639],[6.9587432,46.0291658],[6.9587888,46.0291779],[6.9588431,46.0291989],[6.9589122,46.0292398],[6.9589537,46.029264],[6.9590067,46.0292878],[6.9591181,46.0293737],[6.9592555,46.0294373],[6.9594221,46.0295191],[6.9595974,46.0295712],[6.9598016,46.0296361],[6.9599736,46.0296389],[6.9600306,46.0296279],[6.9600985,46.0296369],[6.9601567,46.0296736],[6.9601848,46.0296941],[6.96021,46.0297013],[6.9602296,46.0296994],[6.9602449,46.0296786],[6.9602707,46.0296417],[6.9603431,46.0295512],[6.9603572,46.0295401],[6.9605769,46.0293354],[6.9608191,46.0291635],[6.9609261,46.0290909],[6.9610436,46.0290138],[6.9613407,46.0289657],[6.9616412,46.0290246],[6.9619248,46.0290093],[6.9620074,46.0290192],[6.9621865,46.0289996],[6.9623434,46.0290168],[6.962564,46.0289807],[6.9626243,46.0289777],[6.9628273,46.0289352],[6.9629335,46.0289065],[6.9630196,46.0289111],[6.9631347,46.0289099],[6.9633413,46.0288401],[6.9636207,46.0287789],[6.9637902,46.0287544],[6.9639832,46.0287019],[6.9640859,46.0286875],[6.9643463,46.0286979],[6.9643514,46.0286974],[6.9646778,46.0286671],[6.9648521,46.0287101],[6.9650085,46.0287367],[6.9651749,46.0287431],[6.9653549,46.0287202],[6.9654554,46.028711],[6.9656761,46.0287337],[6.9657089,46.0287538],[6.9658005,46.0287476],[6.9658974,46.0287669],[6.9659391,46.0288363],[6.9659711,46.0288706],[6.9660274,46.0288885],[6.9660817,46.0288813],[6.9661897,46.0288951],[6.9662377,46.0288473],[6.9663015,46.0287529],[6.9663084,46.0287147],[6.966317,46.0286891],[6.9663387,46.0286779],[6.9666443,46.0285322],[6.9670214,46.0283884],[6.9674604,46.0282426],[6.9678982,46.0281303],[6.9683844,46.0280359],[6.9687553,46.027937],[6.9691342,46.0278301],[6.9692011,46.0278208],[6.9695629,46.0275804],[6.9696629,46.0274286],[6.9697382,46.0273961],[6.9698147,46.027394],[6.970045,46.0274468],[6.9702219,46.0274577],[6.9703988,46.0274522],[6.970492,46.0274371],[6.9705318,46.0274225],[6.9705565,46.0274077],[6.9705704,46.0273889],[6.9705781,46.027366],[6.9705763,46.027344],[6.9705668,46.0272948],[6.9706167,46.0272989],[6.970673,46.0273012],[6.9707078,46.0273021],[6.970736,46.0273073],[6.9707608,46.0273236],[6.9708125,46.0273648],[6.9708326,46.027385],[6.9708477,46.0274034],[6.9708564,46.0274213],[6.9708581,46.0274386],[6.9708534,46.0274621],[6.9708517,46.0274809],[6.970856,46.027503],[6.9708648,46.0275298],[6.9708785,46.0275487],[6.9709,46.0275631],[6.9709261,46.0275684],[6.9709526,46.0275678],[6.9709751,46.0275643],[6.9710066,46.0275531],[6.9710418,46.0275345],[6.9710689,46.0275168],[6.9710924,46.0275037],[6.9711165,46.0274995],[6.9711387,46.0275016],[6.9711598,46.0275114],[6.9711789,46.0275293],[6.9711937,46.0275477],[6.9712067,46.0275824],[6.9712111,46.0276113],[6.9712195,46.0276441],[6.9712289,46.027666],[6.9712446,46.0276811],[6.9712664,46.0276893],[6.9712963,46.0276921],[6.9713338,46.0276895],[6.9713714,46.0276825],[6.9714035,46.0276702],[6.9714414,46.0276557],[6.971484,46.0276381],[6.9715222,46.0276204],[6.9716087,46.0275726],[6.9716614,46.027538],[6.9716905,46.0275156],[6.971711,46.027493],[6.9717237,46.0274749],[6.971771,46.0274271],[6.9718019,46.0273934],[6.971829,46.0273541],[6.9718421,46.027338],[6.9718669,46.0273296],[6.9718873,46.0273303],[6.9719122,46.0273401],[6.9719266,46.0273501],[6.9719413,46.0273629],[6.9719521,46.0273852],[6.9719641,46.027406],[6.9719869,46.0274306],[6.9720111,46.0274465],[6.9720359,46.0274548],[6.9720583,46.0274539],[6.9720761,46.0274446],[6.9720899,46.027433],[6.9721693,46.0273627],[6.9722794,46.0272498],[6.9722893,46.0271665],[6.9723371,46.0271327],[6.9724644,46.0271752],[6.9727047,46.027152],[6.9730652,46.0272772],[6.9736625,46.0273606],[6.9737984,46.027426],[6.9742096,46.0275061],[6.9746026,46.0277086],[6.9748282,46.0278402],[6.9747466,46.0278497],[6.9746217,46.0278017],[6.9743516,46.0277863],[6.9743253,46.0277993],[6.9743407,46.0278165],[6.9744918,46.0278664],[6.9747117,46.0280303],[6.9749531,46.0280806],[6.9752039,46.0281779],[6.9757603,46.0283022],[6.9759448,46.0283708],[6.9760312,46.0283664],[6.9761285,46.0283451],[6.9762012,46.0282822],[6.9762386,46.0282662],[6.9762607,46.0282716],[6.9762694,46.0282869],[6.9762573,46.028322],[6.9760964,46.028535],[6.9760331,46.0285604],[6.9759332,46.0285611],[6.9758621,46.0285464],[6.9758441,46.0285458],[6.9758371,46.0285544],[6.9758496,46.0285677],[6.9762982,46.0287884],[6.9763935,46.0288823],[6.9765262,46.0289484],[6.9765402,46.0289772],[6.9764739,46.0289875],[6.9761923,46.0289288],[6.9758855,46.0289039],[6.9757631,46.0289419],[6.9755821,46.0289456],[6.9755352,46.0289633],[6.975527,46.0290063],[6.9757242,46.0291438],[6.9760931,46.029319],[6.9761883,46.0293413],[6.9762211,46.0293643],[6.9761842,46.0293916],[6.9759938,46.0294018],[6.9758825,46.0294177],[6.975747,46.0293972],[6.9757162,46.029406],[6.9757266,46.0294454],[6.9758813,46.0295721],[6.9762288,46.0297278],[6.9763391,46.0297583],[6.976508,46.0298051],[6.9766138,46.029849],[6.9765897,46.0298846],[6.9764161,46.0298994],[6.9766493,46.0300634],[6.9764778,46.0300603],[6.9766094,46.030156],[6.9766704,46.0302325],[6.9767765,46.030412],[6.9768283,46.0304546],[6.9769016,46.0305239],[6.9771408,46.0306953],[6.9773504,46.0307445],[6.9775509,46.0307636],[6.9779823,46.0306787],[6.9781754,46.0306184],[6.9782375,46.0306169],[6.9783342,46.0306008],[6.9785433,46.0304689],[6.9786146,46.0304467],[6.9787305,46.0304342],[6.9795391,46.0305959],[6.9798215,46.0306516],[6.980042,46.0306135],[6.9803522,46.030656],[6.980588,46.0306357],[6.9810843,46.0307428],[6.9813725,46.0307528],[6.981626,46.0308842],[6.9819391,46.0309868],[6.9821085,46.0309879],[6.9823091,46.0310499],[6.982462,46.0311411],[6.9825745,46.031249],[6.9827912,46.031344],[6.983084,46.0314022],[6.9832533,46.0314545],[6.9835771,46.0315092],[6.9838614,46.0316614],[6.9840123,46.0317789],[6.984118,46.0318143],[6.9842108,46.0318776],[6.9843328,46.031899],[6.9845064,46.0320445],[6.9846355,46.0321128],[6.9849014,46.032089],[6.984948,46.0321623],[6.9850901,46.0322709],[6.9852394,46.0323813],[6.9853559,46.0324289],[6.9855278,46.0325124],[6.9858557,46.0327807],[6.9860071,46.0329064],[6.9861742,46.0329938],[6.986583,46.0333484],[6.9866502,46.0334856],[6.9868713,46.0336153],[6.9876711,46.0342909],[6.9878796,46.0344518],[6.9880684,46.0346007],[6.9882744,46.0347616],[6.9884332,46.0349124],[6.9886177,46.0350238],[6.9887399,46.0350724],[6.9888987,46.0351616],[6.9889874,46.0351956],[6.9890528,46.0352005],[6.9891439,46.0352248],[6.9892163,46.0352556],[6.9893353,46.0353172],[6.9894801,46.0353707],[6.9896693,46.0354355],[6.9898701,46.0354761],[6.9899635,46.0354777],[6.9901456,46.0354647],[6.9902086,46.0354631],[6.9902647,46.0354809],[6.9902717,46.0354971],[6.9902693,46.0355182],[6.990239,46.0355458],[6.9901946,46.0356074],[6.9901713,46.0356365],[6.9901713,46.0356625],[6.9901923,46.0356787],[6.9902367,46.0356868],[6.9903441,46.0356819],[6.9904375,46.0356657],[6.9905962,46.035643],[6.9907947,46.03563],[6.9908601,46.0356349],[6.9909185,46.0356641],[6.9909348,46.0356997],[6.9909325,46.0357322],[6.9909138,46.0357565],[6.9908554,46.0357857],[6.990755,46.0358213],[6.9906945,46.0358612],[6.9905917,46.0359748],[6.9903465,46.0361045],[6.9902414,46.0361321],[6.990169,46.0361499],[6.9901597,46.0361791],[6.9901714,46.0361969],[6.9902224,46.0362077],[6.9903579,46.0362526],[6.9903887,46.0362804],[6.9903733,46.0363018],[6.9903333,46.0363146],[6.9902563,46.0363232],[6.99021,46.0363339],[6.9899728,46.0364109],[6.9898742,46.0364344],[6.9898557,46.0364643],[6.989868,46.0364986],[6.9899081,46.0365285],[6.9899574,46.0365478],[6.9900622,46.0365585],[6.990247,46.0365478],[6.9904072,46.0365392],[6.9904904,46.0365371],[6.9906383,46.0365478],[6.9908971,46.0365392],[6.9910573,46.0365435],[6.9911005,46.0365585],[6.9911128,46.036582],[6.9911005,46.0366205],[6.9910727,46.0366461],[6.9909741,46.0366825],[6.9908283,46.0367505],[6.9906301,46.0368623],[6.9906088,46.0368917],[6.9906265,46.0369175],[6.9906655,46.0369261],[6.9907132,46.0369261],[6.9908902,46.0369188],[6.9910211,46.0369224],[6.9910618,46.0369384],[6.9910672,46.0369618],[6.9910477,46.0370011],[6.9909592,46.0370834],[6.9908247,46.0371632],[6.9907079,46.0372332],[6.9905628,46.0372947],[6.9905327,46.0373278],[6.9905451,46.0373426],[6.9905858,46.0373426],[6.9906407,46.0373315],[6.9907185,46.0373205],[6.9908123,46.037318],[6.9908619,46.037318],[6.9908973,46.0373291],[6.9909132,46.0373413],[6.9909167,46.0373794],[6.9909061,46.0374052],[6.9909167,46.0374224],[6.9909627,46.0374384],[6.9910247,46.0374396],[6.9910654,46.0374519],[6.991076,46.0374728],[6.9910618,46.0375023],[6.9909946,46.0375686],[6.9908141,46.0376681],[6.9907911,46.0376939],[6.9907929,46.0377099],[6.990814,46.0377185],[6.990865,46.0377185],[6.9909615,46.037726],[6.9909803,46.0377427],[6.9909776,46.0377669],[6.9909481,46.0377874],[6.9908462,46.0378302],[6.9908328,46.0378526],[6.9908354,46.0378767],[6.9908555,46.0378854],[6.9908837,46.0378842],[6.9909454,46.0378731],[6.9910447,46.0378544],[6.9912065,46.0378419],[6.9912966,46.0378372],[6.9913433,46.0378356],[6.9913784,46.037847],[6.9913784,46.0378648],[6.9913667,46.0378842],[6.9913247,46.0379118],[6.9912873,46.0379491],[6.9912336,46.0379961],[6.9910912,46.0381241],[6.9909954,46.0382165],[6.990937,46.03827],[6.9909487,46.0383024],[6.9910071,46.0383154],[6.9910678,46.0383154],[6.9911705,46.0382895],[6.9912966,46.0382635],[6.9914834,46.0382198],[6.9916679,46.0381841],[6.9918874,46.0381063],[6.9919691,46.0380739],[6.9920322,46.0380723],[6.9920532,46.0380933],[6.9920462,46.0381225],[6.9920182,46.0381565],[6.9919761,46.0381987],[6.9919621,46.0382408],[6.9919808,46.0382733],[6.9920368,46.0382862],[6.9921256,46.038283],[6.992219,46.0382765],[6.9923217,46.0382992],[6.9923637,46.0383267],[6.9923801,46.0383673],[6.9923731,46.0383964],[6.992324,46.0384532],[6.992219,46.0385326],[6.9920322,46.0386817],[6.9919551,46.0387563],[6.9919341,46.0387936],[6.9919364,46.0388163],[6.9919528,46.0388341],[6.9919901,46.0388357],[6.9920532,46.0388357],[6.9921676,46.0388244],[6.9922493,46.0388244],[6.9923754,46.0388292],[6.9924548,46.0388211],[6.9925272,46.0387903],[6.9926229,46.0387692],[6.992686,46.0387644],[6.992714,46.0387822],[6.9927186,46.0388049],[6.9927019,46.0388568],[6.992672,46.0388965],[6.992631,46.0389342],[6.9926239,46.0389617],[6.9926426,46.0389844],[6.9926706,46.0390006],[6.9927197,46.0390006],[6.9927734,46.0389747],[6.9928341,46.038952],[6.9928808,46.0389504],[6.9929228,46.0389601],[6.9929579,46.0389909],[6.9929579,46.0390298],[6.9929041,46.0391011],[6.9928528,46.0391595],[6.9928248,46.0392081],[6.9927897,46.0392405],[6.9927524,46.0392567],[6.9926216,46.0392924],[6.9925352,46.0393135],[6.9924768,46.039341],[6.9924255,46.0393832],[6.9923834,46.0394205],[6.9923391,46.0394496],[6.99229,46.0394675],[6.9922387,46.039482],[6.9921733,46.0395209],[6.9921336,46.0395647],[6.9921126,46.0396344],[6.9920776,46.0397041],[6.9920215,46.0397738],[6.9919725,46.0398289],[6.9919234,46.0398629],[6.9918534,46.039884],[6.9918044,46.0398856],[6.9917343,46.0398954],[6.9916829,46.0399148],[6.9916573,46.0399424],[6.9916479,46.0399651],[6.9916526,46.0399926],[6.991701,46.0400335],[6.9917334,46.0400585],[6.9919041,46.0400914],[6.9920655,46.040121],[6.9924736,46.0401579],[6.9926177,46.0402279],[6.9927972,46.0402974],[6.9929799,46.0402993],[6.9930576,46.0403161],[6.9930953,46.0403692],[6.9931844,46.0404073],[6.9932603,46.0404266],[6.9932686,46.040445],[6.9932728,46.0404766],[6.9932558,46.0404899],[6.9932413,46.0405013],[6.993158,46.0405133],[6.9931546,46.0405431],[6.9931507,46.0405753],[6.9931776,46.0406542],[6.9931718,46.0406981],[6.9931842,46.0407689],[6.9932136,46.0409353],[6.9933432,46.0410977],[6.9934309,46.0413132],[6.9934445,46.0415168],[6.9934669,46.0415976],[6.9935684,46.0417261],[6.993657,46.0418231],[6.993697,46.0419402],[6.9936834,46.0421365],[6.9936558,46.0422603],[6.9936901,46.0423805],[6.9937628,46.0425005],[6.9937898,46.0426558],[6.9938195,46.0428902],[6.9938686,46.0430745],[6.9938659,46.0432493],[6.9938565,46.0433642],[6.9938553,46.0434476],[6.9938648,46.0434826],[6.9938796,46.0435163],[6.9939304,46.0437625],[6.9939561,46.0439376],[6.9939594,46.0440485],[6.9939341,46.0442399],[6.993932,46.0443592],[6.993942,46.0444781],[6.9939645,46.0446012],[6.9940146,46.0448762],[6.9940854,46.045278],[6.9940466,46.0454321],[6.9940367,46.0455626],[6.9940247,46.0456056],[6.9940624,46.0457163],[6.9941749,46.0459848],[6.9941707,46.0460625],[6.994139,46.0461434],[6.9940851,46.0462247],[6.994071,46.046332],[6.9941081,46.0464978],[6.9940259,46.0466526],[6.9940026,46.0467405],[6.993894,46.0478637],[6.9938809,46.0479992],[6.9938188,46.0486407],[6.9937114,46.0494942],[6.9936743,46.0500703],[6.9937093,46.0502231],[6.9937562,46.0503556],[6.9937605,46.0503654],[6.9938676,46.0506079],[6.9940014,46.0509992],[6.9940377,46.051129],[6.9940431,46.0511948],[6.9940425,46.05127],[6.9940055,46.0514477],[6.9939508,46.0517169],[6.9939528,46.0519425],[6.9939965,46.0523579],[6.9940163,46.0524733],[6.9942378,46.0525381],[6.9940174,46.0527602],[6.9938446,46.0529132],[6.9938201,46.0529448],[6.993808,46.0529765],[6.9937972,46.0530093],[6.9937957,46.0530442],[6.9937961,46.0531715],[6.9937967,46.0533904],[6.9937851,46.0534819],[6.9937563,46.0535987],[6.9937124,46.0537348],[6.9936745,46.0538315],[6.9936065,46.0540045],[6.993589,46.0540793],[6.9935866,46.0541509],[6.9935997,46.0542224],[6.9936793,46.0545817],[6.993684,46.0546081],[6.9937066,46.0547592],[6.9937112,46.0550397],[6.9936687,46.0552344],[6.9936513,46.0553457],[6.9936568,46.0553952],[6.9936601,46.0554249],[6.9936784,46.0555123],[6.9937135,46.0555733],[6.9937992,46.0557222],[6.9938439,46.0558331],[6.9938594,46.0558851],[6.9938656,46.055952],[6.9938616,46.0560516],[6.9938659,46.056135],[6.9939418,46.0563457],[6.9939831,46.0563969],[6.9940151,46.0564482],[6.9940459,46.0565431],[6.9944439,46.056578],[6.994513,46.0565801],[6.9945748,46.0565731],[6.9946478,46.0565535],[6.9949146,46.0564396],[6.9951899,46.0563206],[6.9952938,46.0562507],[6.9953393,46.0562261],[6.9954529,46.0561625],[6.9956967,46.0559427],[6.9958299,46.0558472],[6.9958624,46.0558269],[6.9958997,46.0558085],[6.9959354,46.055794],[6.9959817,46.0557802],[6.9960387,46.0557709],[6.9960452,46.055743],[6.9960582,46.0557001],[6.9960781,46.0556353],[6.9960991,46.0555754],[6.9961107,46.0555462],[6.9961224,46.055517],[6.9961645,46.0554182],[6.9961901,46.0553526],[6.9962138,46.0552912],[6.9962205,46.055274],[6.9962438,46.0551994],[6.9962707,46.0551087],[6.9962894,46.0550374],[6.9962987,46.0549815],[6.9963077,46.0549279],[6.9963104,46.0549118],[6.996313,46.0548915],[6.9963186,46.054847],[6.9963221,46.0547976],[6.9963244,46.0547514],[6.996323,46.054715],[6.9965219,46.0547065],[6.996639,46.0547328],[6.9967856,46.0548525],[6.9969384,46.0549897],[6.9970119,46.0550686],[6.9970346,46.0550761],[6.9970614,46.0550763],[6.997104,46.0550626],[6.9971204,46.055048],[6.9971233,46.0550323],[6.9970936,46.0548639],[6.9970795,46.0547286],[6.9970957,46.0546707],[6.9971948,46.0544533],[6.9972248,46.0543612],[6.9972655,46.0542065],[6.9972921,46.0540001],[6.9973169,46.0537938],[6.9973699,46.0535482],[6.9973857,46.0533977],[6.9974012,46.0532074],[6.9973827,46.0531197],[6.9973303,46.0530491],[6.9972594,46.0529764],[6.9971701,46.0529251],[6.9971622,46.0528714],[6.9971793,46.0528204],[6.9972348,46.0527134],[6.9972502,46.0526365],[6.9972348,46.0525381],[6.9972379,46.0524911],[6.9972978,46.0524277],[6.9973734,46.0523221],[6.9974505,46.052273],[6.9974751,46.0522259],[6.9974782,46.0521879],[6.9975028,46.0521046],[6.9975275,46.0520222],[6.9975506,46.0519752],[6.9976245,46.0518683],[6.997643,46.0518234],[6.9976553,46.0517528],[6.9976754,46.0516031],[6.9976707,46.0515219],[6.9976969,46.0513872],[6.9977108,46.0512353],[6.9977123,46.0511626],[6.9976862,46.0510472],[6.9977046,46.050874],[6.9977291,46.0507584],[6.9978664,46.0504159],[6.9979383,46.0504987],[6.997928,46.0506355],[6.9979698,46.0507199],[6.9981381,46.0508783],[6.9982161,46.0509679],[6.9983841,46.0512331],[6.9985301,46.0513403],[6.9987751,46.051805],[6.9988835,46.0519608],[6.9987909,46.0521674],[6.9988678,46.052343],[6.9989827,46.0526102],[6.9990041,46.0528651],[6.9989978,46.05304],[6.9990352,46.0531746],[6.9992406,46.0535029],[6.9992954,46.0535311],[6.9993454,46.053513],[6.9993397,46.0533848],[6.9993356,46.0532366],[6.9994134,46.0530929],[6.9994919,46.0529861],[6.9995187,46.0529211],[6.9995703,46.0528385],[6.9996263,46.0526832],[6.9996275,46.0526293],[6.9996035,46.0526297],[6.9996021,46.0526672],[6.9998071,46.0526689],[6.9998126,46.0527288],[6.9998218,46.0527621],[6.9998651,46.0527957],[6.9999078,46.0528334],[6.9999296,46.0528487],[6.9999617,46.0528512],[6.9999837,46.0528392],[6.9999959,46.052817],[7.0000496,46.052653],[7.0001844,46.0527829],[7.000258,46.0527107],[7.0003085,46.0529137],[7.0004577,46.0529647],[7.0008428,46.0528079],[7.0007407,46.0529821],[7.0006621,46.0531825],[7.000618,46.0533051],[7.0006387,46.0535571],[7.0006277,46.0536864],[7.0006075,46.0538518],[7.0006219,46.0539815],[7.0005678,46.0542369],[7.0005843,46.0543412],[7.0005801,46.0544923],[7.0006307,46.0545999],[7.0006177,46.0547134],[7.0005892,46.0548131],[7.0005438,46.0549022],[7.0004453,46.0549958],[7.0003252,46.0550976],[7.0003117,46.0551108],[7.0003076,46.0551172],[7.0002944,46.0551237],[7.0002274,46.0551949],[7.000213,46.0552373],[7.0002033,46.0552915],[7.0002011,46.055353],[7.0002207,46.0554832],[7.0002061,46.0555053],[7.0002128,46.0555267],[7.0002215,46.0555521],[7.0002727,46.0557165],[7.0003564,46.0558204],[7.0006515,46.0561051],[7.0007444,46.0563184],[7.0008321,46.0564073],[7.0008981,46.0564971],[7.0009048,46.0565669],[7.000878,46.0566265],[7.0007801,46.0567261],[7.0007305,46.0568052],[7.0007144,46.0569001],[7.0007305,46.0569662],[7.0007667,46.0570109],[7.0009062,46.05709],[7.0010088,46.0571979],[7.0011,46.0573217],[7.0011426,46.0574779],[7.0011149,46.0575732],[7.0012166,46.0576997],[7.0013461,46.0577309],[7.0014867,46.0576774],[7.0016218,46.0576734],[7.0017091,46.0576432],[7.0018625,46.0575956],[7.0019452,46.0575998],[7.0020414,46.0576182],[7.0021299,46.0576492],[7.0022565,46.0576362],[7.0024522,46.0576523],[7.002646,46.0576566],[7.0027446,46.0576489],[7.0028596,46.0576395],[7.0029904,46.0575962],[7.003117,46.0575114],[7.0031766,46.0574116],[7.0032465,46.0573611],[7.0033899,46.0573347],[7.0035276,46.0573306],[7.0036079,46.0573394],[7.0037218,46.0573724],[7.0038909,46.0574169],[7.0040416,46.0574245],[7.0042444,46.0574071],[7.004375,46.0574317],[7.004425,46.0574399],[7.0045123,46.0574679],[7.0046797,46.0575079],[7.0047985,46.0574845],[7.0050373,46.0574749],[7.0053255,46.0575035],[7.0054538,46.0575156],[7.0055698,46.0575435],[7.0056156,46.0575442],[7.0058906,46.0575124],[7.006016,46.0575456],[7.0061052,46.0576023],[7.0061822,46.057626],[7.0062478,46.0576445],[7.0063386,46.057663],[7.0064427,46.0576711],[7.0066156,46.057694],[7.0067501,46.0577073],[7.0068695,46.0577265],[7.0069615,46.0577516],[7.0070383,46.0577492],[7.0071495,46.0577528],[7.0072497,46.0577638],[7.0073959,46.0578095],[7.0076172,46.0578325],[7.0076904,46.0578155],[7.0077547,46.0578178],[7.0078645,46.0578216],[7.008014,46.0577777],[7.0081609,46.0577306],[7.0082748,46.057724],[7.0083988,46.0577548],[7.0085177,46.0577543],[7.0086352,46.0577733],[7.0088252,46.0578007],[7.0090229,46.0577987],[7.009147,46.0578059],[7.0094326,46.0577675],[7.0095832,46.0577781],[7.0097169,46.0577824],[7.0098271,46.0577702],[7.0100025,46.0576781],[7.0101529,46.0575976],[7.0103239,46.0575549],[7.010629,46.0573033],[7.0107157,46.0572704],[7.0108563,46.0572521],[7.0110418,46.0572581],[7.0111212,46.057219],[7.0112023,46.0572083],[7.0113284,46.0572423],[7.0114098,46.057234],[7.0115439,46.0572368],[7.0116335,46.0571538],[7.0118199,46.0572178],[7.0120889,46.0572159],[7.0122014,46.0572711],[7.0124073,46.0573226],[7.0125994,46.0573549],[7.0127335,46.0573676],[7.012841,46.0573702],[7.013048,46.057391],[7.0131858,46.0573779],[7.0133263,46.0573782],[7.013519,46.0573797],[7.0136264,46.0573886],[7.0137664,46.0574],[7.0139036,46.0573486],[7.0139911,46.057313],[7.0142573,46.0571664],[7.0143401,46.0571037],[7.0143452,46.0570521],[7.0143369,46.0569725],[7.0143883,46.0569182],[7.0144976,46.0569518],[7.0146421,46.0570618],[7.0148063,46.0571111],[7.0150385,46.0571292],[7.0152683,46.0571054],[7.0156704,46.0572598],[7.0159184,46.0573093],[7.0160922,46.0573281],[7.0162837,46.0573463],[7.0165102,46.0573508],[7.0167916,46.057345],[7.0171917,46.0572961],[7.0173713,46.0573096],[7.0174944,46.0573097],[7.0176012,46.0572961],[7.0176788,46.057305],[7.017825,46.057311],[7.0180056,46.0573259],[7.0183798,46.057305],[7.0185571,46.0572747],[7.0187432,46.0571912],[7.0188679,46.0570792],[7.0189387,46.0570137],[7.0189548,46.0569615],[7.0190159,46.0569036],[7.0191345,46.0568648],[7.019223,46.0568071],[7.0193302,46.056766],[7.0193839,46.0567652],[7.0194027,46.0567419],[7.0195464,46.0567431],[7.0196803,46.0566098],[7.0199799,46.0567578],[7.0201752,46.0567261],[7.0202787,46.0567047],[7.0203508,46.0566591],[7.0204139,46.0566442],[7.0205731,46.0565433],[7.0206727,46.056446],[7.0207718,46.0563715],[7.020835,46.0563361],[7.0208913,46.0563306],[7.0209731,46.0562635],[7.0210402,46.0562161],[7.0211112,46.0562031],[7.0211889,46.0561598],[7.021236,46.0561426],[7.0212896,46.0561044],[7.0213218,46.056097],[7.0215533,46.056007],[7.0216913,46.055935],[7.0218362,46.0558843],[7.022081,46.0558376],[7.0222987,46.0558081],[7.0226385,46.0558305],[7.0229258,46.0557698],[7.02308,46.0557452],[7.023406,46.0557813],[7.0235896,46.0557554],[7.0237156,46.0557755],[7.0238551,46.055815],[7.0240724,46.055828],[7.0242738,46.0558763],[7.0243894,46.0559426],[7.0244985,46.0560225],[7.0246992,46.0562089],[7.0247359,46.0562667],[7.0247764,46.0564263],[7.0247991,46.0565611],[7.0248135,46.0566475],[7.0248358,46.056709],[7.0248725,46.0567822],[7.0248888,46.0568904],[7.0250501,46.0571647],[7.0251404,46.0572482],[7.0251963,46.0573736],[7.0253495,46.057576],[7.0254456,46.0577708],[7.0254949,46.0578225],[7.0255549,46.0578607],[7.0257897,46.0579364],[7.0260264,46.0580119],[7.0262203,46.0581265],[7.0263919,46.0581913],[7.0267231,46.0583763],[7.0268079,46.0584295],[7.0268961,46.0584574],[7.0270213,46.0584706],[7.0272478,46.0584629],[7.0278179,46.0584513],[7.0279157,46.0584603],[7.0280557,46.0584489],[7.0282455,46.0584032],[7.0284297,46.0583486],[7.0286614,46.0582948],[7.0289582,46.058238],[7.0291395,46.0581977],[7.0291926,46.0581819],[7.0292352,46.0581584],[7.0292716,46.0581225],[7.0293008,46.0580612],[7.0293286,46.057965],[7.0293544,46.0578629],[7.029384,46.0578234],[7.029407,46.0578056],[7.0294336,46.057786],[7.029475,46.0577801],[7.0295017,46.0577653],[7.0295022,46.057737],[7.0294985,46.0577106],[7.0295547,46.0576213],[7.0296307,46.057518],[7.0296651,46.0574582],[7.0296713,46.0574212],[7.0296946,46.0573901],[7.0297762,46.0573334],[7.0298454,46.057287],[7.0298872,46.0572584],[7.0299223,46.0572142],[7.0299721,46.0571142],[7.0300268,46.0570649],[7.0300475,46.0570419],[7.0301097,46.0569931],[7.0302042,46.0569209],[7.0302864,46.0568785],[7.0303223,46.0568688],[7.0304419,46.0567884],[7.0305175,46.0567427],[7.030571,46.0567383],[7.030603,46.0567102],[7.0307568,46.0566405],[7.0308371,46.0566243],[7.0309073,46.0566078],[7.0309952,46.0565649],[7.0311459,46.0565263],[7.0312259,46.0565376],[7.0313268,46.0565383],[7.0314212,46.0564788],[7.0315086,46.0564131],[7.0315685,46.0563761],[7.0316768,46.0563581],[7.03178,46.0563265],[7.0318431,46.0562847],[7.0319296,46.0562512],[7.0320049,46.0562359],[7.0320537,46.056233],[7.0321076,46.0562098],[7.0321419,46.0562102],[7.0321755,46.0562239],[7.0322139,46.0562269],[7.0322763,46.0562398],[7.0323497,46.0562408],[7.0324138,46.056232],[7.0325264,46.0562215],[7.0326446,46.0562163],[7.0326873,46.0561987],[7.0327399,46.0561942],[7.0328029,46.0561851],[7.0328411,46.0561845],[7.0329111,46.0561917],[7.0329543,46.0561857],[7.0329958,46.0561715],[7.03304,46.0561494],[7.0332727,46.0560012],[7.0333776,46.0559732],[7.033517,46.0559311],[7.0336799,46.0558988],[7.033759,46.0558784],[7.033935,46.0557984],[7.0340517,46.0557843],[7.0341676,46.0558008],[7.0343005,46.0558338],[7.0343871,46.0558408],[7.0345027,46.055855],[7.0346246,46.0558893],[7.0347295,46.0559421],[7.0347484,46.055973],[7.0349101,46.0560832],[7.035001,46.0561323],[7.0350369,46.0561619],[7.0350554,46.0562048],[7.0351194,46.0562524],[7.0351395,46.0562829],[7.0351788,46.0563155],[7.0352282,46.0563595],[7.0352849,46.0564325],[7.0353158,46.0565216],[7.0353462,46.0565844],[7.0353554,46.0566262],[7.0353736,46.0566518],[7.0354148,46.0567827],[7.0354665,46.056964],[7.035497,46.0570727],[7.0355277,46.0571804],[7.0355456,46.0572498],[7.0355745,46.0573019],[7.0356335,46.0573822],[7.0356949,46.0574566],[7.035763,46.0575136],[7.0358411,46.0575533],[7.0359915,46.0576079],[7.0361549,46.0576524],[7.0362706,46.0576747],[7.0365472,46.0576739],[7.0366591,46.0576618],[7.0367648,46.0576386],[7.0369236,46.057647],[7.0370984,46.0576214],[7.0373076,46.0576225],[7.0375305,46.057632],[7.0377181,46.0576225],[7.0379375,46.0576106],[7.0381227,46.0576157],[7.0382253,46.0576144],[7.0385194,46.0575691],[7.0388513,46.0575644],[7.0389011,46.0575636],[7.0389537,46.0575574],[7.0390363,46.0575358],[7.0391496,46.0575349],[7.0392989,46.0574942],[7.0395877,46.0574386],[7.0396899,46.0574375],[7.0397781,46.0574491],[7.0398952,46.0574817],[7.0400123,46.0575024],[7.0402153,46.0575868],[7.0403734,46.0576645],[7.040502,46.0577367],[7.0405603,46.0577859],[7.0406092,46.0578239],[7.0406761,46.0578438],[7.0407279,46.0578607],[7.0407928,46.0578616],[7.0409404,46.0578567],[7.0412935,46.0578572],[7.0414524,46.0578555],[7.0415832,46.0578583],[7.0417064,46.0578519],[7.0418297,46.0578282],[7.0419615,46.0577747],[7.0420448,46.0577224],[7.0420749,46.0576688],[7.0421017,46.0576526],[7.0421869,46.0576302],[7.0423114,46.057576],[7.042428,46.0575375],[7.0425048,46.0575301],[7.0426275,46.0575297],[7.0427955,46.0575254],[7.0428754,46.0575261],[7.042905,46.0575431],[7.0429459,46.0575597],[7.0429934,46.0575629],[7.0430356,46.0575467],[7.0430886,46.0575202],[7.0431327,46.0574829],[7.0431872,46.0574148],[7.0432734,46.0573589],[7.0433918,46.0573074],[7.043473,46.0572786],[7.0436612,46.0572374],[7.043787,46.057226],[7.0438962,46.0572508],[7.0439823,46.0572759],[7.0440558,46.0573074],[7.0441631,46.057311],[7.0441952,46.0573133],[7.0442746,46.0573784],[7.0443343,46.0573966],[7.0443462,46.0574115],[7.0443445,46.0574262],[7.0443533,46.0574372],[7.0443813,46.0574517],[7.0444068,46.0574784],[7.0444339,46.0575137],[7.0444583,46.0575664],[7.0444715,46.0575785],[7.0444879,46.0575814],[7.0445025,46.0575768],[7.0445071,46.0575655],[7.0445256,46.0574866],[7.0445536,46.0574311],[7.0445865,46.0573208],[7.0446098,46.0572368],[7.0446357,46.057194],[7.0447492,46.0570817],[7.044795,46.0570358],[7.0448491,46.0569953],[7.044869,46.0569827],[7.0448841,46.056966],[7.0449313,46.0569163],[7.044982,46.0568801],[7.0451953,46.0567584],[7.0452466,46.0567279],[7.0452869,46.0567095],[7.0453023,46.0566898],[7.0453233,46.0566744],[7.0453807,46.0566413],[7.0454185,46.0566091],[7.0454444,46.0565781],[7.0454751,46.0565643],[7.0455216,46.0565407],[7.0455567,46.0565236],[7.0455849,46.0565014],[7.0456141,46.0564753],[7.0456213,46.056472],[7.0456287,46.0564704],[7.0456855,46.0564651],[7.0457005,46.0564648],[7.0457149,46.0564627],[7.045751,46.0564476],[7.0457877,46.056429],[7.0458208,46.0564044],[7.0458567,46.0563705],[7.0459297,46.0563156],[7.0459729,46.056267],[7.0460165,46.05622],[7.0460286,46.056194],[7.0460969,46.0561378],[7.0461645,46.0561028],[7.0462021,46.0560795],[7.0462259,46.0560594],[7.046277,46.0560205],[7.046309,46.0559791],[7.0463121,46.055967],[7.0463096,46.0559552],[7.0462986,46.0559344],[7.0462699,46.0558927],[7.0462453,46.055858],[7.0462265,46.0558121],[7.0462268,46.0557395],[7.0462287,46.055675],[7.0462536,46.0556231],[7.0462788,46.0555744],[7.0463093,46.0555424],[7.0463575,46.0555045],[7.0463988,46.055474],[7.0464282,46.0554552],[7.0464792,46.0554346],[7.0465264,46.0554236],[7.0466046,46.0553968],[7.046647,46.0553796],[7.0466914,46.055378],[7.0467803,46.0553605],[7.0468252,46.0553465],[7.0468744,46.0553375],[7.0469236,46.0553331],[7.0469726,46.0553314],[7.047039,46.0553243],[7.0471079,46.0553191],[7.0471555,46.0553198],[7.0472028,46.0553244],[7.0472512,46.0553226],[7.047292,46.0553175],[7.0473353,46.0553107],[7.0473762,46.0552985],[7.047437,46.0552757],[7.0474888,46.0552562],[7.047528,46.0552484],[7.0475471,46.0552501],[7.0475787,46.0552594],[7.0476171,46.0552705],[7.0476489,46.0552771],[7.0477007,46.055283],[7.0477237,46.0552857],[7.0477471,46.0552935],[7.0477822,46.0553104],[7.0478684,46.0553298],[7.047925,46.0553507],[7.0479821,46.0553624],[7.0481408,46.0553908],[7.0482009,46.0554038],[7.0482212,46.0554151],[7.0482436,46.0554195],[7.0482668,46.0554172],[7.0483148,46.0554121],[7.0483662,46.0554126],[7.0484149,46.0554214],[7.0485312,46.0554139],[7.0486586,46.0554052],[7.048686,46.0553995],[7.0487066,46.0553898],[7.0487208,46.0553777],[7.0487296,46.0553618],[7.0487479,46.0553327],[7.0487825,46.0553151],[7.0488238,46.0553073],[7.0488889,46.0553013],[7.0489703,46.0552881],[7.04905,46.0552893],[7.0491215,46.0552897],[7.0491685,46.0552795],[7.0492105,46.0552781],[7.0492614,46.0552904],[7.0492837,46.0552958],[7.0493078,46.0552944],[7.0493461,46.0552803],[7.0493888,46.0552778],[7.0494387,46.0552932],[7.0494836,46.0553145],[7.0495226,46.0553493],[7.0495542,46.0553603],[7.0495908,46.0553639],[7.0496613,46.0553653],[7.0497461,46.0553786],[7.0498957,46.0554038],[7.0499645,46.0554235],[7.0500507,46.055456],[7.0501276,46.055463],[7.0502094,46.0554687],[7.0504869,46.0555394],[7.0506806,46.0555848],[7.0508839,46.0556586],[7.0509643,46.0556623],[7.0511521,46.0556586],[7.0512916,46.0556883],[7.051437,46.0557673],[7.051614,46.0557784],[7.0517851,46.055774],[7.0520646,46.0557486],[7.0523427,46.0557479],[7.0525841,46.0557591],[7.052847,46.0558149],[7.0531742,46.055867],[7.0535014,46.0558856],[7.0538555,46.0559005],[7.0540379,46.0558931],[7.0544688,46.055929],[7.0546608,46.055952],[7.0549704,46.0559464],[7.0551644,46.0559303],[7.0552671,46.0558492],[7.0553208,46.0557486],[7.0554066,46.0554657],[7.0554326,46.0554129],[7.0555139,46.0551344],[7.05553,46.0549222],[7.055522,46.054818],[7.0554871,46.0547081],[7.0554629,46.0545443],[7.0554998,46.0543705],[7.0555374,46.0542476],[7.0555515,46.0541572],[7.0556132,46.0540511],[7.0556903,46.0538735],[7.0557841,46.0537078],[7.0558841,46.0535262],[7.0559887,46.0533698],[7.0560718,46.0532079],[7.056106,46.0530414],[7.0561389,46.0528784],[7.0561764,46.0526029],[7.0561838,46.0524421],[7.0561711,46.0523516],[7.0560986,46.0522231],[7.0559746,46.0520865],[7.0559055,46.0519942],[7.0558914,46.0518985],[7.0559048,46.0517496],[7.0558673,46.0515579],[7.0558036,46.0513129],[7.0557634,46.051164],[7.0557714,46.0510057],[7.0557546,46.0508598],[7.0557198,46.0506681],[7.0556775,46.0505292],[7.0555383,46.050176],[7.0554181,46.0499059],[7.0553888,46.0498103],[7.0553781,46.0497394],[7.0553984,46.049698],[7.0554281,46.0496561],[7.0554607,46.0496022],[7.0555119,46.0495436],[7.055581,46.0495128],[7.055642,46.0495158],[7.0556876,46.0495828],[7.0557573,46.0496721],[7.0557734,46.0496684],[7.055857,46.0496075],[7.0558952,46.0495538],[7.056037,46.0494099],[7.0560828,46.0493381],[7.0561395,46.0492254],[7.0561996,46.0492877],[7.0562267,46.0493333],[7.0562574,46.0494164],[7.0562998,46.049498],[7.0563662,46.0495772],[7.0564601,46.0496107],[7.0565325,46.04962],[7.0566372,46.0496112],[7.0565746,46.0495687],[7.0565564,46.0495287],[7.0565835,46.0494709],[7.0566259,46.0494056],[7.0566351,46.0494569],[7.0566565,46.0494923],[7.0567316,46.0495091],[7.0568134,46.0495064],[7.0567933,46.0494663],[7.0567792,46.0494395],[7.0568034,46.0494078],[7.0568309,46.0493918],[7.0568383,46.0493352],[7.0568731,46.0492663],[7.0568889,46.0492314],[7.0569265,46.0491779],[7.056967,46.0491461],[7.0570056,46.0491711],[7.0570394,46.0491974],[7.0570904,46.0492533],[7.0571259,46.0493117],[7.0572289,46.0493681],[7.0573273,46.0493951],[7.0573918,46.0494197],[7.0574907,46.0495128],[7.0575457,46.049571],[7.0576067,46.0496182],[7.0577474,46.0496923],[7.0578949,46.0497525],[7.057998,46.0498191],[7.0580459,46.0498832],[7.0581098,46.0499399],[7.0582181,46.0500554],[7.0582469,46.0500893],[7.0583126,46.0499677],[7.058366,46.0498758],[7.0584121,46.0497858],[7.0584136,46.0496942],[7.0583678,46.0496152],[7.0582149,46.0493732],[7.0580271,46.0491368],[7.0578575,46.0490057],[7.0578168,46.0489648],[7.0577884,46.0489072],[7.0577312,46.0488781],[7.0576721,46.0488342],[7.0576267,46.0487688],[7.0575955,46.0486659],[7.0575727,46.0485619],[7.0575546,46.0484788],[7.0575533,46.0483699],[7.0574975,46.0483213],[7.0574379,46.048209],[7.0573976,46.0481749],[7.0573567,46.0480496],[7.0573262,46.0479045],[7.0573147,46.0477966],[7.0573433,46.0476875],[7.0573583,46.047577],[7.0573459,46.0474781],[7.0572761,46.0472845],[7.0572064,46.0470965],[7.057142,46.0469885],[7.0570696,46.046914],[7.0569596,46.0468023],[7.0568792,46.0466794],[7.0568228,46.0465454],[7.056745,46.0464318],[7.0565841,46.0462959],[7.0564312,46.0461861],[7.0563615,46.0461042],[7.0562918,46.0460707],[7.0562703,46.0460186],[7.056281,46.0459515],[7.0562435,46.0458771],[7.0562274,46.0458045],[7.0562207,46.0457142],[7.0562247,46.0456146],[7.0562408,46.0455438],[7.0562189,46.0454506],[7.0561351,46.0453953],[7.0560611,46.045339],[7.0560275,46.0453186],[7.0560107,46.0452934],[7.0560125,46.0452488],[7.0560181,46.0452202],[7.0560324,46.0452004],[7.0560582,46.0451842],[7.0560786,46.0451632],[7.0560884,46.0451318],[7.0560945,46.0450979],[7.0561244,46.0450527],[7.0561725,46.0450081],[7.0562815,46.0448739],[7.05634,46.0448531],[7.0564327,46.044813],[7.056511,46.0447631],[7.0565975,46.0446856],[7.0566371,46.0446105],[7.0567015,46.0445434],[7.0567531,46.0444603],[7.0567639,46.0444394],[7.05681,46.0444346],[7.0568899,46.0444585],[7.0569831,46.0445081],[7.0570475,46.0445472],[7.0571045,46.0445534],[7.0571333,46.0445341],[7.0571708,46.0444988],[7.0571822,46.0444529],[7.0572252,46.0444175],[7.0572547,46.0443858],[7.057254,46.0443219],[7.0572701,46.0442791],[7.0572915,46.044253],[7.0573452,46.0442406],[7.0574573,46.0442317],[7.0576097,46.0441948],[7.0576978,46.0441872],[7.057801,46.0441891],[7.0579063,46.0442279],[7.0579755,46.0442425],[7.0580726,46.0442792],[7.0581096,46.0443214],[7.0580926,46.0444277],[7.0581322,46.0444518],[7.058187,46.0444726],[7.0582373,46.0444663],[7.0582986,46.0444538],[7.0583454,46.0444092],[7.0584229,46.0443752],[7.0584768,46.0443366],[7.0585432,46.0443075],[7.0586151,46.0442961],[7.0587222,46.0442993],[7.0587642,46.0442508],[7.0588224,46.044223],[7.0589371,46.0441845],[7.0590783,46.0440647],[7.0591986,46.0440563],[7.0592577,46.0440167],[7.0593361,46.0439881],[7.0593989,46.0439487],[7.0594671,46.0439218],[7.0595334,46.0438912],[7.0595622,46.0439001],[7.0595745,46.0439354],[7.0596139,46.0439565],[7.059614,46.0439994],[7.0595756,46.0440231],[7.0595672,46.0440565],[7.0596552,46.0440629],[7.0597629,46.0440242],[7.0598447,46.0439809],[7.059931,46.0439407],[7.059936,46.0439052],[7.0599923,46.0438708],[7.0600203,46.0438599],[7.0601592,46.0438835],[7.0602041,46.0439023],[7.0602547,46.0439489],[7.0603204,46.0439779],[7.0604967,46.0440276],[7.0606177,46.0440887],[7.0606795,46.0441014],[7.060726,46.0441057],[7.0607476,46.0441295],[7.0607728,46.0441887],[7.0607813,46.044219],[7.0608027,46.0442455],[7.0608653,46.0442883],[7.0608735,46.0443178],[7.0608548,46.0443467],[7.0607764,46.044386],[7.0606427,46.044494],[7.0607557,46.0446733],[7.0607639,46.0447443],[7.0607889,46.0447815],[7.0609004,46.0448256],[7.0609527,46.0448772],[7.0610781,46.0450124],[7.0610939,46.0450627],[7.06111,46.0450975],[7.0611523,46.0451138],[7.0612407,46.0451045],[7.0613662,46.0451734],[7.061439,46.0451815],[7.0614783,46.0452051],[7.0615565,46.0452552],[7.0616205,46.0452989],[7.0616813,46.0453683],[7.0618106,46.0454172],[7.0619334,46.045542],[7.0620295,46.0457038],[7.0621298,46.045789],[7.0622265,46.0458586],[7.0623456,46.0459346],[7.0624589,46.0459831],[7.0626196,46.0460373],[7.0628118,46.0460857],[7.0629406,46.0461237],[7.063079,46.0461523],[7.0631974,46.0461723],[7.0633385,46.0461767],[7.063481,46.0461867],[7.0635816,46.0462185],[7.0636874,46.0462643],[7.0637699,46.0463218],[7.063947,46.0463773],[7.0640023,46.0463969],[7.064082,46.0464436],[7.0641514,46.0464678],[7.0642428,46.0465133],[7.0644271,46.0465989],[7.064601,46.0466733],[7.0648146,46.0468268],[7.0649239,46.0468742],[7.0649599,46.0468988],[7.0649682,46.046931],[7.0650244,46.0469598],[7.06503,46.0470534],[7.065255,46.0471014],[7.0654327,46.0471808],[7.0655997,46.0472763],[7.0657569,46.0474962],[7.0658448,46.0476214],[7.0658852,46.0476529],[7.0659456,46.0476784],[7.066013,46.0477003],[7.0661121,46.0477202],[7.0663069,46.0477543],[7.0664838,46.0477414],[7.0665576,46.0477485],[7.0666527,46.0478022],[7.0667498,46.0478681],[7.0668274,46.047916],[7.0669185,46.047927],[7.0670435,46.0479301],[7.0671274,46.0479601],[7.067231,46.0480207],[7.0673722,46.0481165],[7.0674576,46.0482048],[7.0675318,46.0482607],[7.067648,46.0482836],[7.0677438,46.0483183],[7.0678482,46.0483635],[7.0679358,46.0484178],[7.0679859,46.0484757],[7.0680522,46.0485285],[7.0682041,46.0486598],[7.0682831,46.0487504],[7.0684277,46.0488656],[7.068543,46.0489574],[7.0686699,46.0490611],[7.0687495,46.0491364],[7.0688482,46.049196],[7.0690473,46.0493192],[7.0691992,46.0494341],[7.0694075,46.0495848],[7.0695653,46.0497063],[7.0696986,46.0497997],[7.0698385,46.0499599],[7.0699367,46.0500788],[7.0700118,46.0501634],[7.0700541,46.0502455],[7.0701379,46.05036],[7.0702261,46.0504629],[7.0703534,46.0505496],[7.0704808,46.0506091],[7.0706275,46.050736],[7.0708319,46.0509242],[7.0709298,46.0510282],[7.0710102,46.0511013],[7.0710969,46.0511622],[7.071202,46.0512389],[7.0713076,46.0513152],[7.071515,46.0515206],[7.0717002,46.0516841],[7.0718365,46.0517841],[7.0720114,46.0518687],[7.0721475,46.0519483],[7.0722739,46.0520421],[7.0723384,46.0520969],[7.0723836,46.0521218],[7.0724514,46.0521362],[7.0726134,46.0521553],[7.0727874,46.0521642],[7.0730126,46.052175],[7.0731834,46.0521906],[7.0733992,46.0522388],[7.0735064,46.0522836],[7.0735961,46.0523503],[7.073702,46.0523897],[7.0738425,46.052391],[7.0739905,46.0523779],[7.0741417,46.0523333],[7.0743437,46.0522388],[7.0744936,46.0521802],[7.0746286,46.0521582],[7.0748044,46.0521236],[7.0750187,46.0520603],[7.0751774,46.0519901],[7.0753264,46.0518873],[7.0757316,46.0515802],[7.0758571,46.0515061],[7.0759903,46.0514544],[7.076166,46.0514024],[7.0763459,46.0513467],[7.0764934,46.0512773],[7.0766388,46.0511769],[7.076793,46.0510542],[7.0769026,46.0509353],[7.0770837,46.0508137],[7.0773229,46.0506707],[7.0776308,46.0504992],[7.0780101,46.0503492],[7.0785438,46.0501376],[7.0788652,46.050072],[7.0791907,46.0500198],[7.0793427,46.0499752],[7.079489,46.0499252],[7.0796422,46.0498542],[7.0799421,46.0497231],[7.0800709,46.0496857],[7.0801993,46.0496621],[7.0803829,46.049664],[7.0804852,46.0496664],[7.0807044,46.0496911],[7.0808957,46.0496954],[7.0811998,46.0496583],[7.0812568,46.0496548],[7.0812713,46.0496378],[7.0813887,46.0495979],[7.0814509,46.0495548],[7.0814933,46.0495118],[7.0815401,46.0494753],[7.0816422,46.0494065],[7.0817156,46.0493595],[7.0817774,46.0493242],[7.0818479,46.0493024],[7.0819214,46.0492841],[7.0820111,46.0492661],[7.0821701,46.0492711],[7.0823086,46.0492257],[7.0823872,46.0492454],[7.0824345,46.0492642],[7.0824725,46.0492521],[7.0824994,46.0491507],[7.0825524,46.0490265],[7.0825527,46.0489842],[7.0826377,46.0488085],[7.0826762,46.0487591],[7.0826778,46.0487197],[7.0827631,46.0485943],[7.0828685,46.0484565],[7.0829285,46.0483513],[7.0829691,46.0483007],[7.0830069,46.0482796],[7.0830574,46.0482632],[7.0831134,46.0482445],[7.0831635,46.0482167],[7.0832316,46.0481739],[7.08331,46.0481483],[7.0834294,46.0481316],[7.0835899,46.0481331],[7.0837183,46.0480671],[7.0837596,46.0480767],[7.0837768,46.0481015],[7.0837976,46.0481293],[7.0838242,46.0481558],[7.0839003,46.0481544],[7.0840962,46.0481849],[7.0841903,46.0482014],[7.0842489,46.0482487],[7.0843019,46.048296],[7.0843787,46.0483503],[7.0844768,46.0484086],[7.0844969,46.0484173],[7.0845247,46.0484207],[7.0845515,46.0484165],[7.084572,46.0484037],[7.0846272,46.0483526],[7.0847424,46.0482734],[7.0850241,46.0481859],[7.0852019,46.0481159],[7.0855285,46.0479469],[7.0856004,46.0478835],[7.0857714,46.0477308],[7.0859337,46.0475936],[7.0861016,46.0475376],[7.0863396,46.0475463],[7.0864471,46.0475531],[7.0865944,46.0475381],[7.0867893,46.0474688],[7.0872813,46.0473294],[7.0875359,46.0472138],[7.0879246,46.0470425],[7.0881357,46.0469883],[7.0885216,46.0467893],[7.0887403,46.0467052],[7.0889764,46.0465552],[7.0892371,46.0464482],[7.0895423,46.0463619],[7.0896786,46.0463639],[7.0898741,46.0464092],[7.0900341,46.0464647],[7.0901879,46.0465136],[7.0903486,46.0465679],[7.0903943,46.0465824],[7.0905079,46.0466261],[7.0906732,46.0466919],[7.0908358,46.0467616],[7.0910546,46.0468338],[7.0913847,46.0468898],[7.0914369,46.0469026],[7.0914925,46.0469252],[7.0917401,46.0469259],[7.0918397,46.046832],[7.0918994,46.0467416],[7.0919125,46.0466457],[7.0919135,46.0465754],[7.0919396,46.0465151],[7.0920103,46.0464133],[7.0921453,46.0461367],[7.092187,46.0460351],[7.0922242,46.045945],[7.0922414,46.0458601],[7.0923096,46.0457007],[7.0924018,46.0455633],[7.0924784,46.0454761],[7.0925178,46.0454262],[7.0925295,46.0453813],[7.0925533,46.0452897],[7.0925732,46.0450375],[7.0925554,46.0449244],[7.0925552,46.0448315],[7.0925774,46.0447587],[7.0926301,46.0446672],[7.0926846,46.0445956],[7.0927664,46.044454],[7.0927799,46.0443844],[7.0927748,46.0443208],[7.0927395,46.0441712],[7.0927301,46.0440926],[7.0927831,46.0439947],[7.0929344,46.0437613],[7.0930091,46.0436493],[7.0930852,46.0435164],[7.0931481,46.0434096],[7.0932144,46.0432746],[7.0933109,46.0431312],[7.0933868,46.0430569],[7.0934117,46.0430325],[7.093691,46.0429442],[7.0938461,46.042903],[7.093882,46.0428959],[7.0939287,46.0428688],[7.0939718,46.042821],[7.094068,46.0427014],[7.0940838,46.0426873],[7.0941893,46.0425935],[7.0942979,46.042459],[7.0943522,46.0423141],[7.0944136,46.0421815],[7.0944615,46.0420645],[7.0945232,46.0419661],[7.0945731,46.0418467],[7.094583,46.0418098],[7.0946089,46.0416918],[7.0946473,46.0416063],[7.0947177,46.0415675],[7.0948601,46.0415252],[7.0949169,46.0415134],[7.094958,46.0414941],[7.0949963,46.0414427],[7.095012,46.0413766],[7.0950508,46.0412235],[7.0950897,46.0411291],[7.0951104,46.0410863],[7.0951329,46.0410452],[7.0951511,46.0410123],[7.0951813,46.0409717],[7.0952403,46.0408989],[7.0953139,46.0408164],[7.0954425,46.040687],[7.0954631,46.0406607],[7.0954846,46.0406254],[7.0954919,46.0406003],[7.0954927,46.0405759],[7.09549,46.0405586],[7.0954804,46.0405373],[7.0954494,46.0404847],[7.0954447,46.0404739],[7.0954435,46.0404581],[7.0954448,46.0404424],[7.0954493,46.0404211],[7.0954586,46.040399],[7.0955206,46.0402748],[7.0955508,46.0402232],[7.0955734,46.0401925],[7.0956045,46.0401544],[7.0956559,46.0400996],[7.0956854,46.0400745],[7.0957225,46.040048],[7.095767,46.0400234],[7.0958015,46.0400069],[7.095998,46.0399313],[7.0960747,46.0399024],[7.0961138,46.0398843],[7.0961336,46.0398736],[7.0961534,46.0398606],[7.0961696,46.0398476],[7.0961745,46.0398273],[7.0961689,46.0398006],[7.0961554,46.0397804],[7.0961072,46.0397347],[7.0960395,46.0396889],[7.0959964,46.0396604],[7.0958714,46.0396127],[7.0957795,46.0395849],[7.0956698,46.0395747],[7.0956189,46.0395775],[7.0955101,46.0395949],[7.0953387,46.0396295],[7.0951474,46.0396555],[7.0946255,46.0396894],[7.0942553,46.0397536],[7.0940664,46.0397703],[7.0940945,46.039705],[7.0941729,46.0396166],[7.0943598,46.0393944],[7.0945063,46.0392266],[7.0946116,46.0391044],[7.0946348,46.0390643],[7.0948477,46.0388094],[7.0949526,46.0386855],[7.0950945,46.0385018],[7.0953078,46.0382365],[7.0953942,46.0381466],[7.0955004,46.0380329],[7.0957022,46.0377835],[7.0957795,46.0376549],[7.0958242,46.037557],[7.0958543,46.0374692],[7.0958976,46.0372993],[7.0959235,46.0371875],[7.0959425,46.0371095],[7.0959893,46.036914],[7.0960021,46.0368794],[7.0960426,46.0367065],[7.0961358,46.0364659],[7.0962419,46.0363577],[7.0964288,46.036289],[7.0965322,46.0362531],[7.0967389,46.0361811],[7.0969137,46.0360811],[7.0970091,46.0360183],[7.0970878,46.0359426],[7.0971951,46.035824],[7.0973744,46.0356158],[7.09763,46.0354087],[7.0977452,46.035285],[7.0978927,46.0351421],[7.0979923,46.0350283],[7.0981488,46.0348567],[7.0982507,46.0347629],[7.0983661,46.034685],[7.0984443,46.0346478],[7.0985791,46.0346006],[7.0986749,46.0345452],[7.098755,46.0344721],[7.0988061,46.0343851],[7.0988274,46.0343045],[7.0988718,46.0342423],[7.0989243,46.0341894],[7.0989534,46.0341731],[7.0990027,46.0341391],[7.0990907,46.0340847],[7.0992716,46.0340124],[7.0994307,46.0339861],[7.0995742,46.0339831],[7.0997744,46.0339828],[7.0999608,46.0339635],[7.1002082,46.0339173],[7.1003282,46.0339157],[7.1004307,46.0339235],[7.1005672,46.0339513],[7.1004928,46.0338713],[7.1005609,46.0338334],[7.1005218,46.0337966],[7.1004987,46.0337489],[7.100231,46.0336625],[7.1002552,46.0335973],[7.1001989,46.0335358],[7.1004289,46.033417],[7.1005964,46.0333724],[7.1010277,46.0334204],[7.1011828,46.0333597],[7.1013093,46.0332137],[7.1014824,46.033139],[7.10151,46.0331365],[7.1018404,46.0330815],[7.1022049,46.0330738],[7.1025471,46.0329137],[7.102712,46.0327982],[7.1028891,46.0327556],[7.1031168,46.0325583],[7.1033505,46.0325229],[7.1036024,46.0322994],[7.1038011,46.0321281],[7.1040399,46.0320043],[7.1043653,46.0317459],[7.1044799,46.0315594],[7.1045512,46.0314938],[7.1046705,46.0314285],[7.1047704,46.0313981],[7.1049803,46.0312428],[7.1051115,46.0311452],[7.1052279,46.0310886],[7.1053056,46.0310699],[7.1054451,46.0310665],[7.1056312,46.0310603],[7.1059476,46.0310465],[7.1061315,46.0310694],[7.1062466,46.0310707],[7.106325,46.0310789],[7.1063688,46.0311191],[7.1064612,46.0310661],[7.1065908,46.0310552],[7.10659,46.0310877],[7.1067781,46.0314384],[7.106817,46.0314965],[7.1068478,46.0315708],[7.1068971,46.0316308],[7.1070007,46.0316382],[7.1070743,46.0316077],[7.1073217,46.0315429],[7.1073448,46.0315375],[7.1074877,46.0315044],[7.1077558,46.031447],[7.1077859,46.0314406],[7.1078026,46.0314382],[7.1078174,46.0314377],[7.1078435,46.0314387],[7.1078753,46.0314414],[7.1078992,46.0314476],[7.1079227,46.0314549],[7.1079461,46.0314657],[7.1079656,46.0314783],[7.1079886,46.0314973],[7.1080023,46.0315136],[7.1080227,46.0315412],[7.1080399,46.0315667],[7.108069,46.0316139],[7.108112,46.0316911],[7.1081611,46.0317734],[7.1081792,46.0318053],[7.1081969,46.0318317],[7.1082217,46.03186],[7.1082412,46.0318784],[7.1082611,46.0318929],[7.1082859,46.0319088],[7.1083084,46.0319211],[7.1083372,46.0319334],[7.1083615,46.031942],[7.108385,46.0319481],[7.1084187,46.0319536],[7.1084353,46.0319552],[7.1084675,46.0319555],[7.1085172,46.0319548],[7.1085713,46.0319506],[7.1086344,46.0319429],[7.108666,46.0319383],[7.1087463,46.0319254],[7.108808,46.0319144],[7.1090775,46.0318436],[7.10947,46.0318738],[7.1098631,46.0318623],[7.1105367,46.0317325],[7.1112771,46.0316216],[7.1115339,46.0315713],[7.1118135,46.031509],[7.1122181,46.0313955],[7.1123195,46.0313685],[7.1125543,46.0312912],[7.1127084,46.0312405],[7.1130205,46.0311275],[7.113183,46.0310661],[7.1132374,46.0310455],[7.1137357,46.0308982],[7.114019,46.0308334],[7.1141774,46.0307945],[7.1145795,46.0307226],[7.1151743,46.0305998],[7.115313,46.0305702],[7.115746,46.0304532],[7.1158518,46.0304153],[7.1160032,46.0303603],[7.1161875,46.030284],[7.1163517,46.0302011],[7.1166406,46.0300214],[7.1166845,46.0299919],[7.1168571,46.0298761],[7.1170146,46.0297134],[7.1172225,46.0293636],[7.1172845,46.0292895],[7.1173327,46.0292456],[7.1173885,46.0291969],[7.1174693,46.029132],[7.1175464,46.0290851],[7.117705,46.0289774],[7.1178844,46.0288017],[7.1179708,46.0286967],[7.1180696,46.0285864],[7.1182101,46.0284677],[7.1182955,46.0284019],[7.118341,46.028371],[7.1184023,46.0283343],[7.1184548,46.0283133],[7.118505,46.0282953],[7.1186857,46.0282479],[7.1188539,46.0282091],[7.118999,46.0281869],[7.1192123,46.0281725],[7.119507,46.0281608],[7.1197765,46.0281345],[7.1198703,46.0281111],[7.1199596,46.0280727],[7.1200559,46.028026],[7.1201626,46.0279508],[7.1202387,46.0278806],[7.1202983,46.0277939],[7.1203214,46.027747],[7.1203373,46.0277014],[7.1203477,46.02764],[7.1203508,46.0275452],[7.1203507,46.0274681],[7.1204554,46.0272608],[7.1204988,46.0272214],[7.1205069,46.0272292],[7.1205365,46.0272391],[7.1205661,46.0272495],[7.1206105,46.0271673],[7.1206639,46.0271767],[7.1207518,46.0271871],[7.1208064,46.0271753],[7.1208487,46.0271621],[7.1209097,46.0271338],[7.1210991,46.027046],[7.1212258,46.0269623],[7.1216004,46.0267148],[7.1218567,46.0266015],[7.1220952,46.0264827],[7.1222201,46.0264058],[7.1223206,46.0263263],[7.1224935,46.0261179],[7.1225231,46.0260832],[7.1225436,46.0258908],[7.1225171,46.0258572],[7.1224314,46.0257486],[7.1223775,46.0256802],[7.1223925,46.0256655],[7.1224589,46.0255889],[7.1224657,46.0255438],[7.1224672,46.0254998],[7.1224484,46.0254597],[7.1223394,46.0254492],[7.1222184,46.0254193],[7.122097,46.0253972],[7.1220389,46.0254016],[7.1219835,46.0254098],[7.1218309,46.0255022],[7.1216911,46.0255758],[7.1215083,46.0256374],[7.1213915,46.0257067],[7.1212907,46.0257885],[7.1212317,46.0258465],[7.1211682,46.0259288],[7.1211182,46.0259998],[7.1210873,46.0260426],[7.1210612,46.0260503],[7.121039,46.0260414],[7.1210348,46.0260161],[7.1210518,46.025918],[7.1210553,46.0258263],[7.121063,46.0257399],[7.1210893,46.0256567],[7.1211614,46.0255491],[7.1212195,46.0254743],[7.1213052,46.0254147],[7.1214127,46.0253294],[7.1214768,46.0252492],[7.1215333,46.0251435],[7.1215778,46.0250239],[7.1215908,46.024852],[7.1215947,46.0246995],[7.1215478,46.0246679],[7.1213627,46.0245601],[7.1212589,46.024514],[7.1210886,46.024457],[7.1210112,46.0244104],[7.1209744,46.0243485],[7.120959,46.0243025],[7.1209436,46.0242661],[7.1209436,46.0242276],[7.1209682,46.0240789],[7.1209852,46.0239966],[7.1209281,46.0239913],[7.1208016,46.0239807],[7.1206941,46.0239696],[7.1206115,46.0239473],[7.1205993,46.0238886],[7.1206117,46.0238096],[7.1206221,46.0236995],[7.1206257,46.023598],[7.1206232,46.0235243],[7.1206017,46.0234381],[7.1205194,46.0232998],[7.1203509,46.0231551],[7.1202726,46.0230956],[7.1202199,46.0230485],[7.1202001,46.0229923],[7.1201887,46.0229493],[7.1201573,46.0229012],[7.1201244,46.022862],[7.1200859,46.0228172],[7.1200812,46.0227547],[7.1200987,46.0226593],[7.1200673,46.0226263],[7.1200482,46.0225876],[7.1200504,46.0225484],[7.1200553,46.0225061],[7.1200203,46.0224487],[7.1199541,46.0223802],[7.119894,46.0223364],[7.1198354,46.0222789],[7.1197635,46.0222291],[7.1197013,46.0221975],[7.11962,46.0221228],[7.1195794,46.0220798],[7.1195735,46.0220294],[7.1195566,46.0219502],[7.1195304,46.0218914],[7.1194796,46.0218464],[7.119401,46.0218004],[7.1193132,46.0217405],[7.1192747,46.0217084],[7.1192577,46.0216657],[7.11921,46.0214956],[7.1191992,46.021426],[7.1192208,46.0213725],[7.1192315,46.0213265],[7.1191915,46.021241],[7.1191869,46.0212035],[7.1191844,46.0211634],[7.1191287,46.0211031],[7.1190729,46.0210601],[7.1190314,46.0210122],[7.118919,46.0208328],[7.1188447,46.0207117],[7.1188234,46.020681],[7.1187889,46.0206712],[7.1187557,46.0206688],[7.1187304,46.0206637],[7.1187193,46.0206536],[7.1187111,46.0206337],[7.1186899,46.0205734],[7.1186894,46.0205445],[7.118698,46.0205353],[7.1187194,46.02053],[7.1187326,46.0205293],[7.1187776,46.0205403],[7.1188232,46.0205487],[7.1188755,46.0205478],[7.1189009,46.0205366],[7.1189532,46.0204849],[7.118977,46.0204457],[7.119017,46.0203574],[7.1190382,46.0202972],[7.1190364,46.0202701],[7.1190134,46.0202333],[7.1189657,46.0201854],[7.1189356,46.0201276],[7.1189126,46.0200231],[7.1188984,46.0199113],[7.1188754,46.0198536],[7.1188294,46.0197614],[7.1187728,46.0196213],[7.1187462,46.0195845],[7.1187055,46.0195439],[7.1186843,46.019512],[7.1186843,46.0194837],[7.1185938,46.0194288],[7.1184782,46.0193741],[7.1184171,46.0193301],[7.118387,46.0192932],[7.118371,46.0192643],[7.1183628,46.0192089],[7.1183534,46.0191633],[7.118344,46.0191093],[7.1183185,46.0190553],[7.1182743,46.0189947],[7.1182179,46.0189258],[7.1180999,46.0188332],[7.1180785,46.0188103],[7.1180845,46.0188001],[7.1181046,46.0187954],[7.1181804,46.0187982],[7.1182173,46.0187964],[7.1182314,46.0187871],[7.1182515,46.0187605],[7.1182481,46.0187372],[7.1182273,46.0187228],[7.1181918,46.0187112],[7.1181596,46.0187056],[7.1181395,46.0186976],[7.1181066,46.0186846],[7.1180322,46.0186595],[7.1180168,46.0186474],[7.1179973,46.0186199],[7.1179752,46.0185803],[7.1179806,46.0185598],[7.1180275,46.0185351],[7.1180885,46.0185165],[7.1182434,46.0185067],[7.1183118,46.0185021],[7.118348,46.0184979],[7.1183782,46.0184895],[7.1184245,46.0184848],[7.1184882,46.0184793],[7.1185116,46.0184741],[7.1185157,46.0184676],[7.118513,46.0184606],[7.1184198,46.0184355],[7.1183567,46.0184159],[7.1183044,46.018395],[7.1181858,46.0183344],[7.1181603,46.0183195],[7.1181569,46.0183126],[7.1181636,46.0183088],[7.1181811,46.0183079],[7.1185619,46.0183144],[7.1186283,46.0183172],[7.1186404,46.0183149],[7.1186424,46.0183102],[7.1186203,46.0183],[7.1185311,46.0182632],[7.118454,46.0182376],[7.1184493,46.0182301],[7.1184526,46.018225],[7.1184701,46.0182218],[7.1185224,46.0182227],[7.1187839,46.0182339],[7.1189904,46.0182539],[7.1190427,46.0182497],[7.1191003,46.0182191],[7.1193743,46.0183888],[7.1194999,46.0184412],[7.1196463,46.018516],[7.1196536,46.0185481],[7.1197959,46.0186392],[7.1198769,46.0186972],[7.1199516,46.0187666],[7.1200187,46.0188146],[7.120047,46.0188175],[7.1200837,46.0188211],[7.1199915,46.0186567],[7.1199785,46.0185554],[7.1199666,46.0185186],[7.1199143,46.0184839],[7.1198333,46.0184247],[7.1197305,46.0183258],[7.1196619,46.0182558],[7.11958,46.0182013],[7.1194703,46.0181453],[7.1193921,46.0180988],[7.1192907,46.0180118],[7.1191944,46.0179279],[7.1190279,46.0178275],[7.1189424,46.0177606],[7.1188994,46.0177224],[7.1188802,46.0176737],[7.1188807,46.0176287],[7.1189065,46.0175645],[7.1189107,46.0175143],[7.1189691,46.0174312],[7.118982,46.017402],[7.1189821,46.0173753],[7.1189609,46.017339],[7.1189746,46.0172981],[7.1189617,46.0172012],[7.1189978,46.0171392],[7.1190196,46.0170464],[7.1190512,46.0169282],[7.1191387,46.0168239],[7.1191915,46.016768],[7.1192362,46.0167144],[7.1192503,46.0166672],[7.1192586,46.0166034],[7.1192734,46.0165559],[7.1192869,46.0165082],[7.1192811,46.016463],[7.1192453,46.01642],[7.1192344,46.0163874],[7.1192594,46.01636],[7.1193136,46.0163015],[7.11938,46.0162369],[7.1194415,46.0161972],[7.1195175,46.0161716],[7.119594,46.0161578],[7.1196588,46.0161575],[7.1197025,46.0161469],[7.1197295,46.016121],[7.1197332,46.0160863],[7.1197323,46.0160218],[7.1197768,46.015931],[7.1197733,46.0157873],[7.119795,46.015641],[7.1198277,46.015531],[7.1198134,46.0153928],[7.1197945,46.0152743],[7.119756,46.0150868],[7.1196395,46.0149939],[7.1196701,46.0147832],[7.1196947,46.0145947],[7.1196872,46.0143955],[7.1197322,46.014236],[7.1199627,46.0142382],[7.1200561,46.014135],[7.120135,46.0140478],[7.1203146,46.013922],[7.1204185,46.0138886],[7.1205718,46.0138667],[7.1206694,46.0138823],[7.1207911,46.013937],[7.1208867,46.0139322],[7.120953,46.0138988],[7.1209677,46.0138599],[7.1209273,46.0138077],[7.1208551,46.01374],[7.1207915,46.013653],[7.1206657,46.01356],[7.1205398,46.0134828],[7.1203709,46.0133884],[7.1202239,46.0132756],[7.1201051,46.0131594],[7.1199344,46.0130527],[7.1198361,46.0129326],[7.119724,46.0127284],[7.1196711,46.0126193],[7.1196515,46.0124915],[7.1196491,46.0123737],[7.1196444,46.0122575],[7.1196697,46.0121253],[7.1196521,46.012041],[7.1195505,46.0119108],[7.1195157,46.011855],[7.1194351,46.0118214],[7.1192025,46.0117624],[7.1190699,46.0117398],[7.1188659,46.0116572],[7.1186949,46.0116467],[7.1184322,46.0116108],[7.1182748,46.0115563],[7.1180974,46.0115037],[7.1179607,46.0115293],[7.1178908,46.0115021],[7.1178589,46.0114463],[7.1178165,46.0114099],[7.1179241,46.0113606],[7.118102,46.0112812],[7.1183905,46.011218],[7.1187285,46.0110586],[7.1190613,46.0109376],[7.1193099,46.0110758],[7.1194396,46.0110834],[7.1195752,46.0110208],[7.1197341,46.0110053],[7.1199551,46.0109083],[7.1200592,46.0108363],[7.120096,46.0107727],[7.1201073,46.0106745],[7.1201257,46.0106094],[7.1201801,46.0105629],[7.1202487,46.0104974],[7.1202911,46.0104633],[7.1203523,46.0103819],[7.1204398,46.0103105],[7.1205231,46.0102632],[7.120621,46.0102268],[7.120772,46.0101747],[7.1209454,46.010124],[7.1210643,46.010066],[7.1212169,46.0099989],[7.1213589,46.0099067],[7.1215369,46.0098274],[7.1216443,46.0098009],[7.1217287,46.009739],[7.1218284,46.0096718],[7.121983,46.0096279],[7.1221277,46.009615],[7.1222894,46.0096241],[7.1225117,46.0096521],[7.1226784,46.0096302],[7.1227473,46.009607],[7.122787,46.0095676],[7.1228359,46.0095298],[7.1228561,46.0094256],[7.1230083,46.0094339],[7.1231467,46.0094587],[7.123202,46.0094059],[7.123245,46.0094525],[7.1233255,46.0094365],[7.1234555,46.0094873],[7.1235162,46.0095299],[7.1235398,46.0094998],[7.1235467,46.009451],[7.123534,46.0093877],[7.1234732,46.009272],[7.1233962,46.0091215],[7.1233476,46.0089655],[7.1232523,46.0088542],[7.1232658,46.0086446],[7.1230844,46.0083224],[7.1230702,46.0081271],[7.1230181,46.0078924],[7.1230264,46.0077779],[7.1230507,46.0076732],[7.1230941,46.0076059],[7.1232,46.0074765],[7.1233496,46.0073832],[7.1233342,46.0072984],[7.1232448,46.0072305],[7.1232183,46.0071742],[7.1232292,46.0070834],[7.1232931,46.0070502],[7.123437,46.0069796],[7.1234691,46.006945],[7.1234847,46.0069281],[7.1235547,46.0068541],[7.1236223,46.0066071],[7.1236274,46.0065048],[7.1235885,46.0064258],[7.1235033,46.0063606],[7.1233893,46.0063078],[7.1231838,46.0062669],[7.1231599,46.0062481],[7.1231517,46.0062294],[7.1231977,46.0061657],[7.1232842,46.006107],[7.1233685,46.0060751],[7.1234481,46.0060508],[7.123513,46.0060358],[7.1235814,46.0060241],[7.1236736,46.0060143],[7.1237548,46.0060083],[7.1238315,46.0059919],[7.1238318,46.0059477],[7.1239152,46.0058791],[7.1240179,46.0057728],[7.1240805,46.0057707],[7.1241329,46.0057473],[7.1241884,46.0056706],[7.1242635,46.005482],[7.1242989,46.005375],[7.1243268,46.0052586],[7.1243503,46.0051471],[7.1243847,46.0050336],[7.1244059,46.0050071],[7.1244465,46.0049926],[7.1245345,46.0049704],[7.1247443,46.0045909],[7.1251268,46.004047],[7.1254128,46.0035757],[7.1255805,46.0032676],[7.1256813,46.0030433],[7.1257317,46.0029023],[7.1257494,46.0027105],[7.1258504,46.0026886],[7.1260055,46.0026538],[7.1260849,46.0026334],[7.1261667,46.0026263],[7.1263515,46.0026242],[7.1264286,46.0026333],[7.1265596,46.0026147],[7.1266352,46.0025988],[7.1267532,46.0025395],[7.1268726,46.0024041],[7.1269528,46.0022742],[7.126976,46.0021851],[7.1270409,46.002102],[7.127096,46.0020471],[7.127171,46.0019912],[7.1272322,46.0019202],[7.1272635,46.001882],[7.1272924,46.0018293],[7.1273393,46.001707],[7.1273797,46.0016194],[7.1273922,46.001526],[7.1273942,46.0014315],[7.1273904,46.0013676],[7.1274061,46.0013296],[7.1274329,46.0013816],[7.1274723,46.0014414],[7.1274811,46.0015009],[7.1275105,46.0015079],[7.1275426,46.0014636],[7.1276736,46.0012013],[7.1277747,46.0010329],[7.1278473,46.0009255],[7.127902,46.0008328],[7.127952,46.0007825],[7.128,46.0007226],[7.1280678,46.0006584],[7.1281107,46.0006268],[7.1281466,46.0005897],[7.1281767,46.0005447],[7.1281874,46.0004704],[7.1281886,46.0003862],[7.128179,46.0003068],[7.1281789,46.0002664],[7.1281871,46.0002266],[7.1282021,46.0001761],[7.1282222,46.000126],[7.1282093,46.0000723],[7.128268,46.0000004],[7.1282999,45.9999455],[7.1283136,45.9998858],[7.1283204,45.9997838],[7.1282691,45.9996789],[7.1282006,45.9995375],[7.1281177,45.9994218],[7.1280559,45.9993379],[7.1279521,45.9991342],[7.1279401,45.9990212],[7.1279262,45.9989628],[7.1279262,45.998864],[7.1279342,45.9987522],[7.1279369,45.998687],[7.1279356,45.9986283],[7.1279302,45.9985743],[7.1279222,45.9985156],[7.1279141,45.9984709],[7.1279141,45.9984224],[7.1279302,45.9983768],[7.1279825,45.9983181],[7.1280456,45.9982874],[7.128126,45.998265],[7.1282105,45.9982426],[7.1282722,45.9982156],[7.1283004,45.9981849],[7.1283044,45.9981476],[7.1282883,45.9981075],[7.1282575,45.9980796],[7.1281917,45.9980451],[7.1281247,45.998006],[7.1280898,45.9979669],[7.1280697,45.9979222],[7.1280697,45.9978802],[7.1280898,45.9978178],[7.1281542,45.9976995],[7.1282293,45.9975774],[7.1282548,45.9975085],[7.1282762,45.9974209],[7.128287,45.9973166],[7.1282856,45.9972039],[7.1282709,45.997079],[7.1282521,45.9969402],[7.1282454,45.9968461],[7.1282414,45.996738],[7.1282347,45.9966132],[7.1282259,45.9965162],[7.1282234,45.9963918],[7.128173,45.9961869],[7.1281476,45.996086],[7.1281367,45.9959827],[7.1281357,45.9958929],[7.1281207,45.9957345],[7.1281167,45.9956144],[7.1281171,45.9955049],[7.1280942,45.9954355],[7.128025,45.9952934],[7.1280036,45.9952623],[7.1278889,45.9951753],[7.1277985,45.9950796],[7.1277641,45.9949782],[7.1277357,45.9948755],[7.1277264,45.9948369],[7.127713,45.994798],[7.1276765,45.994715],[7.1276456,45.9946414],[7.1275505,45.9944921],[7.1274856,45.9944145],[7.1274333,45.9943562],[7.1273544,45.994261],[7.1272637,45.9941492],[7.1271823,45.9939678],[7.1271505,45.9936905],[7.1271055,45.9935963],[7.1270452,45.9934978],[7.1268564,45.9932211],[7.1268058,45.9931381],[7.1267444,45.9929633],[7.1267318,45.992769],[7.1267561,45.9925332],[7.1267923,45.9923481],[7.1268059,45.9921792],[7.1268187,45.9919103],[7.1268541,45.9916291],[7.126867,45.991463],[7.126847,45.9912763],[7.1267874,45.991026],[7.1267237,45.9907213],[7.1267247,45.9904938],[7.1267324,45.9903553],[7.1268118,45.9900469],[7.1267835,45.9898619],[7.1266963,45.9897216],[7.1265837,45.9895219],[7.1265152,45.9893403],[7.1264548,45.9892174],[7.1263995,45.9891121],[7.1262829,45.9890024],[7.1261525,45.9888972],[7.1260047,45.9888153],[7.1259534,45.9888323],[7.1258691,45.988844],[7.1257229,45.9888645],[7.1256287,45.9889071],[7.1254519,45.9890563],[7.1253704,45.9891523],[7.125237,45.9891874],[7.1251289,45.9892816],[7.1250062,45.9893089],[7.1249472,45.9893619],[7.1249215,45.9893974],[7.1248097,45.9894609],[7.1247617,45.9894486],[7.124692,45.9894307],[7.1246357,45.9894114],[7.1245441,45.9894122],[7.124503,45.9894067],[7.1244655,45.9893975],[7.1243541,45.9893492],[7.1242596,45.9893052],[7.1241601,45.9892801],[7.1241175,45.9892628],[7.1240499,45.9892308],[7.1240327,45.9892183],[7.1240069,45.9891995],[7.1239514,45.9891017],[7.1238665,45.9888465],[7.1238504,45.9887942],[7.1238373,45.9887409],[7.1238202,45.9886843],[7.1237882,45.9886352],[7.1237453,45.9885358],[7.1237054,45.9884763],[7.1236361,45.9884203],[7.1235291,45.9883448],[7.1233601,45.9882556],[7.1231868,45.988191],[7.1229919,45.9881209],[7.1229483,45.9880553],[7.1228185,45.9878284],[7.1227748,45.987752],[7.1226647,45.9876566],[7.1225788,45.9876094],[7.1221949,45.9874365],[7.121954,45.9872982],[7.1218433,45.9872116],[7.1217446,45.9871253],[7.1216682,45.9870584],[7.1215755,45.9869529],[7.1214929,45.9868177],[7.1214633,45.9867086],[7.1214708,45.9865987],[7.1215343,45.9864667],[7.1216345,45.9863628],[7.1216797,45.9863048],[7.1217313,45.9862123],[7.1217206,45.9860755],[7.121684,45.9859633],[7.1213979,45.9855526],[7.1213348,45.98537],[7.1213378,45.9852286],[7.121349,45.9851593],[7.1214071,45.9850336],[7.1214249,45.9850127],[7.1215281,45.9848832],[7.1215893,45.9847652],[7.1216969,45.9845561],[7.1217765,45.9844316],[7.1218959,45.9843118],[7.1220452,45.9842],[7.1221879,45.9840847],[7.1222646,45.9840364],[7.1224178,45.983884],[7.1224566,45.9838324],[7.1225119,45.983688],[7.1225756,45.9834727],[7.1226953,45.9831013],[7.1227365,45.982968],[7.1227581,45.9828981],[7.1228353,45.9826447],[7.122972,45.9824866],[7.1230406,45.9823531],[7.123152,45.9822443],[7.1233443,45.9819761],[7.1234022,45.9817988],[7.1234884,45.981706],[7.1235861,45.9815942],[7.1237019,45.9815066],[7.1238272,45.9814099],[7.1239733,45.9813397],[7.124218,45.9812496],[7.1242914,45.981197],[7.124128,45.9811218],[7.1239947,45.9810434],[7.123829,45.9809601],[7.123662,45.9809035],[7.1235571,45.980791],[7.123393,45.9807233],[7.1230381,45.9805133],[7.1227708,45.9803954],[7.1226106,45.9803159],[7.1223153,45.9802187],[7.1219793,45.9800847],[7.1216953,45.9799478],[7.1213442,45.9798107],[7.1211293,45.9797066],[7.1209099,45.9796413],[7.1207812,45.9795799],[7.1205379,45.9794302],[7.1202081,45.9792588],[7.1199377,45.9791885],[7.1197127,45.9791589],[7.119447,45.9791199],[7.1191635,45.9790618],[7.1188969,45.979006],[7.1185906,45.9789554],[7.1182811,45.9789155],[7.1180078,45.9788898],[7.1178126,45.9788972],[7.1176127,45.978935],[7.1174286,45.9789726],[7.1171524,45.9790614],[7.1168608,45.9791107],[7.1165217,45.9792364],[7.1162777,45.9793061],[7.1160857,45.9793682],[7.1159032,45.9794062],[7.1156744,45.9794065],[7.1154122,45.9794833],[7.1152833,45.979513],[7.1150991,45.9795359],[7.1149694,45.9795653],[7.1148743,45.9796184],[7.114663,45.9796615],[7.114434,45.9796661],[7.1139066,45.9796873],[7.1136555,45.9797155],[7.1134452,45.9797155],[7.1131477,45.9797196],[7.1129153,45.9797595],[7.112765,45.9797387],[7.1127559,45.9794678],[7.11283,45.9793646],[7.1128582,45.9792498],[7.1129082,45.9791363],[7.1129684,45.9790652],[7.1130154,45.9789392],[7.1130566,45.9788258],[7.1130644,45.9787299],[7.1130366,45.9786767],[7.1130921,45.9785884],[7.1131127,45.9785126],[7.1131156,45.9784062],[7.1131117,45.978302],[7.113127,45.9782287],[7.1131145,45.9780541],[7.1130893,45.9778576],[7.1131188,45.9777307],[7.113155,45.9775419],[7.1132888,45.9773163],[7.1133045,45.9771868],[7.1133736,45.9771093],[7.1134118,45.9770362],[7.1134215,45.9769577],[7.1133565,45.9767713],[7.1133043,45.9766429],[7.1131732,45.9765103],[7.1130115,45.9763615],[7.1128378,45.9762191],[7.1127969,45.9761223],[7.1128138,45.975982],[7.1127786,45.9758728],[7.1126311,45.9757069],[7.1125913,45.9755693],[7.1125822,45.9754491],[7.1125574,45.9753726],[7.1124864,45.9752907],[7.112358,45.9751804],[7.1122299,45.975049],[7.1121801,45.9749189],[7.1121252,45.9747766],[7.1120851,45.9746369],[7.1120235,45.9744671],[7.1119618,45.9743448],[7.1119175,45.9742814],[7.1119169,45.9741775],[7.1119524,45.9740725],[7.1119523,45.9739748],[7.1120151,45.9739056],[7.1120271,45.9738484],[7.111987,45.9737365],[7.1120237,45.9736378],[7.112026,45.973417],[7.1120028,45.9733473],[7.1119482,45.9731558],[7.1119114,45.9730285],[7.1118825,45.9729917],[7.1118654,45.9729323],[7.111821,45.9728579],[7.1117621,45.9727714],[7.1116684,45.9727441],[7.1116627,45.9725618],[7.1115957,45.9724956],[7.1116096,45.9724135],[7.1115986,45.9723047],[7.1115687,45.9722138],[7.1115183,45.9720668],[7.1115408,45.9719946],[7.1114937,45.9719044],[7.111443,45.9718538],[7.1114358,45.9717681],[7.1114392,45.9716707],[7.1114028,45.9716144],[7.1113133,45.971528],[7.1110575,45.9714608],[7.1108797,45.9712773],[7.1107712,45.9711509],[7.1106785,45.9711191],[7.1105946,45.9710926],[7.1105118,45.9710982],[7.110465,45.9710733],[7.1104839,45.9710062],[7.1104957,45.9709624],[7.1104631,45.970886],[7.1104052,45.9708607],[7.110366,45.9708832],[7.1103624,45.9709208],[7.1102978,45.9708897],[7.1102233,45.9708213],[7.1101968,45.9709166],[7.1102074,45.9710827],[7.1101113,45.9709587],[7.1100656,45.9709131],[7.1099904,45.9708379],[7.1098667,45.9708105],[7.1098415,45.9708318],[7.1097663,45.9707907],[7.1096434,45.9708115],[7.1095761,45.9707679],[7.1094602,45.9707436],[7.1094012,45.9706959],[7.1094133,45.97065],[7.1094688,45.970599],[7.1094938,45.9705404],[7.1095304,45.9705009],[7.1096123,45.9704237],[7.1096395,45.9703677],[7.109659,45.9703293],[7.1096662,45.9702975],[7.1096501,45.9702576],[7.1095753,45.970192],[7.1095825,45.9701579],[7.109581,45.970106],[7.1095739,45.9700829],[7.1095318,45.9699556],[7.1094866,45.9698193],[7.1094224,45.9696793],[7.1092879,45.9695214],[7.1092789,45.9694319],[7.1092505,45.9693738],[7.1091655,45.9693228],[7.1091569,45.9692726],[7.1092335,45.9691837],[7.1092683,45.9690606],[7.1092789,45.9689388],[7.10929,45.9688432],[7.1092808,45.9686652],[7.1092815,45.9685659],[7.1092687,45.968445],[7.1092462,45.968375],[7.1092401,45.9682554],[7.1092601,45.9681737],[7.1092964,45.9680361],[7.1093199,45.9679606],[7.109325,45.9678226],[7.1093248,45.967705],[7.10929,45.9676275],[7.1092039,45.9674824],[7.1091981,45.9673995],[7.1091158,45.9672517],[7.1090607,45.9670391],[7.1089655,45.9669803],[7.1089058,45.9668383],[7.108884,45.9666965],[7.1088233,45.9666016],[7.1087575,45.966467],[7.1086809,45.9663866],[7.1085371,45.9663314],[7.1083945,45.9663036],[7.108311,45.9662271],[7.1082576,45.966145],[7.1081963,45.9660839],[7.1081886,45.9659908],[7.1081374,45.9658841],[7.1081114,45.9658033],[7.1080747,45.965721],[7.1080934,45.9656304],[7.1080546,45.9654247],[7.1081279,45.9653133],[7.1082611,45.9652965],[7.1083183,45.9652078],[7.1082867,45.965154],[7.1082967,45.9650889],[7.108342,45.9649413],[7.1084053,45.9648109],[7.1084291,45.9646743],[7.1083676,45.9644117],[7.1083739,45.9642248],[7.1083639,45.9641453],[7.1083203,45.9640475],[7.1082752,45.9639229],[7.1082393,45.9637973],[7.108195,45.9635251],[7.1081913,45.96343],[7.1082646,45.9632697],[7.1083191,45.9631411],[7.1083193,45.963063],[7.108337,45.9630042],[7.108352,45.9628744],[7.1083566,45.962821],[7.1083903,45.9627237],[7.1084352,45.9626126],[7.1084386,45.9625014],[7.108495,45.9623481],[7.1085455,45.9622223],[7.1086209,45.962058],[7.108654,45.9619861],[7.1086714,45.9619263],[7.1086683,45.9618685],[7.1085842,45.9615905],[7.1085676,45.9614771],[7.1085734,45.9613719],[7.1086157,45.9611946],[7.1086442,45.9610914],[7.1087367,45.9606376],[7.1087399,45.9605844],[7.1087422,45.9604869],[7.1086693,45.9603506],[7.1086378,45.9602793],[7.1086205,45.9602053],[7.1086146,45.9601267],[7.108607,45.9600772],[7.1085761,45.9600281],[7.1085328,45.9599673],[7.1084665,45.959869],[7.1084102,45.9598063],[7.1083179,45.9597335],[7.1081964,45.9596672],[7.1080845,45.9596388],[7.1079981,45.9596267],[7.1079193,45.959606],[7.1078101,45.9595661],[7.1076708,45.9595048],[7.1075568,45.959438],[7.1074164,45.9593583],[7.10717,45.9592246],[7.1069594,45.9591313],[7.1067948,45.95906],[7.10662,45.959014],[7.1064981,45.9589879],[7.1063277,45.9589042],[7.1062106,45.9588122],[7.1061163,45.9587003],[7.1060729,45.9586142],[7.106065,45.9585217],[7.1060311,45.9584229],[7.1059763,45.9583101],[7.1058881,45.9582185],[7.1057877,45.9580663],[7.1056939,45.9579589],[7.105609,45.9578351],[7.1055423,45.9577361],[7.1054753,45.9576509],[7.1053923,45.9575736],[7.1052473,45.957463],[7.1051716,45.9573287],[7.1051437,45.9572161],[7.1051477,45.9570769],[7.105161,45.9570023],[7.1052003,45.9569459],[7.1052215,45.9568168],[7.1052344,45.9566499],[7.1052254,45.9565327],[7.105158,45.9563811],[7.1050827,45.9562763],[7.1049638,45.9561594],[7.1048109,45.9560271],[7.1045475,45.9558663],[7.1044066,45.9557183],[7.104179,45.9555134],[7.1039894,45.9553603],[7.1038871,45.955284],[7.1037279,45.9551916],[7.1036517,45.9551229],[7.1035151,45.9549224],[7.1034148,45.9548097],[7.1032495,45.9546402],[7.1030237,45.9543912],[7.1028768,45.9541454],[7.1028409,45.9539919],[7.1028014,45.9538251],[7.1027747,45.9536876],[7.1027396,45.9535958],[7.1026804,45.9535049],[7.1025598,45.9533595],[7.1024869,45.9532368],[7.1024219,45.9531046],[7.1024023,45.9530015],[7.1024083,45.9528866],[7.102432,45.9527381],[7.1025228,45.952621],[7.1025896,45.9525092],[7.1026023,45.9524682],[7.1026262,45.9524228],[7.1026426,45.9523485],[7.1026435,45.952302],[7.1026481,45.9522561],[7.1026355,45.9521902],[7.1025847,45.9520933],[7.1025289,45.9520244],[7.1024565,45.9519309],[7.102395,45.951845],[7.1022975,45.9516951],[7.1021996,45.9516071],[7.1021118,45.9515475],[7.1020331,45.9514511],[7.1019216,45.9513006],[7.1018905,45.9511872],[7.1018854,45.9510988],[7.1018937,45.9509907],[7.1019181,45.9509172],[7.1018769,45.950859],[7.1018918,45.9508222],[7.1019936,45.9507677],[7.1020771,45.9506305],[7.1020506,45.9505223],[7.1019677,45.9504871],[7.1018818,45.9504696],[7.1018077,45.9504432],[7.1017015,45.9504036],[7.1016786,45.9503619],[7.1016825,45.9503087],[7.1016938,45.9502475],[7.1017356,45.9501847],[7.1016997,45.9501126],[7.1016353,45.9500108],[7.1015242,45.9499251],[7.1014322,45.9498406],[7.1011804,45.949632],[7.1011277,45.9495783],[7.1010792,45.9495243],[7.1009085,45.9494275],[7.1008136,45.9493088],[7.1006618,45.9492568],[7.1005759,45.9491928],[7.1004658,45.9490846],[7.1003745,45.9489457],[7.1002771,45.9488628],[7.1002705,45.9487832],[7.10017,45.9487477],[7.1001427,45.9486902],[7.1001105,45.9486644],[7.1000364,45.9486167],[7.1000398,45.9485818],[7.1000037,45.9485445],[7.0999021,45.9484451],[7.0998524,45.9483085],[7.0998935,45.9481502],[7.0998351,45.9479913],[7.0998152,45.9479234],[7.0997576,45.9478886],[7.0996684,45.9477489],[7.0996788,45.9476288],[7.099666,45.9475632],[7.0996313,45.9474909],[7.0996128,45.9474126],[7.0995489,45.947315],[7.0995394,45.9472637],[7.0994604,45.9470972],[7.0994195,45.946953],[7.0993836,45.9469045],[7.0993896,45.9468519],[7.0993256,45.9467785],[7.0992788,45.9467302],[7.0992303,45.9466361],[7.0991351,45.9465582],[7.0991203,45.9464988],[7.0991189,45.9464178],[7.0990818,45.9463349],[7.0990125,45.9462807],[7.0989761,45.946153],[7.0988432,45.946068],[7.0988254,45.94603],[7.0987142,45.9458132],[7.0986189,45.9457354],[7.0985385,45.9457004],[7.0984236,45.9456068],[7.0983256,45.945532],[7.098269,45.9455177],[7.0981811,45.9455195],[7.0981194,45.9455157],[7.0979827,45.9454793],[7.0979463,45.9454105],[7.0978174,45.9453195],[7.0977244,45.9452195],[7.0976215,45.9451889],[7.0975166,45.9450806],[7.0974923,45.9450207],[7.0974339,45.9449912],[7.0972657,45.9448795],[7.0970723,45.9447845],[7.0969489,45.9447338],[7.0968358,45.9447059],[7.0967043,45.9446375],[7.0965147,45.9445359],[7.096473,45.9445125],[7.0964196,45.9444626],[7.096361,45.9443586],[7.0962321,45.9439576],[7.0962147,45.9438719],[7.0961894,45.9437751],[7.0961498,45.9436619],[7.0960772,45.9434893],[7.0959309,45.9432503],[7.0959077,45.943107],[7.0959159,45.9429858],[7.0959169,45.9428579],[7.0959278,45.9427895],[7.0959159,45.9427264],[7.095865,45.9426734],[7.0958342,45.9426345],[7.0958199,45.9425786],[7.0958383,45.9425343],[7.0958641,45.9424995],[7.0959273,45.9424403],[7.0960265,45.9423628],[7.0960665,45.9423251],[7.0961108,45.9422592],[7.0961251,45.9420305],[7.0961521,45.9419721],[7.0961724,45.9418481],[7.0961793,45.9418061],[7.096221,45.9416794],[7.0962283,45.9416574],[7.0962214,45.941533],[7.0963018,45.9414156],[7.096262,45.9413965],[7.0962292,45.9413685],[7.096195,45.9413303],[7.0961285,45.941157],[7.0961424,45.9410829],[7.0960537,45.940989],[7.0959578,45.940892],[7.0959328,45.9408836],[7.0958367,45.9407934],[7.0957815,45.9407564],[7.0957522,45.940731],[7.0957104,45.9406947],[7.0956377,45.9405628],[7.0955889,45.9404457],[7.0955823,45.9403601],[7.0956202,45.9401737],[7.0956053,45.9401164],[7.0955625,45.9400267],[7.0954918,45.9399244],[7.095436,45.9398137],[7.0954323,45.9397402],[7.0954132,45.9396723],[7.0953604,45.9395691],[7.0953504,45.9395298],[7.0953559,45.9394893],[7.0953871,45.9393911],[7.0954693,45.9392564],[7.0955156,45.939163],[7.0955681,45.9390799],[7.0956354,45.9390201],[7.0956573,45.9389496],[7.0956614,45.9388812],[7.0955955,45.9388232],[7.0955598,45.9387187],[7.0955622,45.9386021],[7.0955572,45.93855],[7.0955544,45.9384772],[7.0955244,45.9384406],[7.0954556,45.9383425],[7.0954212,45.9382443],[7.0954299,45.9381761],[7.0955162,45.9380441],[7.0955931,45.937935],[7.0956306,45.9378706],[7.0956296,45.9377833],[7.0956172,45.9377079],[7.0956102,45.9376216],[7.0955473,45.9375507],[7.0954525,45.9374558],[7.0953608,45.937397],[7.0952978,45.9373569],[7.0951959,45.9373284],[7.0953153,45.9371868],[7.0955342,45.9369101],[7.0955651,45.9367928],[7.0956451,45.936601],[7.0956858,45.9365531],[7.0957649,45.9364339],[7.0958335,45.9363299],[7.0959072,45.9362196],[7.0960179,45.9362636],[7.0961137,45.9363131],[7.0962213,45.9363622],[7.0965974,45.9363239],[7.0966982,45.9363119],[7.0967728,45.9363073],[7.0968248,45.9363114],[7.0968661,45.9363276],[7.0969369,45.9363641],[7.0969876,45.9363957],[7.0970318,45.9363431],[7.0970872,45.9363278],[7.0974284,45.9362625],[7.0977278,45.9361327],[7.0982335,45.9359274],[7.0984173,45.9359266],[7.0984675,45.9356768],[7.0984581,45.9353742],[7.0984312,45.9349888],[7.098431,45.9347775],[7.0984401,45.9346294],[7.098513,45.9339811],[7.0985578,45.9338668],[7.0986031,45.9335185],[7.0986341,45.9332279],[7.0986573,45.9330347],[7.0986659,45.9327525],[7.0986807,45.9324556],[7.0986938,45.9322456],[7.0987015,45.9321555],[7.0986882,45.9321109],[7.0987002,45.9319467],[7.098685,45.9318632],[7.0986729,45.9318274],[7.0986123,45.931748],[7.098265,45.9315493],[7.098029,45.9314159],[7.0976163,45.9311009],[7.0971597,45.9307014],[7.0970746,45.9306153],[7.096929,45.930469],[7.0967587,45.9302843],[7.0965947,45.9301184],[7.0964976,45.9300249],[7.0963795,45.929943],[7.0962354,45.9298543],[7.0959651,45.9296699],[7.0957786,45.9295205],[7.0956142,45.9293451],[7.0955495,45.9292544],[7.0955198,45.9291728],[7.0954949,45.9290943],[7.0954757,45.9289886],[7.0954845,45.9288224],[7.0955027,45.928702],[7.0955339,45.9286179],[7.095607,45.9285237],[7.0957679,45.9283489],[7.0960349,45.9281316],[7.0961515,45.92803],[7.0963221,45.927854],[7.0965108,45.9275713],[7.0965806,45.9273881],[7.0966305,45.9272156],[7.0966852,45.9268156],[7.096703,45.9266814],[7.0967104,45.9266544],[7.0966827,45.9266392],[7.0966547,45.9265387],[7.0966466,45.9264413],[7.0966267,45.9263898],[7.096571,45.9263],[7.0965514,45.92624],[7.0965529,45.9261825],[7.0965863,45.926099],[7.0966107,45.9260471],[7.0966244,45.9259921],[7.0966185,45.9259449],[7.0965875,45.9259198],[7.0964659,45.925856],[7.0964297,45.925831],[7.0963846,45.9257553],[7.0964359,45.9256284],[7.0964281,45.925564],[7.0964218,45.9254896],[7.0964441,45.9254761],[7.0965288,45.9252926],[7.0965885,45.9249994],[7.0966987,45.9248221],[7.0966861,45.924693],[7.0966452,45.9245814],[7.0965193,45.9246186],[7.0963067,45.9248054],[7.0961083,45.9247863],[7.0960196,45.9247173],[7.0959369,45.924653],[7.0958269,45.9245406],[7.0957921,45.9244538],[7.09579,45.9244146],[7.0956303,45.9243241],[7.0954166,45.9242223],[7.0952194,45.9241645],[7.0952598,45.9241213],[7.0952665,45.9240844],[7.0954,45.9240292],[7.0955699,45.9239569],[7.0957542,45.9238563],[7.0958793,45.923758],[7.0959861,45.9236487],[7.0960351,45.9235619],[7.096064,45.9235069],[7.0960712,45.9234112],[7.0960666,45.9232567],[7.0960524,45.9231778],[7.0960382,45.9231626],[7.0960146,45.9231146],[7.0959828,45.9230819],[7.0959706,45.9230647],[7.0959766,45.9230186],[7.0960481,45.9229542],[7.0961355,45.9228799],[7.0961675,45.9227891],[7.0962244,45.9226902],[7.096307,45.9226193],[7.0963922,45.9225443],[7.0965449,45.9224407],[7.0967961,45.9223401],[7.0968933,45.9223023],[7.0969805,45.9222423],[7.0970539,45.922124],[7.0972139,45.9220779],[7.0972659,45.9220842],[7.0973242,45.9220586],[7.097461,45.9219704],[7.0975799,45.9218707],[7.0976835,45.9217667],[7.0977977,45.9216973],[7.097929,45.9216668],[7.0979914,45.9216514],[7.0980461,45.9216324],[7.0981134,45.921594],[7.0981704,45.9215492],[7.0983033,45.9214538],[7.0984179,45.921378],[7.0985476,45.9213273],[7.0986539,45.921295],[7.0987568,45.9212548],[7.0989331,45.9211415],[7.0990576,45.9210146],[7.0991693,45.920884],[7.0993218,45.9207189],[7.0994519,45.9205562],[7.0995991,45.9203013],[7.0997009,45.9199932],[7.0998006,45.9198839],[7.0999443,45.9198184],[7.0999588,45.9197701],[7.1003969,45.9194197],[7.1004977,45.9193244],[7.1005789,45.919232],[7.1006658,45.9189785],[7.100628,45.9188978],[7.1006294,45.9188203],[7.1006347,45.918714],[7.1005566,45.9186327],[7.1005408,45.9185544],[7.1005595,45.9184762],[7.1005889,45.9183737],[7.1006053,45.9183229],[7.100617,45.9182672],[7.1006176,45.918164],[7.100633,45.9180871],[7.1006907,45.9180361],[7.1007235,45.918021],[7.1010383,45.9179777],[7.1012684,45.917883],[7.1014381,45.9178375],[7.101546,45.917739],[7.1018907,45.9176009],[7.1019019,45.9175843],[7.1019249,45.9175505],[7.101945,45.9174927],[7.1020534,45.9173457],[7.102246,45.9172371],[7.1024251,45.9172013],[7.1025016,45.917046],[7.1026201,45.9169613],[7.1027086,45.9168498],[7.102761,45.9167509],[7.1029045,45.9165869],[7.1029837,45.9165313],[7.1030702,45.916493],[7.1031519,45.9164519],[7.1032277,45.9164249],[7.1033026,45.9164028],[7.1034933,45.9163174],[7.1036167,45.9160043],[7.1036551,45.9159105],[7.1037591,45.9157995],[7.1039853,45.9155516],[7.1040342,45.9154979],[7.1042147,45.9154888],[7.1043791,45.915398],[7.104395,45.9154682],[7.1043753,45.9155969],[7.1044126,45.915648],[7.1044673,45.9156704],[7.1048383,45.915647],[7.1049937,45.9156894],[7.1050349,45.9154914],[7.1052711,45.9149452],[7.1053491,45.9147053],[7.1054682,45.9144008],[7.1055454,45.9142682],[7.1057116,45.9140766],[7.1059974,45.9137168],[7.1062362,45.9133982],[7.1065252,45.9130162],[7.1067639,45.9127785],[7.1071926,45.912423],[7.1074225,45.9121746],[7.1074697,45.9119927],[7.1076072,45.9116084],[7.1076641,45.9115179],[7.1077023,45.9114773],[7.1077463,45.9114396],[7.1078083,45.911405],[7.1078699,45.9113809],[7.1080136,45.9113279],[7.1081117,45.9112916],[7.108239,45.9112463],[7.1085731,45.9111034],[7.1086496,45.9110564],[7.1088128,45.9109361],[7.1089643,45.910812],[7.1091065,45.9106888],[7.1092372,45.9105624],[7.1093881,45.9103762],[7.1095192,45.9101869],[7.1096121,45.9100627],[7.1097175,45.909945],[7.1098723,45.9097837],[7.110044,45.909649],[7.1101861,45.909542],[7.1103148,45.9094385],[7.1107529,45.9091075],[7.1108745,45.9090196],[7.1109405,45.9089676],[7.1110381,45.9088942],[7.1112468,45.9087193],[7.1114603,45.9085328],[7.1115245,45.9084773],[7.1116171,45.9084309],[7.1117511,45.9083812],[7.1118873,45.9083469],[7.112283,45.9082534],[7.1125813,45.908203],[7.1128456,45.9081666],[7.113042,45.9081312],[7.1131045,45.9080799],[7.1131984,45.9080314],[7.1132859,45.9079729],[7.1133408,45.907919],[7.1134107,45.9078245],[7.1135379,45.9076892],[7.1136386,45.9075948],[7.1137473,45.9074965],[7.1138047,45.9074322],[7.1138977,45.907318],[7.1141567,45.9071314],[7.1142941,45.906993],[7.1144572,45.9068636],[7.1146331,45.9066935],[7.1147779,45.9065814],[7.1149878,45.9064467],[7.1150976,45.9063498],[7.1152716,45.9060995],[7.1153507,45.9059523],[7.1153886,45.9058332],[7.1154447,45.9057012],[7.1155976,45.905555],[7.1156597,45.9054803],[7.1156845,45.9054311],[7.1157385,45.9053313],[7.1157594,45.9052828],[7.1157664,45.9052457],[7.1157496,45.9052218],[7.1156971,45.9051938],[7.1155992,45.9051576],[7.1154883,45.905154],[7.1154216,45.9051612],[7.1152627,45.9051937],[7.1151422,45.9052322],[7.114975,45.9053614],[7.1147938,45.9054781],[7.1147179,45.9055426],[7.1146714,45.9056259],[7.1146082,45.90567],[7.1145098,45.9057066],[7.1143618,45.9056873],[7.1142504,45.9056817],[7.1142219,45.9056655],[7.114173,45.9056595],[7.114133,45.905652],[7.1140839,45.9056559],[7.114065,45.9056522],[7.1140637,45.9056316],[7.1141297,45.9055566],[7.1142243,45.9054453],[7.1142873,45.9054074],[7.1143662,45.9053328],[7.1143973,45.9052317],[7.1144984,45.9050335],[7.114644,45.9048355],[7.1146967,45.9047358],[7.1147777,45.9046741],[7.1151001,45.9043422],[7.1151927,45.9039436],[7.1152262,45.9038937],[7.1153463,45.9038313],[7.115361,45.9037991],[7.1153439,45.9037646],[7.1153303,45.9036504],[7.1154184,45.9035953],[7.11547,45.9035389],[7.1155673,45.903411],[7.1156491,45.9033709],[7.1157114,45.9033135],[7.1157911,45.903201],[7.115863,45.9031231],[7.1159576,45.9030719],[7.1160652,45.9028268],[7.1161151,45.9026962],[7.1164526,45.90241],[7.1165268,45.9022837],[7.1165107,45.902195],[7.1165741,45.9018725],[7.1166874,45.9015129],[7.1166895,45.901423],[7.116698,45.9012911],[7.1167061,45.9012112],[7.1166519,45.9011946],[7.116634,45.9010324],[7.1166266,45.9008994],[7.1166447,45.9008613],[7.1166636,45.900845],[7.1167009,45.9008315],[7.1168875,45.9008221],[7.1169969,45.900817],[7.1170982,45.9007979],[7.117137,45.9007727],[7.1171697,45.9007433],[7.117192,45.9006921],[7.1172125,45.9006363],[7.1172224,45.9005411],[7.1172279,45.9004588],[7.1172103,45.9003045],[7.1171958,45.9001223],[7.1171919,45.9000163],[7.1171854,45.899957],[7.1171719,45.8999411],[7.1171502,45.8999348],[7.1171115,45.8999369],[7.1170889,45.8999536],[7.117081,45.8999998],[7.1170232,45.9001349],[7.1169793,45.9002318],[7.1169559,45.9003367],[7.1169406,45.9003697],[7.1169255,45.9003861],[7.1169001,45.9004018],[7.1168514,45.9003966],[7.1168215,45.9003676],[7.1168273,45.9003322],[7.116843,45.9002239],[7.1168286,45.9001427],[7.1168339,45.9000251],[7.1168339,45.899936],[7.1168245,45.8998496],[7.116783,45.8996966],[7.1167682,45.8996416],[7.1167514,45.8995902],[7.116726,45.8995366],[7.1166884,45.8994694],[7.1166475,45.899397],[7.1166133,45.8993308],[7.1165577,45.8992356],[7.1164919,45.8991441],[7.1164269,45.8990512],[7.1163686,45.8989593],[7.1162948,45.8988413],[7.1162371,45.8987465],[7.11615,45.8986168],[7.1160715,45.8985137],[7.1159736,45.8984021],[7.1158703,45.8982957],[7.1157617,45.8981781],[7.1156544,45.8980895],[7.1155921,45.8980405],[7.1155518,45.8980097],[7.1155022,45.897977],[7.1154191,45.8979364],[7.1153688,45.8979107],[7.1153292,45.8978851],[7.1152917,45.897858],[7.1152608,45.8978258],[7.1152172,45.8977787],[7.115183,45.8977451],[7.1151321,45.8976993],[7.1150865,45.8976648],[7.1150476,45.8976321],[7.1150114,45.8975957],[7.1149765,45.8975519],[7.1149537,45.8975155],[7.1149228,45.8974735],[7.1148853,45.897452],[7.1148451,45.8974483],[7.1148182,45.8974613],[7.1147954,45.8974875],[7.1147847,45.8975313],[7.1147928,45.8976032],[7.1148196,45.8977497],[7.1148451,45.8978804],[7.1148679,45.8979793],[7.1148933,45.8980951],[7.1149054,45.898138],[7.1149242,45.8981772],[7.1149631,45.8982351],[7.1150073,45.8982743],[7.1150529,45.8983163],[7.1150959,45.8983592],[7.1151187,45.8983984],[7.1151468,45.8984488],[7.1151575,45.8985029],[7.1151696,45.8985673],[7.115179,45.8986541],[7.1151777,45.8986933],[7.1151629,45.8987344],[7.1151133,45.8987876],[7.1150409,45.8988455],[7.1149926,45.8988837],[7.1149591,45.8989043],[7.1149255,45.8989099],[7.1148813,45.8989043],[7.1148451,45.8988884],[7.1148169,45.8988604],[7.1148048,45.8988231],[7.1147901,45.8987876],[7.1147592,45.8987335],[7.1147257,45.8986616],[7.1147029,45.8986131],[7.1146922,45.8985767],[7.1146828,45.8985328],[7.1146761,45.8984805],[7.1146734,45.8984236],[7.1146627,45.8983695],[7.1146533,45.8983191],[7.1146265,45.89825],[7.1146117,45.8982117],[7.1145876,45.8981651],[7.1145621,45.8981259],[7.1145245,45.8980811],[7.1144843,45.8980325],[7.1144266,45.8979765],[7.1143636,45.8979149],[7.1143167,45.8978711],[7.1142617,45.8978151],[7.114196,45.8977525],[7.1141544,45.8977171],[7.1140914,45.8976788],[7.1140444,45.8976527],[7.1139948,45.8976321],[7.11395,45.8976155],[7.1139029,45.8975901],[7.1138594,45.8975565],[7.113736,45.8974424],[7.1135621,45.8973627],[7.1134221,45.8972956],[7.1133457,45.8972747],[7.1132512,45.8972714],[7.1130677,45.8973016],[7.1129622,45.8973073],[7.1128455,45.8972776],[7.1126032,45.8971706],[7.1124571,45.8971023],[7.1123042,45.8970618],[7.1122492,45.8970472],[7.1121987,45.8970599],[7.1121883,45.8970763],[7.1121749,45.8971109],[7.1121718,45.8971464],[7.1122662,45.8972378],[7.1123357,45.897389],[7.1123781,45.8976873],[7.1123895,45.8978935],[7.1125129,45.8980652],[7.1126803,45.8986395],[7.1127354,45.8988567],[7.1127099,45.8988614],[7.112645,45.8988725],[7.1125703,45.8988445],[7.1125419,45.8990642],[7.112555,45.8994746],[7.1123433,45.8999159],[7.1120486,45.8995699],[7.1119246,45.8992127],[7.1116981,45.8988283],[7.1111158,45.8982903],[7.1107523,45.8978308],[7.1104449,45.8976695],[7.1100344,45.8973502],[7.1099701,45.8974231],[7.1099351,45.8975741],[7.10992,45.8978875],[7.1098749,45.897893],[7.108763,45.8971885],[7.108663,45.8970752],[7.1076023,45.8967085],[7.1071511,45.8966485],[7.1070342,45.8966981],[7.1061847,45.8964299],[7.1059636,45.8964148],[7.10558,45.8962889],[7.1048304,45.8961577],[7.1045001,45.8961585],[7.1040299,45.8960055],[7.103712,45.8959773],[7.1025353,45.8955453],[7.1021448,45.8954556],[7.1018699,45.8952926],[7.1009574,45.8950106],[7.1001313,45.8945059],[7.0998495,45.8942562],[7.0997047,45.8941977],[7.0994267,45.8941879],[7.0991292,45.8939115],[7.0989192,45.89388],[7.0988286,45.8937827],[7.098453,45.8935814],[7.097805,45.8935014],[7.0971692,45.8932451],[7.0958083,45.8927972],[7.0950825,45.8927286],[7.0946795,45.8925663],[7.0947385,45.8924464],[7.0944697,45.8924529],[7.0942008,45.8922854],[7.0938449,45.8921746],[7.0934315,45.8921463],[7.0932232,45.8920464],[7.0926653,45.8920704],[7.0925353,45.8920328],[7.0918019,45.8921274],[7.0911521,45.8921526],[7.0908987,45.8920307],[7.0900965,45.8920661],[7.0898495,45.8921244],[7.0883672,45.8919648],[7.088129,45.8920001],[7.087241,45.8919574],[7.08709,45.8919081],[7.0867901,45.8919419],[7.0860273,45.8916623],[7.0858692,45.8916656],[7.0856947,45.8916021],[7.0855699,45.8914284],[7.085274,45.8913911],[7.0849365,45.891503],[7.0844251,45.8917726],[7.0842103,45.8920329],[7.0841254,45.8922283],[7.0831436,45.8922413],[7.0829246,45.8921373],[7.0825784,45.8921402],[7.0824055,45.8920139],[7.0821029,45.891941],[7.0814943,45.8919962],[7.0813928,45.8920495],[7.0811539,45.8920819],[7.0810113,45.8919497],[7.080304,45.8917135],[7.0801703,45.8916296],[7.0797014,45.8915391],[7.0794537,45.8913764],[7.0791522,45.8913204],[7.0788461,45.8912395],[7.0786507,45.8912878],[7.0785843,45.8912432],[7.0785614,45.8910536],[7.0780105,45.8905222],[7.078057,45.889696],[7.0778814,45.8892898],[7.0778135,45.8892427],[7.0778449,45.8890531],[7.0778615,45.8890289],[7.0778571,45.8889936],[7.0778686,45.8889167],[7.0778612,45.8888774],[7.0778576,45.8888582],[7.0778186,45.8887963],[7.0778045,45.888713],[7.0777999,45.8886716],[7.0778125,45.8886128],[7.0777992,45.8885122],[7.0778015,45.8884111],[7.0777868,45.8882694],[7.0777731,45.8881881],[7.0777649,45.8880939],[7.0777623,45.8880298],[7.0777715,45.8879539],[7.0777877,45.8878825],[7.0777723,45.887818],[7.0777377,45.8877631],[7.0777239,45.8877212],[7.0777167,45.8876923],[7.0776877,45.8876144],[7.0776655,45.8875693],[7.0776655,45.8875196],[7.0776399,45.8874279],[7.077608,45.8873486],[7.0775779,45.8872409],[7.0775231,45.8871442],[7.0775203,45.8871153],[7.0775011,45.8870907],[7.0774934,45.887032],[7.0774659,45.8869008],[7.0774204,45.8867955],[7.0773887,45.8867116],[7.0773698,45.8866271],[7.0773192,45.8865623],[7.0772731,45.8864736],[7.0772537,45.8864307],[7.0772535,45.8863746],[7.0771993,45.8862281],[7.0771607,45.8861836],[7.0771534,45.8861215],[7.07711,45.8860874],[7.0770609,45.8860344],[7.0770428,45.8860164],[7.0769668,45.8859577],[7.0769331,45.8859425],[7.0768824,45.8859359],[7.0767839,45.8858951],[7.0766942,45.8858907],[7.0766349,45.8858515],[7.0765234,45.8858109],[7.0764018,45.8857512],[7.0762738,45.8857055],[7.0761889,45.885667],[7.0761152,45.885621],[7.0760097,45.8855862],[7.0758807,45.8855684],[7.0757838,45.8855603],[7.0756886,45.8855665],[7.0755599,45.8855517],[7.075486,45.8855401],[7.0753975,45.8855397],[7.0753222,45.8855489],[7.0752703,45.8855356],[7.0752053,45.8855381],[7.0751671,45.8855318],[7.0751212,45.8855052],[7.0751165,45.885469],[7.0751029,45.8854421],[7.0750872,45.8854108],[7.0750937,45.8853618],[7.0751395,45.8852681],[7.0751584,45.8852334],[7.075191,45.8852024],[7.0752176,45.8851515],[7.0752915,45.8850913],[7.0753444,45.8850527],[7.0753811,45.885019],[7.0754107,45.884982],[7.0754436,45.884946],[7.0754615,45.8849059],[7.075499,45.8848487],[7.0755186,45.8848147],[7.0755566,45.8847852],[7.0755886,45.8847402],[7.0756321,45.8847126],[7.075671,45.8846581],[7.0756794,45.8846211],[7.0756951,45.8845818],[7.0757294,45.8845156],[7.0757734,45.8844388],[7.0758016,45.8843734],[7.0758351,45.8843432],[7.0758652,45.8842781],[7.0758847,45.8841998],[7.0758978,45.8840993],[7.0759309,45.8840523],[7.0759983,45.8839812],[7.0760839,45.8839236],[7.0761281,45.8838992],[7.0761461,45.8838761],[7.0761624,45.8838568],[7.0761531,45.8838356],[7.07617,45.8838235],[7.076235,45.8838206],[7.0762308,45.8837774],[7.0761982,45.8837358],[7.0762411,45.8837358],[7.0762634,45.8837128],[7.0762248,45.8836582],[7.0761807,45.8836006],[7.0761765,45.8835713],[7.0761982,45.8835368],[7.076177,45.8835005],[7.0762189,45.883468],[7.0760773,45.8833872],[7.0759227,45.8833369],[7.0758265,45.883342],[7.0756956,45.8833521],[7.0756278,45.8833843],[7.0755703,45.8833918],[7.0754638,45.8834359],[7.0753818,45.8834545],[7.075382,45.8834227],[7.0753151,45.8834046],[7.0752864,45.8833497],[7.0752557,45.8833475],[7.0752396,45.8833223],[7.0752501,45.8832562],[7.0752809,45.8831904],[7.0752776,45.8831469],[7.0752928,45.8831019],[7.0753568,45.8830743],[7.0753918,45.883047],[7.0754585,45.8829902],[7.0754944,45.8829455],[7.0755403,45.8828851],[7.0755853,45.882834],[7.0756183,45.8828113],[7.0756879,45.8828125],[7.0757245,45.8827736],[7.0757768,45.8827622],[7.0757104,45.8827353],[7.0757031,45.8827189],[7.0757187,45.8826953],[7.0757423,45.8826926],[7.0757787,45.8826639],[7.0757841,45.8826426],[7.0756995,45.8826036],[7.0756086,45.8825821],[7.0755022,45.8825932],[7.0754652,45.8825861],[7.0754569,45.8825716],[7.0754568,45.8825362],[7.075495,45.8824829],[7.0755168,45.8824606],[7.0755111,45.8824346],[7.0754588,45.8824187],[7.0754056,45.8824041],[7.07532,45.882483],[7.0752597,45.8824989],[7.0751977,45.8824868],[7.0751283,45.8824849],[7.0750202,45.8825255],[7.0748045,45.8825586],[7.0745392,45.8825515],[7.0743446,45.8825917],[7.0743149,45.8826],[7.0742988,45.8826278],[7.074243,45.8826656],[7.0742289,45.8826995],[7.0742419,45.8827198],[7.0742462,45.8827597],[7.0741541,45.8827733],[7.0740947,45.8827193],[7.0739937,45.8827286],[7.0738631,45.8827688],[7.0737464,45.8828379],[7.0735904,45.8829156],[7.0735551,45.8829078],[7.0735326,45.8828714],[7.0735263,45.8828194],[7.0734811,45.8827929],[7.073442,45.8828037],[7.0733928,45.8828594],[7.0733643,45.8829199],[7.073181,45.8829436],[7.0731219,45.8829396],[7.0730683,45.8829349],[7.07303,45.8829513],[7.0728792,45.8830121],[7.0728296,45.8830525],[7.0728093,45.8830988],[7.0727704,45.8831177],[7.0727182,45.8831108],[7.072636,45.8831481],[7.0725909,45.8831533],[7.072497,45.8831963],[7.0723008,45.883248],[7.072269,45.8832747],[7.0722757,45.8833167],[7.0722744,45.8834259],[7.0721696,45.8834271],[7.0720506,45.8834488],[7.0719544,45.8834973],[7.0718616,45.8835336],[7.0716636,45.8835375],[7.0715817,45.883549],[7.0714858,45.8835286],[7.0714053,45.8835156],[7.0712705,45.8835309],[7.0711222,45.8835589],[7.0710433,45.8835753],[7.0709574,45.8835875],[7.0709263,45.8835653],[7.0709023,45.8835232],[7.0708537,45.8834788],[7.0708299,45.8834184],[7.0708185,45.8834003],[7.0708206,45.8833391],[7.0708005,45.8832766],[7.0707663,45.8832389],[7.0707304,45.8832266],[7.0706854,45.883226],[7.0706101,45.8832168],[7.0705457,45.8832243],[7.0704974,45.8832654],[7.0704599,45.8833317],[7.0704639,45.8833923],[7.0704062,45.8834586],[7.0703342,45.8834846],[7.0703304,45.8835188],[7.0702125,45.8837243],[7.0701583,45.8838195],[7.0701044,45.8839294],[7.0700315,45.8840595],[7.0699479,45.8841071],[7.0699099,45.8841883],[7.0698647,45.8842165],[7.0698447,45.8842438],[7.0698141,45.8842584],[7.0697372,45.8841811],[7.0697105,45.8841568],[7.069723,45.884119],[7.0696271,45.8840476],[7.0695534,45.883961],[7.0694912,45.8839014],[7.069446,45.8838361],[7.0693482,45.8837855],[7.0692652,45.8837104],[7.0692196,45.8836189],[7.0691443,45.8835165],[7.0691022,45.8834034],[7.0687398,45.8831706],[7.0686704,45.8831352],[7.0686243,45.8831255],[7.0686126,45.8831841],[7.0686172,45.88336],[7.0686238,45.883451],[7.0686262,45.8835121],[7.0686139,45.8835525],[7.0686108,45.8835699],[7.0686154,45.8836062],[7.0686123,45.8836295],[7.0685968,45.8836279],[7.0685136,45.8835183],[7.0684626,45.8834874],[7.0683859,45.8834104],[7.0683159,45.8833802],[7.0681967,45.8832855],[7.0681706,45.8832542],[7.0681117,45.8832119],[7.0681037,45.8832393],[7.0681071,45.8832661],[7.0680995,45.8833469],[7.0681311,45.8834374],[7.0681499,45.8835898],[7.0681358,45.8836348],[7.0681125,45.8837059],[7.0680989,45.8838543],[7.0681296,45.8839574],[7.0681081,45.8840483],[7.0681012,45.8841082],[7.0681013,45.8841818],[7.0680666,45.8842553],[7.0680362,45.8843141],[7.0680416,45.8844679],[7.0680097,45.884577],[7.0679549,45.8846416],[7.067879,45.8847211],[7.0678367,45.884816],[7.067802,45.8849006],[7.067775,45.8849327],[7.0677254,45.8849759],[7.0675645,45.8850398],[7.0673924,45.8851562],[7.0673575,45.8851938],[7.067161,45.8853055],[7.0670202,45.8853623],[7.0668918,45.8853962],[7.0667767,45.8854053],[7.0666569,45.8854025],[7.066544,45.8853794],[7.066337,45.8853158],[7.0662355,45.8852825],[7.0662002,45.8852524],[7.0661464,45.885225],[7.0660685,45.8851745],[7.0660019,45.8851078],[7.0659549,45.8850787],[7.0658957,45.8850532],[7.0658685,45.8850132],[7.0657461,45.8849366],[7.0654366,45.8846417],[7.0654121,45.8846133],[7.0654483,45.8845834],[7.0654543,45.884568],[7.0654751,45.8845358],[7.0655295,45.8845162],[7.0655662,45.8845075],[7.065606,45.8845106],[7.0656104,45.8844258],[7.065599,45.884367],[7.0655461,45.8842909],[7.0655045,45.8842092],[7.0654904,45.8841373],[7.0654736,45.8840981],[7.0654348,45.8840258],[7.0654019,45.8839053],[7.0654066,45.8838755],[7.0654348,45.8838437],[7.0654582,45.8838082],[7.0654636,45.8837536],[7.0654495,45.8836673],[7.0654415,45.8835907],[7.0653918,45.8835146],[7.0653874,45.8834581],[7.0653571,45.8833925],[7.0652026,45.8832116],[7.06511,45.8831191],[7.0649862,45.8830335],[7.0648949,45.8829043],[7.0648105,45.8828285],[7.0647293,45.8827234],[7.0647238,45.8827031],[7.0647454,45.8826852],[7.0647548,45.8826623],[7.0647562,45.8826361],[7.0646898,45.8825274],[7.0646851,45.8824653],[7.0647032,45.882455],[7.0647977,45.882519],[7.064842,45.8825306],[7.0648789,45.882525],[7.064903,45.8825096],[7.0649379,45.8825068],[7.064958,45.882498],[7.0649707,45.8824723],[7.0648723,45.8823622],[7.0647584,45.8822768],[7.0645837,45.8820574],[7.0645,45.8819336],[7.0644041,45.8818319],[7.064376,45.881766],[7.0643538,45.8817147],[7.0643094,45.8816734],[7.0643128,45.881662],[7.0643726,45.8816313],[7.0644052,45.8816269],[7.0644061,45.8816178],[7.0642982,45.8815331],[7.0642465,45.8814766],[7.0642023,45.8814285],[7.0641875,45.8813856],[7.0641627,45.8813445],[7.0641178,45.8813011],[7.0641067,45.8812616],[7.0640105,45.8811769],[7.063989,45.8811232],[7.0639274,45.881057],[7.0639265,45.8810238],[7.0638838,45.8809659],[7.0638831,45.8809071],[7.0638465,45.8808588],[7.0638268,45.8808198],[7.0638227,45.8807727],[7.06378,45.8806471],[7.0637828,45.880611],[7.0637778,45.8805593],[7.0637986,45.8805229],[7.0638154,45.8804991],[7.0638099,45.8804821],[7.0637932,45.8804772],[7.0637497,45.880469],[7.063674,45.8804372],[7.0636437,45.8804132],[7.0636418,45.8803916],[7.0636555,45.8803505],[7.0636544,45.8803241],[7.0636625,45.8803003],[7.0636502,45.8802913],[7.0636356,45.8802806],[7.0636082,45.8802709],[7.0635439,45.8802572],[7.0634935,45.8802368],[7.0634666,45.8802204],[7.063344,45.8801099],[7.0632086,45.8799599],[7.0631071,45.8798586],[7.0630571,45.879822],[7.0630198,45.8797669],[7.0629698,45.8797504],[7.0629195,45.8797105],[7.0628512,45.8796705],[7.0628176,45.8796318],[7.0627847,45.8795571],[7.0627801,45.8794976],[7.0627979,45.8794423],[7.0628191,45.8794004],[7.0628116,45.8793564],[7.06278,45.8793245],[7.062703,45.8792743],[7.0625729,45.8792252],[7.0625328,45.8792029],[7.0625065,45.8791645],[7.0624871,45.8791135],[7.0624707,45.8790139],[7.0624394,45.8789876],[7.0623663,45.8789555],[7.0622703,45.8789253],[7.0622423,45.878911],[7.0621616,45.8788479],[7.0621457,45.8788266],[7.0621375,45.8787691],[7.0621131,45.8787294],[7.0621068,45.8786918],[7.0621195,45.8786585],[7.0621101,45.8786295],[7.0619757,45.8785367],[7.0618963,45.8784568],[7.0618207,45.8783489],[7.0618164,45.8782739],[7.0618788,45.8782122],[7.0618721,45.878172],[7.0619086,45.8781693],[7.0619385,45.8781501],[7.0619372,45.8781295],[7.0618835,45.8780969],[7.0618159,45.8780652],[7.0614699,45.878049],[7.0614329,45.8780362],[7.0613246,45.877962],[7.0612374,45.8778512],[7.0612438,45.8778037],[7.0612347,45.8777702],[7.061213,45.8777514],[7.0611459,45.8777477],[7.0611146,45.8777315],[7.0610507,45.8776889],[7.0610257,45.8776604],[7.0610133,45.877562],[7.0609545,45.8774861],[7.0608361,45.8773964],[7.0607974,45.8773258],[7.0607698,45.8772174],[7.0606534,45.877191],[7.0605585,45.8771735],[7.0605049,45.8771427],[7.0604485,45.8771315],[7.0604016,45.8770988],[7.0603593,45.8770403],[7.0603372,45.877025],[7.0602911,45.8769332],[7.0602527,45.8769092],[7.0601025,45.8766796],[7.0600542,45.8766595],[7.0599913,45.8766212],[7.0599543,45.8765885],[7.0599251,45.8765503],[7.0598873,45.8765274],[7.0598097,45.8764957],[7.0596955,45.8764102],[7.0596052,45.8763216],[7.0595688,45.8762823],[7.0595547,45.8762468],[7.0595426,45.8762034],[7.0594823,45.8761576],[7.0594541,45.876117],[7.0594159,45.8760811],[7.0594115,45.8760468],[7.0593844,45.8760204],[7.0593891,45.8759914],[7.0593709,45.8759625],[7.0593287,45.8759401],[7.0593282,45.8759058],[7.0591993,45.8759149],[7.059155,45.8759037],[7.0591409,45.8758929],[7.0591352,45.8758675],[7.0590944,45.8758386],[7.0589282,45.8757764],[7.0588892,45.8757611],[7.0587726,45.8756931],[7.0587554,45.8756712],[7.0587735,45.8756497],[7.0587638,45.8756195],[7.0587315,45.8756246],[7.058697,45.8756067],[7.0587077,45.8755427],[7.05871,45.8754777],[7.0586916,45.8753972],[7.0587091,45.8753892],[7.0587261,45.8753116],[7.0587158,45.8752944],[7.0586702,45.8752751],[7.0586655,45.8752323],[7.0586367,45.8752085],[7.058636,45.8751847],[7.0586071,45.8751673],[7.0585669,45.8751256],[7.058525,45.8750635],[7.0584999,45.8749993],[7.0583768,45.8748974],[7.0582565,45.8748355],[7.0582308,45.8748368],[7.0582203,45.8748486],[7.0582263,45.874871],[7.0582131,45.8748976],[7.0580136,45.8748489],[7.0578974,45.8748859],[7.0578414,45.8748775],[7.0577913,45.8748363],[7.0577247,45.874758],[7.0576255,45.8746908],[7.0575574,45.8745953],[7.0574605,45.8745078],[7.0573774,45.8744107],[7.0573519,45.8743593],[7.057309,45.8743304],[7.0572661,45.8742939],[7.0572594,45.8742669],[7.0572124,45.8742351],[7.057151,45.8741827],[7.0571525,45.8740359],[7.0571883,45.8739989],[7.0572339,45.8739746],[7.0572416,45.8739228],[7.0572259,45.8738766],[7.0572194,45.8737975],[7.0571054,45.8737828],[7.0570676,45.8737486],[7.0570542,45.8737029],[7.0570289,45.8736314],[7.0570083,45.8735603],[7.0569356,45.8735289],[7.056901,45.8734779],[7.0568503,45.8734713],[7.0567927,45.8735217],[7.0567565,45.8734993],[7.0567641,45.8734448],[7.0567431,45.8734088],[7.0567337,45.8733611],[7.0567591,45.8732958],[7.0567672,45.873264],[7.0567635,45.8732174],[7.0567538,45.8731884],[7.0566898,45.8731548],[7.0566398,45.8731595],[7.0565446,45.8731417],[7.0564668,45.873095],[7.0561849,45.8730151],[7.0558466,45.8729804],[7.055805,45.8729573],[7.0557581,45.8728845],[7.055712,45.8728458],[7.0556611,45.8728172],[7.0556413,45.8728252],[7.0556216,45.8728534],[7.0555629,45.8729608],[7.0555461,45.8729606],[7.0555211,45.8729116],[7.0554583,45.8728392],[7.0553725,45.872765],[7.0551779,45.8726843],[7.0551277,45.8726492],[7.055101,45.872645],[7.0549974,45.8725639],[7.054955,45.8724815],[7.0548773,45.872432],[7.0547917,45.8724725],[7.0547476,45.8725475],[7.0546281,45.8724946],[7.0545104,45.8724259],[7.0541938,45.8723014],[7.0536449,45.8720484],[7.05324,45.8718351],[7.0528737,45.8717156],[7.0526368,45.8716465],[7.0523471,45.8716065],[7.052057,45.8715857],[7.0519563,45.8715987],[7.0518264,45.8716448],[7.0517543,45.8716413],[7.0516766,45.8715971],[7.0515908,45.8715261],[7.0515276,45.8714642],[7.0515997,45.8714407],[7.0517311,45.8714156],[7.0519325,45.8713718],[7.0521392,45.8713301],[7.0524278,45.8713158],[7.0525915,45.8713128],[7.0526939,45.871311],[7.0530779,45.8713295],[7.0533043,45.8713283],[7.0534246,45.871355],[7.053515,45.8714216],[7.0537478,45.8715527],[7.0539,45.8714489],[7.0540119,45.8712929],[7.0538942,45.871111],[7.053699,45.8709111],[7.0536143,45.8708409],[7.0536478,45.8707094],[7.0538396,45.8708052],[7.0540291,45.8708271],[7.0539871,45.8707345],[7.0540756,45.8706542],[7.0541636,45.8705868],[7.0543701,45.8706425],[7.0547473,45.8708798],[7.054832,45.8709147],[7.0548725,45.8708737],[7.0548888,45.8707271],[7.0550492,45.8708059],[7.055229,45.8707792],[7.0549649,45.8705193],[7.0547449,45.8703139],[7.05458,45.870116],[7.0545039,45.8699633],[7.0544795,45.869847],[7.0548048,45.8699278],[7.0550324,45.8700779],[7.0551337,45.8701425],[7.0551679,45.8700871],[7.05519,45.8698893],[7.0552249,45.8698483],[7.0553263,45.8698953],[7.0556035,45.869963],[7.0557801,45.8700724],[7.0558648,45.8701318],[7.0558328,45.8699812],[7.0557171,45.8697138],[7.0555468,45.8695196],[7.0555551,45.8694114],[7.0552236,45.8690462],[7.0550051,45.8686573],[7.0548399,45.8681155],[7.0547936,45.8680052],[7.0547019,45.8679045],[7.0546818,45.8677687],[7.0546346,45.8675675],[7.0549591,45.8676988],[7.055001,45.8676566],[7.0550106,45.8675146],[7.0550439,45.8674587],[7.0552425,45.8675848],[7.0553577,45.8676268],[7.0555317,45.8677475],[7.0557927,45.8679251],[7.0559321,45.8681096],[7.0562216,45.8682722],[7.0563771,45.8683381],[7.0568374,45.8683719],[7.0570368,45.8684709],[7.0571894,45.8685099],[7.0573715,45.8686901],[7.0575835,45.868767],[7.0579165,45.8690368],[7.0581043,45.8691153],[7.0581516,45.8692474],[7.0585414,45.8695948],[7.0587545,45.8696278],[7.0586889,45.8695614],[7.0585924,45.8694549],[7.0585575,45.86927],[7.0584514,45.8690495],[7.0583429,45.8688666],[7.0582159,45.8686612],[7.0580604,45.868396],[7.0579497,45.8682164],[7.0579046,45.8680595],[7.0577528,45.8679645],[7.0576652,45.867779],[7.0573586,45.867552],[7.0572524,45.8674303],[7.0572794,45.866913],[7.0570284,45.8664412],[7.0570421,45.8662932],[7.0570958,45.8662148],[7.0570475,45.8661233],[7.0570897,45.8660579],[7.0571747,45.8660132],[7.0574694,45.8658742],[7.0569613,45.8655279],[7.0568758,45.8653257],[7.0569107,45.8652118],[7.0569617,45.865167],[7.056959,45.8651334],[7.0569478,45.8651189],[7.0568866,45.86504],[7.0568602,45.8648787],[7.0569321,45.864715],[7.0568957,45.8646548],[7.0568812,45.8646309],[7.0568268,45.8646523],[7.0567457,45.8646599],[7.0566853,45.8646269],[7.056613,45.864559],[7.0565491,45.8645639],[7.0565171,45.8645663],[7.0563515,45.8645245],[7.0562961,45.8644072],[7.0560816,45.8641681],[7.0558783,45.8640599],[7.0555561,45.8640566],[7.0552153,45.8640299],[7.0549553,45.863941],[7.0548155,45.8638769],[7.054684,45.8638388],[7.0543665,45.8638014],[7.0540337,45.8637487],[7.0535177,45.8638427],[7.0532921,45.8638544],[7.0528573,45.863692],[7.0524136,45.8635388],[7.0520991,45.8633106],[7.0517436,45.8631735],[7.051408,45.8629547],[7.0502714,45.8626009],[7.0499511,45.8624649],[7.0492459,45.8622556],[7.0489524,45.8620737],[7.0487047,45.8618115],[7.0484225,45.8615332],[7.0481265,45.8613122],[7.0479129,45.8610445],[7.0475788,45.86078],[7.0470769,45.8602445],[7.0465662,45.8595445],[7.0465171,45.8594047],[7.0463541,45.8592831],[7.0463642,45.8591506],[7.0463541,45.8591239],[7.0463508,45.8591151],[7.0462943,45.8591013],[7.0460826,45.8591525],[7.0459251,45.8590854],[7.045618,45.8586819],[7.0451644,45.858239],[7.0450538,45.8581226],[7.0449033,45.8580258],[7.0448121,45.8578555],[7.0447417,45.857835],[7.0446374,45.8577605],[7.0445791,45.857703],[7.0445616,45.8576542],[7.0443904,45.8575119],[7.0441036,45.8573312],[7.0438816,45.8572401],[7.0437728,45.8572141],[7.0437275,45.8571706],[7.0436875,45.8571652],[7.0435987,45.8571125],[7.0431966,45.8569837],[7.043042,45.8569129],[7.0429772,45.8568394],[7.0429208,45.8568195],[7.0428345,45.8568146],[7.0427817,45.8567748],[7.0425363,45.8566965],[7.0424578,45.8566526],[7.0423542,45.8566163],[7.0423185,45.8566187],[7.0420654,45.8565713],[7.041971,45.856514],[7.0419032,45.8565369],[7.0418665,45.8565333],[7.0417433,45.8564745],[7.0415014,45.8564719],[7.041298,45.8563835],[7.041089,45.8562571],[7.0408495,45.8560722],[7.0406451,45.8559702],[7.04043,45.8558331],[7.0398546,45.8554021],[7.0395994,45.8551946],[7.0389218,45.8547848],[7.0388035,45.8546455],[7.038783,45.8545033],[7.0387422,45.854381],[7.0387381,45.8541962],[7.0386524,45.8538693],[7.0386279,45.8536276],[7.038583,45.8534712],[7.0385254,45.8533435],[7.0384891,45.8532409],[7.0384752,45.8530371],[7.0383462,45.8526893],[7.0382687,45.8525386],[7.0382442,45.8524164],[7.0382728,45.8522713],[7.0380606,45.8516948],[7.0379829,45.8515065],[7.0379421,45.8513103],[7.0378115,45.8510544],[7.0377258,45.8507928],[7.03764,45.8506648],[7.0376196,45.8505454],[7.0374441,45.8503976],[7.0372522,45.8500905],[7.0372712,45.8500049],[7.0371549,45.8498921],[7.0370277,45.849664],[7.0369721,45.8495912],[7.036896,45.849578],[7.0367676,45.8495844],[7.0366011,45.849624],[7.03658,45.8496224],[7.0364276,45.8495161],[7.0364502,45.8494517],[7.0364279,45.8494046],[7.0365465,45.8492107],[7.0367196,45.8490786],[7.0367996,45.8490115],[7.036878,45.8489694],[7.0369036,45.8489341],[7.0369744,45.8488887],[7.0370707,45.8488477],[7.0372471,45.8487238],[7.0372967,45.8486685],[7.0373859,45.8486043],[7.0374369,45.8485204],[7.0374512,45.8485224],[7.0375193,45.8484165],[7.0376349,45.8482778],[7.0377239,45.8481675],[7.0377388,45.8480488],[7.0378572,45.8479622],[7.0378576,45.8478586],[7.0378325,45.8478152],[7.0377834,45.847788],[7.037719,45.8477717],[7.037576,45.8477352],[7.0374496,45.8476215],[7.037302,45.8475355],[7.0372079,45.8474839],[7.0372012,45.8474247],[7.0371752,45.8473917],[7.0371961,45.8473216],[7.0372369,45.8471866],[7.0371913,45.847112],[7.0370803,45.8471026],[7.0369807,45.8470937],[7.0369173,45.8470841],[7.0367742,45.8470626],[7.0366858,45.8469982],[7.0366348,45.8468027],[7.0365874,45.8467081],[7.0365429,45.8465859],[7.0365547,45.846451],[7.0364858,45.846284],[7.0363917,45.8462716],[7.0363315,45.8462599],[7.0362629,45.8462826],[7.0361567,45.8462854],[7.0359427,45.8463319],[7.0358313,45.8462874],[7.0357063,45.84628],[7.0355259,45.8462874],[7.0352597,45.846315],[7.0352393,45.8463289],[7.0351985,45.8463449],[7.0350956,45.8463716],[7.0349117,45.8464265],[7.0348712,45.8464273],[7.0348516,45.8464329],[7.0348449,45.8464353],[7.0348327,45.8464385],[7.0348129,45.8464418],[7.0347737,45.8464381],[7.0347373,45.8464447],[7.034674,45.8464674],[7.0345916,45.846491],[7.0345793,45.8464907],[7.0345614,45.8464833],[7.0345205,45.8464819],[7.034485,45.8465018],[7.0344262,45.8465305],[7.0343385,45.8465383],[7.0342866,45.8465405],[7.0342617,45.8465496],[7.0342393,45.8465678],[7.0342131,45.8465843],[7.0341841,45.8465905],[7.0341399,45.8465921],[7.0340862,45.8466102],[7.0340588,45.8466284],[7.0340433,45.8466366],[7.0340225,45.8466415],[7.0339825,45.8466366],[7.0339204,45.8466238],[7.0338437,45.8466141],[7.0337141,45.8466156],[7.0336008,45.8466156],[7.0335546,45.8466244],[7.033482,45.8466292],[7.0334648,45.8466284],[7.033437,45.846638],[7.0334342,45.8466548],[7.0334179,45.8466653],[7.0334,45.8466734],[7.0333031,45.8467145],[7.0331747,45.8467651],[7.0329843,45.8468193],[7.0329514,45.8468298],[7.0329604,45.846855],[7.0330333,45.8468939],[7.0329906,45.8469334],[7.0329206,45.8469558],[7.0328466,45.8469581],[7.032834,45.8469545],[7.0327954,45.8469436],[7.0327442,45.8469363],[7.0326734,45.8469755],[7.0326305,45.8470176],[7.0325779,45.8470541],[7.0324145,45.8470991],[7.0323233,45.8471307],[7.0321727,45.8471199],[7.0321157,45.8470961],[7.0320237,45.8470603],[7.0319759,45.8470801],[7.0319517,45.8471255],[7.0319305,45.8471584],[7.0319343,45.8471916],[7.0319166,45.8472305],[7.031882,45.8472345],[7.0318589,45.8472222],[7.0318335,45.8472206],[7.0317965,45.8472163],[7.0317688,45.8471895],[7.031721,45.8471939],[7.0317087,45.8472742],[7.0317287,45.8473306],[7.0317534,45.8473547],[7.0317518,45.8473745],[7.0317234,45.8473752],[7.0316802,45.8473536],[7.031613,45.8473491],[7.031594,45.8473719],[7.0315925,45.8474014],[7.0315963,45.8474217],[7.0315925,45.8474427],[7.0316055,45.8474609],[7.0316171,45.8474963],[7.0316587,45.8475446],[7.0316594,45.8475692],[7.0316818,45.8475966],[7.0317064,45.847617],[7.0317349,45.8476492],[7.0317542,45.8476996],[7.0317611,45.8477253],[7.0317865,45.8477414],[7.0317788,45.847772],[7.0317672,45.8477924],[7.0317842,45.8478133],[7.031779,45.8478375],[7.0317842,45.8479061],[7.0317996,45.8479613],[7.0317985,45.8480756],[7.0317672,45.8481362],[7.0317611,45.8481646],[7.0317495,45.8481844],[7.0317199,45.8482194],[7.0316641,45.8482134],[7.0316194,45.8482075],[7.0315278,45.8481816],[7.031487,45.8481501],[7.0314269,45.8481254],[7.031336,45.8480766],[7.031246,45.8480021],[7.0311297,45.8479314],[7.0308494,45.8478915],[7.0306882,45.8478344],[7.0304657,45.8476919],[7.0304246,45.8475902],[7.0304375,45.8475498],[7.0303435,45.8474868],[7.030214,45.8474361],[7.030172,45.8473799],[7.0299901,45.8472929],[7.0298498,45.8472329],[7.0297387,45.8471233],[7.0295919,45.8470374],[7.0294705,45.8469047],[7.0293681,45.8468577],[7.029248,45.8468099],[7.029167,45.8467625],[7.028856,45.846567],[7.0287953,45.8464745],[7.0286094,45.8463371],[7.0285866,45.8462103],[7.0282225,45.8459804],[7.0280745,45.8458483],[7.0278317,45.8457426],[7.0277202,45.8456511],[7.0276754,45.8454613],[7.0274305,45.8454513],[7.0273027,45.8453163],[7.0270882,45.8451665],[7.0270389,45.8450502],[7.0268417,45.8449604],[7.0267316,45.8448653],[7.0264965,45.8447014],[7.0263485,45.8446142],[7.0260526,45.8444557],[7.0259805,45.8443518],[7.0259137,45.8442393],[7.0258555,45.8439745],[7.0256887,45.8437859],[7.0255362,45.8435978],[7.0253305,45.8434925],[7.0252229,45.8433266],[7.0251393,45.8431254],[7.0250513,45.8430729],[7.0249119,45.8429848],[7.0247495,45.8429076],[7.0246149,45.8428173],[7.0245808,45.8427274],[7.0243949,45.8426032],[7.0242811,45.842561],[7.0241446,45.8424685],[7.0240308,45.842339],[7.0239966,45.8421461],[7.024027,45.8420298],[7.0239245,45.8417893],[7.0239169,45.8417021],[7.0238752,45.8415726],[7.0237842,45.8414405],[7.0235869,45.8412502],[7.0233783,45.8411366],[7.0232341,45.8410282],[7.0230672,45.840867],[7.0228434,45.8406768],[7.022612,45.8405393],[7.0223844,45.8403306],[7.0221758,45.8402011],[7.021952,45.8399764],[7.0218382,45.8398787],[7.0217661,45.8397729],[7.0216523,45.8396805],[7.0214142,45.8392942],[7.0214379,45.8391528],[7.0212635,45.838921],[7.02114,45.8385724],[7.0210775,45.838382],[7.0210833,45.8380842],[7.0210491,45.8376297],[7.0210381,45.8374928],[7.0211542,45.8372426],[7.0211478,45.8371169],[7.0210643,45.8370403],[7.0209884,45.8368923],[7.0209637,45.8367864],[7.0208379,45.8366933],[7.020792,45.8365995],[7.0207598,45.8364949],[7.0206553,45.8364298],[7.0205219,45.8362129],[7.0205263,45.836007],[7.0204513,45.8359261],[7.020522,45.8358328],[7.0209467,45.8355365],[7.0209164,45.8354546],[7.0210264,45.8353092],[7.0209353,45.8352828],[7.0207729,45.8353356],[7.0205699,45.8353375],[7.0204121,45.8352907],[7.0203082,45.835365],[7.020189,45.8353982],[7.0199391,45.8352936],[7.0197583,45.8352678],[7.0194992,45.8353235],[7.0193838,45.8353039],[7.01927,45.8353277],[7.0191373,45.8353647],[7.0189238,45.8355224],[7.0187534,45.835526],[7.0186335,45.835596],[7.0186098,45.8356982],[7.0184317,45.835777],[7.0182231,45.8358008],[7.0179651,45.8359699],[7.0178627,45.8359673],[7.0177185,45.8360519],[7.0176056,45.8361806],[7.017366,45.83625],[7.017234,45.8363363],[7.0171183,45.8363738],[7.0170213,45.8363626],[7.0169082,45.836385],[7.0166909,45.8364201],[7.0163851,45.8363996],[7.0161598,45.8362799],[7.0160413,45.8362331],[7.0152795,45.8359178],[7.0149155,45.8357675],[7.0147005,45.8356685],[7.0143586,45.8354922],[7.0141212,45.8353418],[7.0138955,45.8352483],[7.0137475,45.8352352],[7.0134703,45.8351694],[7.0128557,45.8350344],[7.0124686,45.8348994],[7.0121294,45.8347062],[7.0119111,45.8345787],[7.0118117,45.8344624],[7.0117835,45.8343222],[7.011723,45.8343253],[7.0115963,45.8343592],[7.0115008,45.8343925],[7.0113971,45.8344042],[7.0112274,45.8344229],[7.0110847,45.8344267],[7.0108747,45.8344267],[7.0107482,45.8344005],[7.01049,45.8343292],[7.0102797,45.834271],[7.0101344,45.8342335],[7.0098382,45.8340516],[7.009577,45.8339371],[7.0092109,45.8336651],[7.0090682,45.8335845],[7.0089659,45.8335207],[7.0085461,45.8332814],[7.0083607,45.8331077],[7.0082378,45.8330181],[7.0080285,45.8329648],[7.0077759,45.8328791],[7.0077434,45.8329984],[7.007731,45.8330482],[7.0077901,45.8331258],[7.0077622,45.8331651],[7.0076922,45.8331753],[7.0076016,45.83315],[7.0075266,45.8330843],[7.0073786,45.8328942],[7.0071601,45.8327547],[7.0069855,45.8326369],[7.0068614,45.8325746],[7.0067211,45.8325175],[7.0065315,45.8324155],[7.0062928,45.8321885],[7.0059124,45.8318917],[7.0057018,45.8316441],[7.0055381,45.8315343],[7.0052355,45.8314432],[7.0050188,45.8312035],[7.0045613,45.8307554],[7.0045132,45.8306356],[7.0043325,45.8304171],[7.0041449,45.8301703],[7.0041169,45.8300355],[7.0036504,45.8297889],[7.0033301,45.8296784],[7.0031372,45.8295289],[7.0030066,45.8292667],[7.0030408,45.8291431],[7.0030253,45.8290088],[7.0027049,45.8287704],[7.002621,45.8286209],[7.0023566,45.8285277],[7.002282,45.8283911],[7.0019678,45.8282243],[7.0017626,45.8280531],[7.0013396,45.8280314],[7.0011219,45.8279902],[7.0009291,45.827871],[7.0007888,45.8278202],[7.0004972,45.8276594],[7.000236,45.8275747],[6.9999323,45.8274096],[6.9997014,45.8273081],[6.9994828,45.8272319],[6.9990454,45.827143],[6.9986384,45.8269991],[6.9984319,45.8269652],[6.9980553,45.8269483],[6.9978609,45.8268848],[6.9975875,45.8268297],[6.9972987,45.8267414],[6.9971394,45.8266572],[6.9969637,45.8266266],[6.9967659,45.8265347],[6.9966451,45.8264084],[6.9962349,45.8260949],[6.9960647,45.8260471],[6.9959081,45.8259434],[6.9956467,45.825927],[6.9953791,45.8258247],[6.9950774,45.8258279],[6.9948414,45.8257532],[6.9946053,45.8256784],[6.9943908,45.8255737],[6.9941976,45.8255588],[6.9939831,45.8255438],[6.9938758,45.8255588],[6.993747,45.8255588],[6.9936292,45.8255885],[6.9934504,45.8255297],[6.9931673,45.825457],[6.9928693,45.8252874],[6.9924918,45.8251455],[6.9921541,45.8250452],[6.9919504,45.8249275],[6.9916028,45.8249171],[6.9913097,45.8247925],[6.9910267,45.8246195],[6.9908379,45.8245848],[6.990643,45.824469],[6.9903711,45.8244429],[6.9901315,45.8243315],[6.989939,45.8242872],[6.9896112,45.8242353],[6.9892883,45.8242353],[6.9888513,45.8241384],[6.9883397,45.8239134],[6.9879921,45.8236919],[6.9877277,45.8235748],[6.9875302,45.8233666],[6.9872769,45.8231797],[6.9870136,45.8230481],[6.9863878,45.8225636],[6.986151,45.8223738],[6.9858721,45.8221495],[6.9855502,45.821985],[6.9847985,45.8216498],[6.9846893,45.8215114],[6.9843463,45.8212138],[6.9839392,45.820937],[6.9837059,45.8208503],[6.9833513,45.8206826],[6.9826825,45.8202343],[6.9824146,45.8200369],[6.981898,45.8197046],[6.9815305,45.81958],[6.9811034,45.8194],[6.9803584,45.8188393],[6.9801398,45.818462],[6.9797872,45.8181401],[6.9794694,45.8176001],[6.9794594,45.8175032],[6.9791465,45.8171709],[6.9788088,45.8167451],[6.9787691,45.8166447],[6.9786499,45.8165028],[6.978486,45.8162605],[6.9784115,45.8161393],[6.9781383,45.8158589],[6.9780737,45.8157205],[6.9779595,45.8155855],[6.9779347,45.8154955],[6.9779198,45.8153362],[6.9777807,45.8150212],[6.9778006,45.814772],[6.9778338,45.8146923],[6.9779839,45.8146476],[6.9781284,45.8146647],[6.9782724,45.8146024],[6.9783022,45.8144224],[6.9782525,45.8138512],[6.9782128,45.8137404],[6.9782327,45.8135846],[6.978178,45.8134843],[6.9781482,45.8132973],[6.9781482,45.8130896],[6.978207,45.8129898],[6.9784015,45.81286],[6.9784181,45.8127273],[6.9783726,45.8125455],[6.9783615,45.8123674],[6.9783657,45.8122231],[6.9784277,45.8120183],[6.9785271,45.8118827],[6.9785353,45.8117587],[6.9785891,45.8116519],[6.9787492,45.8115445],[6.9789603,45.811458],[6.9790969,45.8113166],[6.9793563,45.8112175],[6.9794528,45.8111147],[6.9795852,45.8110195],[6.9796515,45.8108868],[6.979726,45.8108319],[6.9797177,45.8106185],[6.9796791,45.8105353],[6.9796747,45.8104545],[6.9796825,45.8104211],[6.979726,45.8103868],[6.9797996,45.8103629],[6.979856,45.8103096],[6.9799162,45.8102928],[6.9800319,45.8102522],[6.9800557,45.8102161],[6.9800493,45.8101737],[6.9799885,45.8100896],[6.9799966,45.809948],[6.9799061,45.8099196],[6.9798328,45.8099106],[6.9797847,45.8098814],[6.9797625,45.8098265],[6.9797527,45.8097729],[6.9797039,45.8097326],[6.9796,45.8097225],[6.9795783,45.8096732],[6.9795953,45.809632],[6.9795843,45.809613],[6.9795244,45.8096104],[6.9793245,45.8096203],[6.979221,45.8096001],[6.9790141,45.8095597],[6.9788568,45.8094472],[6.9788576,45.8094005],[6.9785983,45.8091954],[6.9785886,45.8090961],[6.978441,45.8090103],[6.9787248,45.8089398],[6.9784629,45.8088651],[6.9784319,45.8087136],[6.9783909,45.8086396],[6.9783387,45.8085422],[6.9782647,45.8084965],[6.978154,45.808462],[6.9780338,45.8084293],[6.9777339,45.8083914],[6.9776616,45.8083624],[6.9775749,45.8083202],[6.9775282,45.8082845],[6.9775124,45.8082307],[6.9774796,45.8081813],[6.9774407,45.8081114],[6.9773885,45.8080362],[6.9773063,45.8079341],[6.977274,45.8078836],[6.9772774,45.8078438],[6.9773547,45.807814],[6.9774698,45.8077975],[6.9775574,45.8077856],[6.97764,45.8077754],[6.9777063,45.8077942],[6.9778041,45.8078051],[6.9778713,45.8078411],[6.977948,45.8078685],[6.9780693,45.8078641],[6.9781962,45.8078209],[6.978324,45.8077476],[6.9783969,45.8076997],[6.978451,45.8076567],[6.9785017,45.8076114],[6.9784591,45.8075712],[6.9784072,45.8075577],[6.9783351,45.8075455],[6.9782565,45.8075406],[6.9781563,45.8075296],[6.9780745,45.8075167],[6.9780112,45.8075096],[6.9779533,45.8074978],[6.9779129,45.8074838],[6.9779465,45.8074472],[6.9780179,45.8074162],[6.9780825,45.807389],[6.9781242,45.8073599],[6.9781979,45.8073327],[6.9783031,45.8072923],[6.9782828,45.8072651],[6.9781432,45.807237],[6.9780822,45.8072183],[6.9780045,45.8071948],[6.9779789,45.8071733],[6.9780231,45.8071458],[6.9780434,45.8071357],[6.9780986,45.8071357],[6.9781349,45.8071188],[6.9781646,45.8071001],[6.9782386,45.8070823],[6.9783489,45.807071],[6.9784837,45.8070626],[6.9785548,45.8070963],[6.9785778,45.8070869],[6.978579,45.8070579],[6.9785723,45.8070456],[6.9785696,45.8070147],[6.9786207,45.8069923],[6.9786853,45.8070157],[6.9787419,45.8070504],[6.9787782,45.8070644],[6.9788294,45.8070719],[6.9788738,45.8070757],[6.9788859,45.8070551],[6.9788374,45.8070232],[6.9788159,45.8069941],[6.9788253,45.8069678],[6.9788751,45.8069528],[6.9789316,45.8069491],[6.9790272,45.8069612],[6.9791357,45.8069936],[6.9791994,45.8070061],[6.9792425,45.8070119],[6.9793502,45.8070133],[6.9794646,45.8070335],[6.9795951,45.8070382],[6.9797417,45.8070348],[6.9798117,45.8070488],[6.9798574,45.8070629],[6.9798992,45.8070488],[6.9799638,45.8070742],[6.9799839,45.8070395],[6.9800311,45.8070104],[6.9800956,45.8070085],[6.9801616,45.8070123],[6.9802477,45.807031],[6.9803096,45.8070254],[6.9802437,45.8069851],[6.9802248,45.8069654],[6.9802706,45.806955],[6.9803486,45.8069522],[6.9804159,45.806955],[6.9804711,45.8069682],[6.9805137,45.8069747],[6.9805568,45.8069909],[6.9805707,45.8070038],[6.9806232,45.8070188],[6.9806891,45.8070282],[6.9807456,45.8070207],[6.9808008,45.8070188],[6.9808514,45.8070158],[6.980919,45.8070312],[6.9810115,45.8071219],[6.9810664,45.8071464],[6.9811247,45.8071477],[6.9812408,45.8071503],[6.981315,45.807153],[6.9813982,45.8071509],[6.9814787,45.8071609],[6.981631,45.8071623],[6.9818041,45.8071609],[6.9819154,45.8071739],[6.9819027,45.8071225],[6.9819371,45.8071027],[6.9819991,45.807093],[6.9820532,45.8070838],[6.9821274,45.8070934],[6.9822192,45.8071213],[6.9822617,45.8070876],[6.9823485,45.8071145],[6.9823922,45.8070933],[6.9823751,45.8070177],[6.9823199,45.8069142],[6.9822393,45.8068736],[6.9822076,45.8068094],[6.9821562,45.8067656],[6.9821525,45.8067227],[6.9822089,45.8067098],[6.9822934,45.8067244],[6.9822655,45.806654],[6.9821794,45.8066055],[6.982093,45.8065534],[6.9819907,45.8065135],[6.9819088,45.8064671],[6.981887,45.8064466],[6.9819435,45.8064121],[6.9820456,45.8063998],[6.9821842,45.8063819],[6.9822438,45.8063521],[6.9823112,45.8063376],[6.9823759,45.8063416],[6.9824805,45.8063754],[6.9825673,45.8064406],[6.9826587,45.8064883],[6.9827424,45.8065639],[6.9828835,45.8066126],[6.9829852,45.8067006],[6.9831317,45.8067624],[6.9832519,45.8068057],[6.9833853,45.8068146],[6.9834939,45.8068066],[6.983595,45.8067961],[6.9836236,45.8067789],[6.9835874,45.8067364],[6.9834961,45.8067178],[6.9834504,45.8067019],[6.9833978,45.8066568],[6.9833455,45.8066249],[6.9833433,45.8066032],[6.9833744,45.8065958],[6.9834177,45.8065886],[6.9836002,45.8066145],[6.983691,45.8066341],[6.9837224,45.8066087],[6.9836788,45.8065679],[6.983635,45.8065308],[6.9835855,45.8064989],[6.9835627,45.8064644],[6.9835931,45.8064565],[6.9836858,45.8064521],[6.983797,45.8064596],[6.9839443,45.8064754],[6.984107,45.806479],[6.9841257,45.806458],[6.9840994,45.8064114],[6.984029,45.8063663],[6.9839775,45.8063288],[6.9838823,45.8062048],[6.9838387,45.8061606],[6.9837797,45.8061261],[6.9837287,45.8060965],[6.9837134,45.8060601],[6.9837642,45.8060382],[6.9838075,45.8060301],[6.9839732,45.8060252],[6.9840609,45.8059614],[6.9842212,45.8059258],[6.9842992,45.8059086],[6.9843639,45.8058979],[6.9844496,45.8058979],[6.9845295,45.8059086],[6.9846113,45.8059125],[6.9847008,45.8058873],[6.9847727,45.8058608],[6.9847103,45.8058329],[6.984638,45.8058064],[6.9846228,45.8057812],[6.9846513,45.8057441],[6.9847184,45.8057141],[6.9846094,45.8056432],[6.98456,45.8055822],[6.9844648,45.8055305],[6.9843544,45.805484],[6.984147,45.8053965],[6.9840214,45.8053407],[6.9838958,45.8052837],[6.9837778,45.8052399],[6.9837188,45.8052173],[6.9836643,45.8052109],[6.9836179,45.8051775],[6.983654,45.8051271],[6.9837238,45.8051078],[6.9838025,45.8051258],[6.9839357,45.8051139],[6.9840061,45.8050913],[6.984067,45.8050542],[6.9841999,45.804969],[6.984318,45.8049419],[6.984424,45.8049304],[6.98456,45.804891],[6.984697,45.8048631],[6.9848169,45.8048512],[6.9848835,45.8048419],[6.9849387,45.8047994],[6.9849844,45.8047649],[6.9850355,45.8047539],[6.9851176,45.8047622],[6.9852269,45.8047877],[6.9853037,45.8048046],[6.9853842,45.8047791],[6.9855268,45.8047702],[6.9856405,45.8047853],[6.9857247,45.8048081],[6.985812,45.804846],[6.9858869,45.8048562],[6.9859931,45.8048605],[6.9860545,45.8048843],[6.9861701,45.804887],[6.9862904,45.8048757],[6.9863463,45.8048436],[6.9863904,45.8048226],[6.9864403,45.8048047],[6.9865031,45.80481],[6.9865431,45.8047756],[6.9865528,45.8047416],[6.9865602,45.8047026],[6.9864974,45.8046548],[6.9864251,45.8046177],[6.9863109,45.8045646],[6.9862652,45.8045208],[6.9862652,45.8044784],[6.9863393,45.8044597],[6.9864403,45.8044555],[6.9864861,45.8044307],[6.9864881,45.80439],[6.986446,45.8043457],[6.9863604,45.8042873],[6.98629,45.8042342],[6.986237,45.8041881],[6.9862146,45.8041312],[6.9862391,45.8040728],[6.9863031,45.8040354],[6.9863117,45.8040015],[6.9862895,45.8039728],[6.986231,45.8039658],[6.9861341,45.8039733],[6.9860546,45.8039671],[6.9860234,45.8039183],[6.9860605,45.8038892],[6.9862763,45.8038372],[6.9862974,45.803799],[6.9862671,45.8037413],[6.9861693,45.8037283],[6.9861005,45.8037036],[6.9860518,45.803655],[6.9860964,45.8035868],[6.9861691,45.803523],[6.9862534,45.8034709],[6.9864024,45.8033967],[6.986485,45.8033298],[6.9865504,45.8032908],[6.9865728,45.8032322],[6.9866389,45.8032025],[6.9866724,45.8031609],[6.9867824,45.8031448],[6.9868401,45.8031009],[6.9867537,45.803026],[6.9865292,45.8029711],[6.9863772,45.8029464],[6.9862444,45.8029357],[6.9861449,45.8029433],[6.9860345,45.8029395],[6.9859215,45.802947],[6.9857976,45.8029601],[6.9856685,45.8029357],[6.9855931,45.802887],[6.9855096,45.8028091],[6.9854948,45.8027817],[6.9854969,45.8027401],[6.9855111,45.8027165],[6.9856223,45.8026699],[6.9857775,45.8026356],[6.9858482,45.8026288],[6.9859279,45.8026153],[6.9859518,45.8025868],[6.9859441,45.8025545],[6.9859188,45.8025285],[6.9858192,45.8024667],[6.9857196,45.802431],[6.9856156,45.8024035],[6.9854942,45.8023873],[6.9853418,45.802358],[6.9852675,45.8023273],[6.9851113,45.8022396],[6.9849498,45.8021721],[6.9847791,45.8021218],[6.9845748,45.8020741],[6.98447,45.8020375],[6.9843866,45.8020242],[6.984365,45.8020109],[6.9843493,45.8019678],[6.9843375,45.8019454],[6.9843097,45.8019237],[6.9842794,45.8019134],[6.9842268,45.8018954],[6.9841388,45.8018729],[6.9840941,45.8018468],[6.9840612,45.8018087],[6.9840559,45.8017851],[6.9840597,45.8017581],[6.9840729,45.8017323]]}}]}
