{"type":"FeatureCollection","features":[{"type":"Feature","properties":{"name":"Tour du Mont Blanc — main loop","direction":"counter-clockwise","length_m":166010.8,"point_count":6784,"source":"OpenStreetMap contributors (ODbL), relation 9678362"},"geometry":{"type":"LineString","coordinates":[[6.798987,45.891535],[6.7988,45.890975],[6.798604,45.890555],[6.798313,45.890182],[6.798127,45.889987],[6.797877,45.88982],[6.797654,45.889653],[6.797381,45.889503],[6.797026,45.889415],[6.796685,45.889368],[6.79635,45.889345],[6.795839,45.889282],[6.795428,45.889234],[6.795088,45.889234],[6.794323,45.889334],[6.793736,45.889357],[6.793238,45.889322],[6.792719,45.889263],[6.792153,45.88923],[6.791805,45.889243],[6.791396,45.889279],[6.79075,45.889333],[6.790376,45.889421],[6.789861,45.889567],[6.789394,45.889697],[6.789082,45.889781],[6.788941,45.889874],[6.788869,45.88986],[6.788359,45.890006],[6.788012,45.890116],[6.787657,45.890222],[6.787275,45.890342],[6.786933,45.890483],[6.786541,45.890667],[6.786208,45.890878],[6.786028,45.891098],[6.785978,45.891324],[6.786036,45.891588],[6.786038,45.891846],[6.785959,45.892106],[6.785378,45.89264],[6.785198,45.89265],[6.784919,45.892527],[6.784784,45.892453],[6.784813,45.892347],[6.784616,45.89222],[6.784551,45.892236],[6.78448,45.892196],[6.784513,45.892116],[6.784447,45.892118],[6.784128,45.89219],[6.783848,45.892183],[6.783674,45.892193],[6.783631,45.892051],[6.783656,45.892],[6.783606,45.891966],[6.783246,45.892062],[6.782749,45.892081],[6.782326,45.892078],[6.781987,45.892151],[6.781681,45.892253],[6.781252,45.892361],[6.780726,45.89246],[6.780336,45.892513],[6.779951,45.89251],[6.779598,45.892485],[6.779193,45.892438],[6.778733,45.89226],[6.778631,45.892165],[6.778095,45.892083],[6.777719,45.89213],[6.777459,45.892235],[6.777703,45.892044],[6.777992,45.891936],[6.778432,45.891888],[6.778744,45.891781],[6.779035,45.891672],[6.779322,45.891545],[6.779593,45.89127],[6.779775,45.891035],[6.780102,45.890902],[6.78049,45.890816],[6.780543,45.890779],[6.780554,45.890732],[6.780327,45.890513],[6.780264,45.890248],[6.780418,45.889994],[6.780391,45.889571],[6.780303,45.889306],[6.780309,45.889053],[6.780109,45.888857],[6.779941,45.888874],[6.779908,45.889158],[6.779844,45.889389],[6.779678,45.889645],[6.779067,45.889782],[6.778639,45.88987],[6.778356,45.889878],[6.778293,45.889817],[6.77856,45.88952],[6.778772,45.889315],[6.778866,45.889149],[6.778737,45.889149],[6.778459,45.888949],[6.778388,45.888945],[6.778155,45.889137],[6.777903,45.889242],[6.777999,45.889138],[6.777942,45.889083],[6.777927,45.888836],[6.777847,45.888689],[6.777858,45.888436],[6.777741,45.888383],[6.777408,45.888506],[6.777344,45.888536],[6.77728,45.888543],[6.777017,45.88833],[6.777098,45.888077],[6.777194,45.887853],[6.777173,45.887741],[6.7771,45.8877],[6.777004,45.887694],[6.776699,45.888007],[6.776395,45.888141],[6.775935,45.888069],[6.775632,45.887879],[6.775281,45.887836],[6.774834,45.887908],[6.774514,45.888032],[6.774178,45.887993],[6.774131,45.887947],[6.774184,45.887681],[6.774185,45.887336],[6.774258,45.887077],[6.774257,45.886852],[6.774335,45.886701],[6.774194,45.886498],[6.774131,45.886474],[6.773843,45.886697],[6.773675,45.886952],[6.773588,45.886989],[6.773366,45.886761],[6.773122,45.886406],[6.772844,45.886257],[6.772579,45.886096],[6.772398,45.88595],[6.772005,45.885997],[6.771625,45.885965],[6.771336,45.885777],[6.77124,45.885729],[6.771131,45.885752],[6.771085,45.886089],[6.770995,45.886409],[6.771016,45.886654],[6.771042,45.886756],[6.771002,45.8868],[6.770585,45.886751],[6.770275,45.886752],[6.770156,45.886856],[6.770084,45.886854],[6.769979,45.886659],[6.769889,45.886629],[6.769628,45.886766],[6.769315,45.88689],[6.769233,45.886887],[6.769088,45.886672],[6.76871,45.886596],[6.768199,45.88659],[6.767856,45.886617],[6.767466,45.886497],[6.76717,45.886478],[6.767075,45.886577],[6.767035,45.886708],[6.76671,45.886665],[6.766323,45.886666],[6.76602,45.886578],[6.76571,45.886393],[6.765442,45.886212],[6.765235,45.88602],[6.765011,45.885842],[6.764668,45.885606],[6.764417,45.885345],[6.764097,45.885166],[6.763948,45.884965],[6.763848,45.884682],[6.763731,45.884424],[6.76365,45.884188],[6.763337,45.884107],[6.763219,45.884052],[6.762868,45.884125],[6.762487,45.88404],[6.762161,45.883996],[6.761769,45.883961],[6.761408,45.883816],[6.761201,45.883643],[6.761048,45.883438],[6.760952,45.883178],[6.760922,45.882923],[6.760873,45.882644],[6.760723,45.882382],[6.760416,45.882096],[6.760199,45.881868],[6.759969,45.881572],[6.75997,45.881451],[6.760039,45.881363],[6.760323,45.881211],[6.760661,45.881112],[6.760773,45.881045],[6.760852,45.880686],[6.761062,45.880296],[6.761115,45.880197],[6.760922,45.879731],[6.760826,45.879457],[6.760778,45.879369],[6.760693,45.879359],[6.760473,45.879564],[6.760376,45.879605],[6.76027,45.879571],[6.7601,45.879181],[6.760076,45.878946],[6.760022,45.878534],[6.760002,45.878166],[6.760051,45.877939],[6.760203,45.877456],[6.760228,45.87722],[6.760682,45.877031],[6.761121,45.876911],[6.761397,45.87686],[6.761352,45.876637],[6.761185,45.876493],[6.760897,45.876386],[6.760491,45.876272],[6.760426,45.876247],[6.760357,45.876126],[6.760402,45.875979],[6.760675,45.875835],[6.761043,45.875793],[6.761352,45.875752],[6.761711,45.875802],[6.761925,45.8758],[6.762128,45.875452],[6.762192,45.875216],[6.76203,45.875109],[6.762018,45.875054],[6.762298,45.874925],[6.762423,45.874843],[6.762459,45.874615],[6.762284,45.87434],[6.761956,45.874184],[6.761501,45.874184],[6.761425,45.874158],[6.761257,45.873933],[6.76111,45.873631],[6.760854,45.873448],[6.760602,45.873245],[6.760297,45.873138],[6.760061,45.87293],[6.760175,45.87262],[6.760374,45.872428],[6.76064,45.872246],[6.760863,45.87203],[6.761213,45.871973],[6.761502,45.87187],[6.761581,45.871633],[6.761805,45.871455],[6.762053,45.871411],[6.762021,45.871032],[6.761905,45.870777],[6.761775,45.870533],[6.7615,45.870362],[6.76131,45.870178],[6.761228,45.870006],[6.761792,45.869813],[6.762182,45.869757],[6.762289,45.86972],[6.76229,45.869654],[6.762231,45.869584],[6.761612,45.869453],[6.761374,45.869346],[6.761081,45.869],[6.760929,45.868693],[6.760801,45.868459],[6.760568,45.868221],[6.7603,45.867953],[6.760211,45.867658],[6.760321,45.867388],[6.760479,45.867167],[6.760499,45.866914],[6.760561,45.866793],[6.760497,45.866696],[6.759973,45.866591],[6.759641,45.866449],[6.759391,45.866299],[6.758754,45.866199],[6.758591,45.866124],[6.758538,45.865872],[6.758345,45.865693],[6.757946,45.865711],[6.757622,45.865786],[6.757197,45.86577],[6.756889,45.8657],[6.756645,45.865502],[6.756485,45.865307],[6.756306,45.865136],[6.756176,45.865137],[6.755748,45.864947],[6.755585,45.864705],[6.755504,45.864479],[6.755493,45.864284],[6.755538,45.864231],[6.75563,45.864117],[6.755919,45.863967],[6.756087,45.863883],[6.756391,45.863749],[6.756716,45.863718],[6.757081,45.863677],[6.757466,45.863666],[6.757818,45.863615],[6.75814,45.863506],[6.758233,45.863469],[6.758102,45.863276],[6.758249,45.863175],[6.758267,45.863099],[6.758101,45.863044],[6.758432,45.862913],[6.758526,45.862864],[6.758554,45.862801],[6.758695,45.862777],[6.758901,45.862575],[6.759082,45.862328],[6.759317,45.862133],[6.759352,45.862017],[6.758815,45.86227],[6.758463,45.862318],[6.75811,45.862238],[6.75769,45.862115],[6.757316,45.862077],[6.756919,45.861967],[6.756374,45.861827],[6.755921,45.861751],[6.755443,45.861665],[6.754968,45.861578],[6.754551,45.861517],[6.754191,45.861549],[6.753879,45.861609],[6.753415,45.861592],[6.753087,45.861534],[6.752862,45.861359],[6.752803,45.861308],[6.752418,45.861403],[6.752099,45.861508],[6.751638,45.861552],[6.75115,45.861558],[6.750711,45.861486],[6.750319,45.861437],[6.749969,45.861404],[6.749637,45.861355],[6.749259,45.861295],[6.749013,45.861075],[6.748925,45.860962],[6.748655,45.860961],[6.748493,45.860829],[6.748377,45.860798],[6.74819,45.860886],[6.747735,45.860923],[6.74731,45.860982],[6.746962,45.86113],[6.746384,45.861281],[6.745988,45.861349],[6.745589,45.861383],[6.745272,45.861492],[6.745003,45.861688],[6.744682,45.861726],[6.744458,45.861703],[6.744268,45.861507],[6.743913,45.861358],[6.743562,45.861173],[6.743175,45.860998],[6.742779,45.860785],[6.742402,45.860497],[6.742136,45.860336],[6.741514,45.860129],[6.741079,45.859981],[6.740769,45.859884],[6.740439,45.859837],[6.739984,45.85978],[6.739548,45.859675],[6.739247,45.859556],[6.738858,45.859417],[6.738372,45.859252],[6.737894,45.859212],[6.737489,45.859224],[6.737231,45.859251],[6.736944,45.859435],[6.736547,45.859503],[6.736197,45.859512],[6.735816,45.859648],[6.735521,45.859816],[6.735402,45.859938],[6.735187,45.859864],[6.735277,45.859607],[6.735412,45.859412],[6.735396,45.859362],[6.735471,45.858885],[6.735538,45.858559],[6.73559,45.858268],[6.73555,45.858041],[6.735559,45.857788],[6.735617,45.857445],[6.735649,45.857189],[6.735746,45.85694],[6.735767,45.85664],[6.73578,45.856225],[6.735777,45.855899],[6.735687,45.855608],[6.735656,45.855312],[6.735592,45.855067],[6.735404,45.854862],[6.735073,45.854726],[6.734754,45.854631],[6.734417,45.85457],[6.734286,45.854534],[6.73415,45.854249],[6.734043,45.853971],[6.733938,45.853727],[6.733648,45.853639],[6.7337,45.853392],[6.733809,45.853145],[6.734092,45.852882],[6.734335,45.852686],[6.734595,45.852494],[6.734928,45.852247],[6.735089,45.851993],[6.735131,45.85172],[6.735097,45.851377],[6.735065,45.851102],[6.735088,45.850842],[6.735169,45.850622],[6.735293,45.850306],[6.735478,45.850013],[6.735659,45.849625],[6.73583,45.849198],[6.735902,45.848905],[6.735935,45.848652],[6.735911,45.848463],[6.73627,45.848197],[6.736651,45.848073],[6.73692,45.847928],[6.737051,45.847685],[6.737187,45.84748],[6.737304,45.847115],[6.737323,45.847011],[6.737585,45.84685],[6.737531,45.846602],[6.738087,45.84639],[6.738465,45.846289],[6.738879,45.84617],[6.739184,45.846057],[6.739233,45.845881],[6.739,45.845803],[6.738956,45.845841],[6.73858,45.845804],[6.738213,45.84576],[6.737819,45.84571],[6.737298,45.845691],[6.73713,45.845678],[6.737062,45.8457],[6.73672,45.845663],[6.736471,45.845577],[6.736212,45.845634],[6.735889,45.845608],[6.735554,45.845602],[6.73543,45.84559],[6.735275,45.845634],[6.735131,45.845611],[6.735049,45.845652],[6.734772,45.845647],[6.734859,45.845787],[6.734814,45.845838],[6.734569,45.845815],[6.734482,45.845988],[6.734375,45.845871],[6.733675,45.845781],[6.733576,45.84551],[6.733494,45.84528],[6.733374,45.845045],[6.733169,45.844728],[6.732934,45.844355],[6.732604,45.844188],[6.732202,45.844204],[6.732006,45.844298],[6.731635,45.844279],[6.731145,45.84419],[6.730729,45.844085],[6.730542,45.844038],[6.73034,45.843833],[6.730252,45.843792],[6.729736,45.843802],[6.729169,45.843675],[6.728927,45.843514],[6.728649,45.843357],[6.728236,45.843313],[6.727887,45.843286],[6.727742,45.843294],[6.72769,45.843594],[6.727593,45.843818],[6.727234,45.844243],[6.726784,45.844075],[6.726602,45.843885],[6.726536,45.843772],[6.72658,45.843541],[6.726578,45.843495],[6.726271,45.843226],[6.72611,45.842936],[6.726009,45.842686],[6.725939,45.842438],[6.725871,45.842209],[6.725778,45.841903],[6.725602,45.841634],[6.725544,45.841376],[6.725555,45.841133],[6.725611,45.840905],[6.72548,45.840629],[6.725306,45.840342],[6.725088,45.840149],[6.725031,45.839851],[6.725033,45.839594],[6.725209,45.839391],[6.725264,45.839154],[6.725158,45.839033],[6.724775,45.838998],[6.724427,45.838944],[6.724263,45.838892],[6.724223,45.838822],[6.724279,45.838779],[6.724694,45.838699],[6.725084,45.838513],[6.725161,45.838266],[6.725166,45.838164],[6.72526,45.838048],[6.725246,45.83799],[6.724881,45.837836],[6.724769,45.837721],[6.724811,45.837452],[6.724906,45.83723],[6.72499,45.836936],[6.72508,45.836549],[6.725169,45.836263],[6.725402,45.835584],[6.725552,45.835113],[6.725488,45.834697],[6.725412,45.834466],[6.725352,45.834381],[6.725564,45.833941],[6.725575,45.833867],[6.725715,45.833781],[6.725844,45.833387],[6.726138,45.833111],[6.72643,45.833014],[6.726695,45.833002],[6.726671,45.832813],[6.726482,45.832606],[6.72633,45.83239],[6.726306,45.832271],[6.726368,45.832153],[6.726351,45.831881],[6.726205,45.831649],[6.726049,45.831386],[6.726095,45.831026],[6.726135,45.830794],[6.726207,45.830459],[6.726357,45.830163],[6.726333,45.829958],[6.726453,45.829776],[6.726174,45.829462],[6.726277,45.829085],[6.726343,45.829015],[6.726305,45.829189],[6.726403,45.829189],[6.726446,45.829084],[6.726388,45.828829],[6.726511,45.828931],[6.726472,45.828592],[6.72599,45.828199],[6.72577,45.827972],[6.725668,45.827732],[6.725608,45.827691],[6.725626,45.827584],[6.725823,45.827631],[6.725698,45.827372],[6.725631,45.827186],[6.725691,45.827101],[6.725677,45.826898],[6.725834,45.826444],[6.725787,45.826082],[6.726082,45.825874],[6.726096,45.82557],[6.726171,45.82506],[6.726098,45.824631],[6.725917,45.824353],[6.725678,45.82402],[6.72566,45.82361],[6.725697,45.823304],[6.725554,45.823009],[6.725394,45.822747],[6.725368,45.822454],[6.725541,45.822002],[6.725681,45.821767],[6.725822,45.821525],[6.72593,45.821208],[6.726178,45.820784],[6.726488,45.820545],[6.726653,45.820291],[6.726903,45.819917],[6.727053,45.819632],[6.727125,45.819306],[6.727176,45.818837],[6.727354,45.818301],[6.727438,45.817958],[6.727539,45.817606],[6.727588,45.817365],[6.7276,45.81714],[6.727469,45.816838],[6.727102,45.816558],[6.726956,45.816341],[6.726714,45.816402],[6.726481,45.816137],[6.726275,45.815849],[6.726161,45.815335],[6.726159,45.815048],[6.726138,45.814824],[6.726194,45.814515],[6.726357,45.81432],[6.72659,45.814163],[6.726793,45.813963],[6.726868,45.813668],[6.726858,45.813422],[6.726868,45.813066],[6.726788,45.81276],[6.726818,45.812334],[6.726841,45.812022],[6.726884,45.81173],[6.726927,45.811454],[6.72711,45.811111],[6.727127,45.810977],[6.727484,45.811015],[6.727499,45.810702],[6.727339,45.81038],[6.727269,45.810061],[6.727119,45.809739],[6.727035,45.809555],[6.727282,45.809108],[6.727478,45.808888],[6.727074,45.808547],[6.72684,45.808302],[6.726595,45.808013],[6.726196,45.80737],[6.726061,45.807138],[6.725955,45.807032],[6.725814,45.806726],[6.725648,45.80648],[6.725517,45.806237],[6.725366,45.805931],[6.725138,45.805606],[6.724986,45.805246],[6.724898,45.804935],[6.724855,45.804627],[6.724852,45.804313],[6.72476,45.803976],[6.724449,45.803558],[6.724401,45.803441],[6.724497,45.803197],[6.724716,45.802904],[6.724601,45.802494],[6.724548,45.802137],[6.724515,45.801857],[6.724465,45.801584],[6.724321,45.80108],[6.724234,45.800824],[6.724151,45.800583],[6.724132,45.800306],[6.724084,45.800063],[6.723951,45.79982],[6.723837,45.799634],[6.723533,45.799534],[6.723218,45.799426],[6.72298,45.799268],[6.722453,45.798736],[6.721978,45.798301],[6.721758,45.798105],[6.721392,45.797751],[6.721128,45.797502],[6.720859,45.797211],[6.720732,45.797004],[6.720548,45.796755],[6.72035,45.796482],[6.72009,45.796212],[6.719895,45.796019],[6.719678,45.79576],[6.719509,45.795533],[6.719329,45.795336],[6.71928,45.795272],[6.719178,45.795246],[6.719001,45.795066],[6.718717,45.794914],[6.71851,45.79474],[6.718431,45.794518],[6.718285,45.794313],[6.718088,45.794216],[6.718314,45.794],[6.718499,45.793779],[6.718362,45.793494],[6.718137,45.793253],[6.717936,45.793068],[6.717545,45.792816],[6.717314,45.792654],[6.717099,45.792426],[6.716848,45.792179],[6.716583,45.791931],[6.716344,45.791768],[6.716109,45.791575],[6.716074,45.791524],[6.715829,45.791348],[6.715504,45.790909],[6.715338,45.79065],[6.714863,45.789997],[6.71464,45.789748],[6.714532,45.78951],[6.714416,45.789274],[6.714245,45.788897],[6.714035,45.788435],[6.713835,45.788131],[6.713602,45.787756],[6.713425,45.787485],[6.713231,45.787102],[6.713163,45.786891],[6.713011,45.786766],[6.712887,45.786474],[6.712875,45.786176],[6.712872,45.785943],[6.712759,45.785731],[6.712714,45.785406],[6.712609,45.785082],[6.712641,45.784772],[6.712734,45.784518],[6.712774,45.784463],[6.71295,45.784368],[6.713066,45.784216],[6.713137,45.783893],[6.713563,45.783555],[6.713962,45.783371],[6.714135,45.783236],[6.714503,45.783085],[6.714826,45.782853],[6.714983,45.78277],[6.715085,45.782642],[6.715081,45.782324],[6.715226,45.781954],[6.715386,45.781744],[6.715478,45.781545],[6.715344,45.781249],[6.715181,45.781],[6.715059,45.780547],[6.714987,45.780169],[6.714884,45.779894],[6.714688,45.779715],[6.714676,45.779611],[6.714913,45.779266],[6.714884,45.778714],[6.714819,45.778464],[6.714532,45.778212],[6.714362,45.778133],[6.71426,45.77788],[6.714532,45.777194],[6.714841,45.776883],[6.71491,45.776739],[6.714882,45.776504],[6.714984,45.776218],[6.715094,45.77597],[6.715127,45.775836],[6.715495,45.775579],[6.71573,45.775305],[6.715827,45.775088],[6.715836,45.774666],[6.715864,45.774377],[6.715942,45.774049],[6.715937,45.773789],[6.715956,45.7735],[6.715806,45.773118],[6.715733,45.772866],[6.715712,45.772528],[6.715765,45.772151],[6.715736,45.771682],[6.715577,45.771467],[6.715503,45.771434],[6.715451,45.771384],[6.715367,45.770863],[6.715184,45.770501],[6.714887,45.770116],[6.714769,45.769606],[6.714702,45.769242],[6.714472,45.768639],[6.714232,45.768246],[6.714046,45.767827],[6.713862,45.767597],[6.713206,45.766855],[6.712998,45.766258],[6.712777,45.765559],[6.712684,45.765335],[6.712551,45.764878],[6.712408,45.764659],[6.712349,45.764326],[6.712204,45.763968],[6.711981,45.763561],[6.711927,45.763336],[6.711776,45.762934],[6.711525,45.762502],[6.711354,45.762121],[6.71134,45.761858],[6.711287,45.761556],[6.711059,45.761204],[6.710955,45.76097],[6.711228,45.76027],[6.711244,45.760185],[6.711099,45.759885],[6.710822,45.759489],[6.710581,45.75923],[6.71044,45.75898],[6.710469,45.758877],[6.710693,45.758698],[6.710792,45.758456],[6.710719,45.758187],[6.710778,45.75805],[6.711091,45.757938],[6.710981,45.757707],[6.710701,45.757433],[6.710584,45.757223],[6.710352,45.75702],[6.71021,45.756962],[6.710194,45.756868],[6.709996,45.756838],[6.709935,45.756752],[6.709858,45.756727],[6.709521,45.756594],[6.709123,45.756451],[6.708823,45.756301],[6.708604,45.756132],[6.708395,45.755959],[6.708193,45.755751],[6.708056,45.755572],[6.708196,45.755381],[6.708087,45.755138],[6.70805,45.75509],[6.707986,45.754938],[6.70788,45.754705],[6.707883,45.754477],[6.707948,45.754403],[6.708033,45.75436],[6.708172,45.754135],[6.708239,45.754099],[6.708296,45.754055],[6.70834,45.753999],[6.708428,45.753943],[6.708561,45.753903],[6.70863,45.753831],[6.708711,45.753793],[6.708723,45.753641],[6.708776,45.753598],[6.708875,45.753593],[6.708913,45.75355],[6.708999,45.753508],[6.709047,45.753368],[6.708997,45.753291],[6.709126,45.753226],[6.709225,45.753237],[6.709299,45.753082],[6.709392,45.753003],[6.709386,45.752953],[6.709469,45.752938],[6.709402,45.752894],[6.709416,45.752833],[6.709372,45.752655],[6.709367,45.752571],[6.709326,45.752527],[6.709288,45.752475],[6.709349,45.752459],[6.709337,45.752402],[6.709385,45.752324],[6.709388,45.752261],[6.709524,45.752166],[6.709547,45.75199],[6.709486,45.751931],[6.709516,45.751861],[6.709543,45.751744],[6.709591,45.751687],[6.7096,45.751625],[6.709769,45.751384],[6.709913,45.751212],[6.710125,45.750998],[6.710286,45.750737],[6.710407,45.750495],[6.710697,45.75036],[6.710944,45.750196],[6.711261,45.750141],[6.711437,45.750092],[6.711741,45.749918],[6.712057,45.749785],[6.712231,45.749583],[6.712612,45.749451],[6.712987,45.749331],[6.71333,45.749162],[6.713566,45.748999],[6.713831,45.748845],[6.714097,45.748651],[6.71426,45.748451],[6.714347,45.748174],[6.714499,45.74797],[6.714562,45.747821],[6.714741,45.747739],[6.714787,45.747681],[6.714868,45.747679],[6.714892,45.747729],[6.714963,45.747737],[6.714997,45.747699],[6.714986,45.747649],[6.715021,45.747603],[6.715091,45.747558],[6.715185,45.747362],[6.715291,45.747226],[6.715407,45.74718],[6.71552,45.747172],[6.715811,45.747059],[6.715897,45.747056],[6.715984,45.747011],[6.716207,45.746922],[6.716507,45.746899],[6.716566,45.746862],[6.716642,45.746849],[6.716769,45.746756],[6.717086,45.746673],[6.7173,45.746554],[6.717449,45.746583],[6.717792,45.746635],[6.718088,45.746657],[6.718171,45.746619],[6.717967,45.74652],[6.717741,45.74632],[6.717561,45.746148],[6.717497,45.746095],[6.717304,45.745948],[6.717144,45.745721],[6.717022,45.745515],[6.717,45.745454],[6.717033,45.745415],[6.717049,45.745362],[6.717018,45.745312],[6.71695,45.745292],[6.716862,45.745271],[6.716752,45.74525],[6.716787,45.745201],[6.716771,45.745152],[6.71672,45.745107],[6.716481,45.744937],[6.716207,45.744807],[6.716008,45.744627],[6.715989,45.744392],[6.715974,45.744182],[6.715726,45.743919],[6.715595,45.743665],[6.715554,45.743185],[6.715467,45.742888],[6.715373,45.742762],[6.715107,45.742613],[6.714781,45.742361],[6.714591,45.742155],[6.7145,45.741948],[6.714041,45.74153],[6.713794,45.741121],[6.713705,45.740902],[6.713607,45.740787],[6.713602,45.740631],[6.71318,45.74048],[6.712964,45.740211],[6.712795,45.740009],[6.712304,45.739612],[6.712249,45.739447],[6.71215,45.739432],[6.712043,45.739516],[6.711968,45.739501],[6.71174,45.7392],[6.711385,45.73902],[6.710911,45.738734],[6.710525,45.738601],[6.710248,45.738466],[6.709948,45.738287],[6.709975,45.738142],[6.709867,45.738096],[6.709779,45.738138],[6.709679,45.738078],[6.709648,45.738011],[6.709499,45.737972],[6.709488,45.737873],[6.709367,45.737883],[6.709355,45.737794],[6.709241,45.737801],[6.709224,45.737723],[6.70879,45.737397],[6.708705,45.737378],[6.708468,45.737596],[6.708277,45.737865],[6.7082,45.737877],[6.707891,45.737719],[6.707815,45.737672],[6.707787,45.737616],[6.707833,45.737577],[6.707858,45.737527],[6.70767,45.737299],[6.707614,45.737199],[6.70772,45.736779],[6.707737,45.736543],[6.70735,45.736008],[6.707016,45.735755],[6.706856,45.735539],[6.706719,45.735224],[6.706606,45.735048],[6.706834,45.73487],[6.70707,45.734674],[6.707213,45.734508],[6.707469,45.734364],[6.707764,45.734305],[6.707837,45.734285],[6.708125,45.734111],[6.708213,45.734077],[6.70844,45.733838],[6.708529,45.733649],[6.708544,45.73357],[6.708585,45.733533],[6.708635,45.733392],[6.708649,45.733321],[6.708644,45.73314],[6.708447,45.732938],[6.708356,45.732607],[6.708249,45.732361],[6.708286,45.732129],[6.708356,45.731656],[6.70832,45.731589],[6.708332,45.731467],[6.708508,45.731279],[6.708497,45.731005],[6.708533,45.730907],[6.708672,45.730837],[6.708758,45.730831],[6.708807,45.730862],[6.708861,45.730783],[6.70897,45.73073],[6.709011,45.730593],[6.709063,45.730547],[6.709021,45.730469],[6.7092,45.730178],[6.709238,45.730108],[6.709296,45.730128],[6.709356,45.730088],[6.709407,45.729877],[6.709713,45.729767],[6.709842,45.729642],[6.710034,45.72956],[6.710258,45.729406],[6.710222,45.728875],[6.71031,45.728671],[6.710247,45.728418],[6.710262,45.728344],[6.710341,45.728254],[6.71039,45.728086],[6.710522,45.728036],[6.71076,45.728012],[6.710832,45.727921],[6.710941,45.727876],[6.711083,45.727557],[6.711222,45.72742],[6.711314,45.727066],[6.711425,45.726956],[6.711491,45.726973],[6.711787,45.726857],[6.712058,45.726701],[6.712236,45.726617],[6.712226,45.726536],[6.712306,45.726481],[6.712255,45.726262],[6.712528,45.726191],[6.712587,45.726158],[6.712671,45.725927],[6.712714,45.725844],[6.713066,45.725751],[6.713294,45.725661],[6.713607,45.725616],[6.713662,45.725569],[6.713723,45.725521],[6.713788,45.725491],[6.713933,45.725539],[6.714269,45.725521],[6.71451,45.725483],[6.714564,45.725411],[6.714625,45.725362],[6.714957,45.725384],[6.715284,45.72545],[6.715597,45.725514],[6.71572,45.725526],[6.716074,45.725454],[6.716115,45.725417],[6.716058,45.72533],[6.716068,45.725268],[6.716393,45.725121],[6.716647,45.725006],[6.71668,45.724761],[6.716825,45.724483],[6.716974,45.724312],[6.717124,45.724095],[6.71717,45.724054],[6.717182,45.724004],[6.717144,45.723777],[6.717072,45.723537],[6.717115,45.723261],[6.71711,45.722951],[6.717189,45.722678],[6.717321,45.722463],[6.717503,45.722249],[6.717562,45.722193],[6.717791,45.722025],[6.718142,45.722074],[6.718329,45.722108],[6.718402,45.722096],[6.718578,45.722192],[6.718821,45.72201],[6.71894,45.721772],[6.719216,45.721576],[6.719564,45.721592],[6.719638,45.721581],[6.719683,45.721536],[6.719821,45.721427],[6.719905,45.721426],[6.719921,45.72135],[6.72015,45.721376],[6.720238,45.721287],[6.720326,45.721266],[6.720395,45.721037],[6.720423,45.720911],[6.720503,45.720886],[6.720588,45.720973],[6.72066,45.720995],[6.720958,45.720899],[6.721057,45.720883],[6.721228,45.720704],[6.721101,45.720505],[6.721169,45.720472],[6.721534,45.720513],[6.721698,45.720318],[6.721941,45.720165],[6.722166,45.719995],[6.722403,45.719801],[6.722537,45.719657],[6.722603,45.719703],[6.722866,45.719765],[6.723185,45.71959],[6.723496,45.719493],[6.723689,45.719255],[6.723878,45.719038],[6.724215,45.718914],[6.724585,45.718798],[6.724802,45.718805],[6.725104,45.718698],[6.725395,45.718723],[6.725433,45.718465],[6.725541,45.71821],[6.725659,45.717996],[6.725628,45.717898],[6.725926,45.717859],[6.72596,45.717817],[6.725715,45.717669],[6.725626,45.717624],[6.725648,45.717567],[6.725914,45.717568],[6.725952,45.717524],[6.725868,45.717466],[6.72609,45.717424],[6.725992,45.717181],[6.725845,45.717107],[6.725766,45.71685],[6.725741,45.7166],[6.725666,45.716334],[6.725719,45.716091],[6.725766,45.71584],[6.725706,45.715629],[6.725437,45.715682],[6.725371,45.715668],[6.725451,45.715436],[6.725557,45.715199],[6.725305,45.715025],[6.725201,45.714988],[6.725427,45.714866],[6.72525,45.714663],[6.725187,45.714614],[6.725119,45.714592],[6.725098,45.714549],[6.72514,45.714513],[6.725095,45.714415],[6.725134,45.714377],[6.725204,45.71436],[6.725111,45.714197],[6.725264,45.714165],[6.725199,45.714028],[6.725291,45.713995],[6.725289,45.713769],[6.725276,45.7136],[6.725082,45.713621],[6.724795,45.713499],[6.7247,45.713517],[6.724789,45.713404],[6.72445,45.713469],[6.724406,45.713434],[6.72455,45.713216],[6.72484,45.713063],[6.724672,45.712845],[6.724525,45.712674],[6.724661,45.712521],[6.72494,45.712578],[6.724876,45.712341],[6.724804,45.712242],[6.725068,45.712161],[6.725138,45.712056],[6.725309,45.711975],[6.725421,45.711995],[6.725403,45.711862],[6.725541,45.71189],[6.725612,45.71187],[6.725629,45.71162],[6.72584,45.711437],[6.725922,45.711379],[6.72595,45.711331],[6.726191,45.711181],[6.726428,45.710994],[6.726655,45.710833],[6.726892,45.710623],[6.72713,45.710461],[6.727314,45.710263],[6.727423,45.710043],[6.72766,45.709855],[6.727781,45.709594],[6.727962,45.709384],[6.728138,45.70918],[6.728261,45.708958],[6.728239,45.708707],[6.728171,45.708452],[6.728313,45.708232],[6.728544,45.708065],[6.728599,45.708015],[6.728758,45.70777],[6.729009,45.707571],[6.728924,45.707351],[6.728585,45.707324],[6.728823,45.707161],[6.729073,45.707017],[6.729437,45.70691],[6.729812,45.706859],[6.730005,45.706804],[6.729786,45.706637],[6.72951,45.706468],[6.72943,45.706445],[6.729603,45.706247],[6.729706,45.70602],[6.729777,45.705797],[6.729812,45.705728],[6.729664,45.705679],[6.729718,45.705588],[6.729702,45.705535],[6.729281,45.705484],[6.729203,45.705461],[6.729356,45.705387],[6.729151,45.705311],[6.729169,45.705232],[6.729579,45.705132],[6.729852,45.705009],[6.729997,45.7048],[6.730059,45.704576],[6.730232,45.70438],[6.730258,45.704065],[6.730294,45.703835],[6.730228,45.703577],[6.730185,45.703349],[6.730056,45.703113],[6.730058,45.702842],[6.730041,45.702616],[6.729936,45.702377],[6.729847,45.702155],[6.729777,45.701912],[6.729704,45.701693],[6.729659,45.701656],[6.729505,45.701596],[6.729466,45.701305],[6.729169,45.701016],[6.728877,45.700827],[6.728547,45.700569],[6.72828,45.700383],[6.728008,45.700213],[6.727618,45.700192],[6.72745,45.700257],[6.72736,45.700217],[6.727305,45.699983],[6.727183,45.699756],[6.727134,45.699338],[6.727048,45.699217],[6.727043,45.699014],[6.72713,45.69899],[6.727532,45.699263],[6.727746,45.699364],[6.727796,45.699335],[6.727728,45.699115],[6.727797,45.698869],[6.727672,45.698662],[6.727391,45.698456],[6.727109,45.698284],[6.72711,45.698232],[6.727513,45.69829],[6.727925,45.698429],[6.728316,45.698535],[6.728673,45.698637],[6.728983,45.698766],[6.729285,45.698895],[6.729357,45.698876],[6.729066,45.698634],[6.728867,45.698421],[6.728497,45.69817],[6.728323,45.697916],[6.728124,45.697638],[6.72808,45.697559],[6.728095,45.69751],[6.728254,45.697241],[6.728289,45.697171],[6.72857,45.697355],[6.728809,45.6975],[6.72914,45.697448],[6.729471,45.697316],[6.729739,45.69725],[6.729996,45.697317],[6.730207,45.697347],[6.730344,45.697349],[6.73045,45.697365],[6.730684,45.697435],[6.730828,45.697436],[6.731003,45.697447],[6.730994,45.697379],[6.73103,45.697084],[6.731,45.696984],[6.731052,45.696926],[6.731135,45.696947],[6.731201,45.696996],[6.731333,45.697265],[6.731432,45.697291],[6.731657,45.697188],[6.731711,45.69697],[6.73174,45.696926],[6.731825,45.69697],[6.732011,45.69723],[6.732114,45.697257],[6.732169,45.697211],[6.732132,45.696894],[6.732158,45.69681],[6.732205,45.696775],[6.732301,45.696778],[6.732575,45.697001],[6.732677,45.697093],[6.732754,45.697113],[6.732819,45.697083],[6.732765,45.696771],[6.732779,45.696712],[6.73285,45.696677],[6.733134,45.696863],[6.733279,45.697009],[6.733353,45.697016],[6.733396,45.69697],[6.733394,45.69682],[6.733142,45.696492],[6.733461,45.696487],[6.73364,45.696617],[6.733899,45.696976],[6.734217,45.697159],[6.734589,45.697287],[6.734983,45.697347],[6.735495,45.697633],[6.735921,45.697852],[6.736194,45.698013],[6.736456,45.69819],[6.736694,45.698355],[6.736903,45.698565],[6.737156,45.698693],[6.737355,45.698949],[6.737545,45.69921],[6.737755,45.699405],[6.738036,45.699568],[6.738331,45.699754],[6.738681,45.699809],[6.738758,45.699798],[6.73908,45.699992],[6.739334,45.700145],[6.739539,45.700351],[6.739589,45.700431],[6.739802,45.700623],[6.73997,45.700888],[6.740416,45.70117],[6.740745,45.70124],[6.741371,45.701309],[6.74181,45.701416],[6.742109,45.701513],[6.742405,45.70162],[6.742733,45.701739],[6.743055,45.701827],[6.743487,45.701931],[6.743764,45.702098],[6.744022,45.702264],[6.744227,45.702454],[6.744415,45.702752],[6.744629,45.702971],[6.744897,45.703252],[6.74521,45.703432],[6.745408,45.703634],[6.74587,45.703794],[6.746131,45.703964],[6.746452,45.704156],[6.746773,45.704305],[6.747034,45.704442],[6.747406,45.70471],[6.747638,45.704905],[6.747846,45.705151],[6.748181,45.705317],[6.748362,45.705563],[6.748626,45.705984],[6.748763,45.706211],[6.749834,45.706936],[6.750128,45.707064],[6.750211,45.707072],[6.750464,45.707236],[6.750728,45.707453],[6.750977,45.707701],[6.751174,45.707936],[6.751317,45.708155],[6.751488,45.708471],[6.751621,45.708736],[6.751805,45.709039],[6.752012,45.709263],[6.75225,45.709559],[6.752524,45.709956],[6.752617,45.710299],[6.752732,45.710599],[6.752837,45.71077],[6.752803,45.711065],[6.752882,45.71136],[6.752972,45.711578],[6.753255,45.71185],[6.753517,45.712072],[6.753745,45.712371],[6.754011,45.712568],[6.754299,45.71276],[6.754621,45.713007],[6.754916,45.713263],[6.755109,45.713599],[6.755174,45.713835],[6.755223,45.714098],[6.755507,45.714511],[6.755909,45.714915],[6.756191,45.715242],[6.756368,45.715477],[6.756585,45.715731],[6.756875,45.716057],[6.75706,45.716252],[6.757303,45.716599],[6.75749,45.716814],[6.758058,45.717454],[6.758435,45.717865],[6.758721,45.718128],[6.758954,45.718306],[6.759354,45.718721],[6.759705,45.719051],[6.759991,45.71928],[6.760465,45.71966],[6.76097,45.720115],[6.761382,45.720596],[6.761727,45.721071],[6.762028,45.72144],[6.762484,45.72176],[6.762693,45.721962],[6.763127,45.722234],[6.763422,45.722452],[6.763668,45.722862],[6.763914,45.723179],[6.764092,45.723393],[6.764574,45.723728],[6.764843,45.723919],[6.765123,45.724129],[6.765181,45.724187],[6.765218,45.724433],[6.765169,45.724521],[6.764852,45.724778],[6.764692,45.724869],[6.764649,45.724919],[6.764742,45.725226],[6.765232,45.725172],[6.76538,45.725152],[6.765461,45.725165],[6.765754,45.725373],[6.765982,45.72558],[6.766471,45.72594],[6.767004,45.72648],[6.767204,45.726717],[6.767437,45.727096],[6.767504,45.727354],[6.767501,45.727402],[6.767454,45.727445],[6.767519,45.727443],[6.76807,45.727393],[6.768474,45.727279],[6.768821,45.727242],[6.769054,45.72727],[6.76903,45.727315],[6.769316,45.72771],[6.769581,45.727908],[6.769634,45.72798],[6.769604,45.72822],[6.769762,45.728429],[6.769838,45.728701],[6.770163,45.728966],[6.770561,45.72921],[6.770822,45.729496],[6.771097,45.729703],[6.771332,45.729892],[6.771687,45.730036],[6.772017,45.73004],[6.772348,45.730032],[6.772689,45.730179],[6.772996,45.730353],[6.773275,45.730548],[6.773524,45.730827],[6.773813,45.730989],[6.774282,45.731284],[6.774605,45.731472],[6.774809,45.731801],[6.774992,45.732112],[6.775561,45.732509],[6.775941,45.732657],[6.776015,45.732663],[6.776352,45.732929],[6.776657,45.73313],[6.776921,45.733345],[6.777164,45.733537],[6.777236,45.733771],[6.777359,45.734012],[6.777456,45.734268],[6.777643,45.734485],[6.777791,45.73472],[6.777997,45.734958],[6.778028,45.735011],[6.778355,45.735047],[6.778517,45.735079],[6.778458,45.735138],[6.778491,45.735253],[6.778263,45.735449],[6.778194,45.735567],[6.778184,45.735625],[6.778205,45.735803],[6.778371,45.736019],[6.778523,45.736232],[6.778664,45.736469],[6.778955,45.736816],[6.779137,45.737005],[6.779165,45.737068],[6.779031,45.737305],[6.779098,45.73743],[6.779277,45.737482],[6.779517,45.737281],[6.779769,45.737099],[6.779753,45.736855],[6.779518,45.736674],[6.779386,45.736459],[6.779119,45.736322],[6.779053,45.736178],[6.779075,45.736118],[6.779362,45.736172],[6.779402,45.736125],[6.7793,45.735878],[6.779225,45.735648],[6.77917,45.735478],[6.779233,45.735465],[6.779305,45.735534],[6.779666,45.735648],[6.779944,45.735788],[6.78013,45.735981],[6.780477,45.736032],[6.780706,45.736211],[6.780961,45.736353],[6.781222,45.736507],[6.781358,45.736615],[6.781431,45.736394],[6.781353,45.736134],[6.781329,45.735869],[6.781277,45.735605],[6.781208,45.735374],[6.781165,45.735126],[6.781208,45.735015],[6.781271,45.734985],[6.781465,45.735206],[6.78171,45.735487],[6.782,45.735767],[6.782186,45.73588],[6.782034,45.735571],[6.782045,45.735283],[6.782067,45.735002],[6.781981,45.734785],[6.781965,45.734724],[6.782123,45.734807],[6.782125,45.734676],[6.782313,45.734816],[6.782333,45.73473],[6.782526,45.73491],[6.782582,45.735132],[6.782777,45.734888],[6.782812,45.734834],[6.782806,45.734754],[6.782922,45.734858],[6.782875,45.734946],[6.782971,45.735184],[6.783222,45.735408],[6.783504,45.735602],[6.783846,45.735699],[6.784175,45.73576],[6.784406,45.735926],[6.78444,45.736009],[6.784388,45.736151],[6.784408,45.736201],[6.784505,45.73623],[6.784603,45.7363],[6.784711,45.736487],[6.784719,45.736544],[6.784662,45.736587],[6.78466,45.736649],[6.784703,45.736737],[6.784866,45.736875],[6.784959,45.737103],[6.785032,45.737272],[6.785223,45.737476],[6.785397,45.737523],[6.785641,45.737714],[6.7858,45.737941],[6.785903,45.738192],[6.786027,45.738442],[6.786074,45.738502],[6.786218,45.738469],[6.786384,45.738708],[6.786628,45.738898],[6.786816,45.739036],[6.787172,45.739025],[6.787504,45.739134],[6.787762,45.739259],[6.787885,45.739289],[6.78811,45.739391],[6.788442,45.739376],[6.78848,45.73943],[6.78883,45.739555],[6.789194,45.739637],[6.789289,45.739652],[6.789429,45.739736],[6.789443,45.739801],[6.789309,45.739889],[6.789173,45.740146],[6.78921,45.740223],[6.78914,45.740358],[6.789199,45.740459],[6.789169,45.740518],[6.789078,45.740558],[6.789087,45.740648],[6.789188,45.740709],[6.789246,45.740793],[6.789293,45.741015],[6.789372,45.741115],[6.789514,45.741211],[6.789651,45.741268],[6.789728,45.741312],[6.789962,45.741449],[6.79005,45.741458],[6.790304,45.74145],[6.790623,45.741535],[6.790979,45.741659],[6.791372,45.741867],[6.791419,45.741933],[6.791848,45.74199],[6.792039,45.741981],[6.792102,45.741942],[6.792283,45.742077],[6.792478,45.74229],[6.792588,45.742389],[6.792589,45.742454],[6.792829,45.742621],[6.792879,45.742664],[6.792992,45.742808],[6.792985,45.742892],[6.792924,45.742928],[6.792942,45.742979],[6.793123,45.743015],[6.793289,45.743221],[6.793323,45.743263],[6.793323,45.743334],[6.793264,45.743366],[6.793252,45.743433],[6.793232,45.743493],[6.792997,45.743511],[6.792967,45.743697],[6.792695,45.743838],[6.792622,45.743874],[6.792409,45.743925],[6.792174,45.744],[6.791994,45.744191],[6.791809,45.744395],[6.791686,45.744651],[6.791532,45.744896],[6.79152,45.745018],[6.791322,45.745197],[6.791389,45.74542],[6.791454,45.745683],[6.791482,45.745735],[6.791709,45.745931],[6.791889,45.746023],[6.792034,45.746036],[6.792114,45.746005],[6.792188,45.746032],[6.792517,45.746081],[6.792855,45.746175],[6.79316,45.746263],[6.793571,45.746346],[6.793836,45.746495],[6.794152,45.746616],[6.794429,45.746701],[6.79453,45.746708],[6.794878,45.746799],[6.795186,45.74692],[6.795498,45.747096],[6.795577,45.747154],[6.795882,45.747297],[6.796226,45.747378],[6.796567,45.747496],[6.796899,45.747633],[6.797231,45.747801],[6.797505,45.747956],[6.797654,45.748174],[6.797939,45.74831],[6.798288,45.748465],[6.798332,45.748504],[6.798725,45.748574],[6.799095,45.748663],[6.799443,45.748739],[6.799794,45.74888],[6.800208,45.74904],[6.800597,45.749162],[6.800903,45.749276],[6.801309,45.749424],[6.801698,45.749439],[6.801873,45.749474],[6.802169,45.749602],[6.802712,45.749766],[6.803056,45.749891],[6.803405,45.75006],[6.803719,45.750204],[6.804025,45.750358],[6.804332,45.7505],[6.804679,45.750704],[6.80501,45.750768],[6.805322,45.750902],[6.8056,45.751063],[6.805847,45.751223],[6.806158,45.751335],[6.806597,45.751427],[6.80702,45.751384],[6.807199,45.751303],[6.807302,45.751306],[6.807417,45.751265],[6.8077,45.751194],[6.807701,45.751054],[6.807822,45.750942],[6.807945,45.750912],[6.808097,45.750933],[6.808276,45.751005],[6.808537,45.751139],[6.808652,45.751182],[6.809012,45.751178],[6.809335,45.751276],[6.809534,45.751294],[6.809642,45.751335],[6.809792,45.751338],[6.810181,45.75151],[6.810671,45.751542],[6.811007,45.751599],[6.811349,45.751683],[6.811771,45.751708],[6.811861,45.751671],[6.812016,45.75153],[6.812409,45.751527],[6.812901,45.751608],[6.8131,45.75164],[6.813329,45.751737],[6.813494,45.751742],[6.813659,45.751831],[6.813915,45.751894],[6.814356,45.752073],[6.814634,45.752251],[6.814953,45.752414],[6.815272,45.752485],[6.815381,45.752519],[6.815451,45.752622],[6.815513,45.752652],[6.815677,45.752604],[6.815745,45.75256],[6.815759,45.752508],[6.81601,45.752531],[6.816078,45.75252],[6.816304,45.752622],[6.816739,45.752561],[6.817136,45.752586],[6.817315,45.75256],[6.817436,45.752608],[6.817525,45.752578],[6.817588,45.752559],[6.817884,45.752645],[6.8181,45.752679],[6.818125,45.752723],[6.8181,45.752805],[6.81823,45.753018],[6.818274,45.753164],[6.818225,45.753249],[6.818129,45.75332],[6.818312,45.753512],[6.818646,45.753782],[6.818942,45.753906],[6.818951,45.753954],[6.818891,45.754095],[6.819124,45.754192],[6.819186,45.754154],[6.819273,45.754155],[6.819511,45.754277],[6.819616,45.754293],[6.819727,45.754345],[6.820099,45.754335],[6.820477,45.754353],[6.820765,45.754318],[6.821085,45.75437],[6.821405,45.754332],[6.821513,45.754421],[6.821582,45.754439],[6.821945,45.754468],[6.822211,45.754608],[6.822428,45.754692],[6.822533,45.754804],[6.823001,45.755022],[6.823344,45.755206],[6.823746,45.755375],[6.824049,45.755464],[6.824523,45.755647],[6.824865,45.755778],[6.824948,45.755823],[6.825221,45.756043],[6.825504,45.756206],[6.825877,45.756367],[6.826148,45.75656],[6.826414,45.756723],[6.826624,45.756881],[6.826763,45.757139],[6.826998,45.75732],[6.827353,45.757527],[6.827682,45.75768],[6.82805,45.757844],[6.828318,45.757978],[6.828577,45.758183],[6.828937,45.758389],[6.829332,45.758541],[6.829693,45.758671],[6.829994,45.758774],[6.830354,45.758989],[6.830614,45.759169],[6.831059,45.759393],[6.831383,45.75955],[6.83175,45.759694],[6.832038,45.759857],[6.832384,45.760071],[6.83269,45.760261],[6.832925,45.760423],[6.833227,45.760618],[6.83354,45.760776],[6.833735,45.76096],[6.834028,45.761255],[6.834266,45.761431],[6.834443,45.761688],[6.834714,45.761979],[6.835022,45.762209],[6.835398,45.762418],[6.835764,45.762686],[6.83593,45.762896],[6.836179,45.763067],[6.836408,45.763264],[6.836566,45.763528],[6.836685,45.763776],[6.836963,45.764075],[6.837223,45.76426],[6.837404,45.764392],[6.837655,45.764539],[6.837963,45.764778],[6.838173,45.765184],[6.838425,45.765418],[6.838571,45.765715],[6.838672,45.766004],[6.838741,45.766071],[6.838747,45.766121],[6.8387,45.766225],[6.838787,45.766393],[6.839206,45.766223],[6.839683,45.766188],[6.840042,45.766141],[6.840356,45.76608],[6.840715,45.766055],[6.841129,45.765919],[6.841189,45.76594],[6.840709,45.766239],[6.840423,45.766494],[6.840132,45.766822],[6.83998,45.767003],[6.840078,45.76732],[6.84019,45.76758],[6.840212,45.767821],[6.840129,45.768047],[6.840113,45.768124],[6.840156,45.76816],[6.840467,45.767885],[6.84073,45.767554],[6.840808,45.767487],[6.84088,45.767482],[6.840783,45.767748],[6.840804,45.767801],[6.841182,45.767552],[6.841289,45.76742],[6.841348,45.767387],[6.84143,45.767377],[6.841803,45.76744],[6.842356,45.767569],[6.842887,45.767634],[6.843396,45.767559],[6.843739,45.767597],[6.84411,45.767657],[6.844678,45.767634],[6.84504,45.767657],[6.845364,45.767673],[6.845595,45.767611],[6.845626,45.767517],[6.845418,45.767291],[6.845425,45.767235],[6.845479,45.767193],[6.845557,45.767182],[6.845629,45.767206],[6.845866,45.767494],[6.845952,45.767653],[6.846108,45.767715],[6.846269,45.767727],[6.847114,45.768372],[6.847537,45.768401],[6.847974,45.768371],[6.84877,45.768533],[6.85222,45.769497],[6.853739,45.769917],[6.855073,45.770273],[6.855546,45.77041],[6.856078,45.770562],[6.856573,45.770701],[6.857574,45.770983],[6.85818,45.771205],[6.858532,45.771331],[6.858825,45.77144],[6.859331,45.771644],[6.859808,45.771846],[6.860288,45.772047],[6.860697,45.772274],[6.861025,45.772424],[6.861368,45.772496],[6.861728,45.77252],[6.862071,45.772507],[6.862838,45.772483],[6.8635,45.772679],[6.86383,45.772764],[6.864153,45.772852],[6.864423,45.773007],[6.864534,45.773085],[6.864675,45.773382],[6.864838,45.773599],[6.86519,45.773795],[6.865557,45.773868],[6.865998,45.773858],[6.866341,45.77385],[6.866743,45.77402],[6.867108,45.774168],[6.867395,45.774349],[6.86751,45.774447],[6.867913,45.774615],[6.868262,45.774796],[6.868726,45.775002],[6.869355,45.775193],[6.869741,45.775321],[6.869927,45.775398],[6.870333,45.775396],[6.870799,45.775474],[6.871373,45.775579],[6.871721,45.775605],[6.871816,45.775566],[6.871938,45.775287],[6.871983,45.775244],[6.872178,45.775128],[6.872528,45.774994],[6.873103,45.774898],[6.87346,45.774883],[6.873904,45.774785],[6.874237,45.774706],[6.874445,45.774648],[6.874826,45.774532],[6.875263,45.774543],[6.8756,45.774634],[6.875886,45.774862],[6.876322,45.774937],[6.876687,45.775071],[6.876796,45.775094],[6.876907,45.775006],[6.876976,45.774996],[6.876964,45.774933],[6.876999,45.774877],[6.876778,45.774681],[6.876597,45.774375],[6.876583,45.774317],[6.876737,45.774335],[6.877155,45.774279],[6.877312,45.774243],[6.877285,45.774185],[6.877395,45.774111],[6.877288,45.773972],[6.877289,45.773918],[6.877434,45.773796],[6.87768,45.773804],[6.877927,45.773616],[6.878234,45.773352],[6.878532,45.773223],[6.878696,45.773223],[6.879032,45.773109],[6.879223,45.773062],[6.879414,45.77287],[6.879477,45.772851],[6.8796,45.772896],[6.879601,45.772954],[6.879675,45.772984],[6.87977,45.772939],[6.879806,45.772849],[6.879902,45.772716],[6.880162,45.772542],[6.88026,45.772416],[6.880436,45.772371],[6.880637,45.772226],[6.880667,45.772182],[6.88067,45.772121],[6.880905,45.772077],[6.880851,45.771969],[6.880784,45.771925],[6.880916,45.771835],[6.881078,45.771615],[6.881218,45.771617],[6.881339,45.771571],[6.881392,45.771487],[6.881516,45.771417],[6.881679,45.771368],[6.88185,45.771146],[6.881882,45.771106],[6.881958,45.77103],[6.882114,45.770797],[6.882196,45.770512],[6.882377,45.770271],[6.882586,45.770037],[6.882929,45.769828],[6.883112,45.769604],[6.883188,45.769343],[6.883165,45.769168],[6.883237,45.769191],[6.883356,45.768947],[6.883423,45.768889],[6.883456,45.768808],[6.883578,45.768811],[6.883641,45.768853],[6.883745,45.768877],[6.884084,45.768696],[6.884424,45.768552],[6.884846,45.768421],[6.884947,45.768374],[6.885008,45.768389],[6.88524,45.768364],[6.885541,45.76825],[6.885662,45.768112],[6.885943,45.767973],[6.886433,45.767777],[6.886644,45.767683],[6.886769,45.767649],[6.886752,45.767737],[6.88671,45.767834],[6.886705,45.768068],[6.886816,45.76824],[6.886837,45.768312],[6.886908,45.76837],[6.88684,45.768533],[6.886713,45.768761],[6.886655,45.76898],[6.88669,45.769089],[6.886639,45.769258],[6.88673,45.769334],[6.887177,45.76949],[6.887325,45.769569],[6.887627,45.769665],[6.887911,45.769823],[6.888089,45.769965],[6.8881,45.770013],[6.888175,45.770065],[6.888375,45.770306],[6.888635,45.770496],[6.888915,45.770662],[6.889147,45.770792],[6.88918,45.770843],[6.889233,45.771084],[6.889247,45.771256],[6.889301,45.771397],[6.889401,45.771622],[6.889459,45.771713],[6.889548,45.771951],[6.8898,45.772142],[6.889977,45.772225],[6.890209,45.772224],[6.890371,45.77218],[6.890694,45.771953],[6.890769,45.77197],[6.890787,45.772055],[6.890746,45.772113],[6.890764,45.772383],[6.890911,45.772467],[6.891025,45.772392],[6.891016,45.772344],[6.891121,45.772158],[6.891386,45.772008],[6.89144,45.771972],[6.891625,45.771777],[6.891874,45.77157],[6.892043,45.771303],[6.892337,45.771096],[6.892427,45.771035],[6.892557,45.771005],[6.892633,45.770929],[6.892719,45.770919],[6.893,45.770787],[6.893373,45.770674],[6.893706,45.770634],[6.893805,45.770611],[6.893878,45.77055],[6.894318,45.770451],[6.894432,45.770426],[6.894862,45.770423],[6.895243,45.770358],[6.895558,45.770295],[6.895714,45.77029],[6.895839,45.770251],[6.896162,45.770241],[6.896661,45.770338],[6.896749,45.770375],[6.896857,45.770479],[6.897255,45.77064],[6.897966,45.770904],[6.89844,45.771037],[6.898809,45.771098],[6.899245,45.771148],[6.899465,45.771229],[6.899517,45.771274],[6.899682,45.771287],[6.899921,45.771464],[6.900244,45.771595],[6.900439,45.771695],[6.900623,45.772087],[6.900664,45.772126],[6.900765,45.772147],[6.900887,45.772234],[6.90106,45.77228],[6.901266,45.772405],[6.901289,45.772496],[6.901459,45.772575],[6.901527,45.772637],[6.901831,45.772734],[6.902179,45.772761],[6.902789,45.773236],[6.903187,45.773585],[6.903183,45.773779],[6.903113,45.773867],[6.903119,45.774039],[6.90354,45.774612],[6.903683,45.77483],[6.903873,45.774968],[6.904202,45.775012],[6.90473,45.775131],[6.904789,45.77516],[6.905162,45.775222],[6.90517,45.775511],[6.90524,45.77576],[6.905253,45.775894],[6.90533,45.776008],[6.905337,45.776107],[6.905608,45.776381],[6.905914,45.776714],[6.906171,45.777287],[6.906068,45.777363],[6.906143,45.777766],[6.90658,45.77832],[6.90667,45.778442],[6.90692,45.778589],[6.907178,45.778792],[6.907417,45.778964],[6.907767,45.779129],[6.90806,45.779248],[6.908441,45.77945],[6.909082,45.779847],[6.909401,45.779948],[6.909694,45.779963],[6.910048,45.780038],[6.91042,45.780029],[6.910518,45.780009],[6.910612,45.779957],[6.910941,45.779927],[6.911143,45.780152],[6.911471,45.780293],[6.911668,45.780383],[6.911713,45.780647],[6.911735,45.780691],[6.911821,45.780967],[6.912202,45.780954],[6.912529,45.780897],[6.91263,45.780873],[6.912992,45.780931],[6.913327,45.781048],[6.91367,45.781181],[6.914073,45.781337],[6.91433,45.781501],[6.91444,45.781544],[6.914682,45.781734],[6.914965,45.782006],[6.915133,45.78223],[6.915187,45.78236],[6.915261,45.782399],[6.915416,45.782674],[6.915655,45.782846],[6.915926,45.783028],[6.916218,45.783198],[6.916367,45.783218],[6.916751,45.783487],[6.917035,45.783597],[6.917354,45.783698],[6.917662,45.783789],[6.917963,45.783917],[6.918188,45.783988],[6.918517,45.784027],[6.918778,45.784174],[6.919018,45.784404],[6.919352,45.784573],[6.919433,45.784619],[6.919638,45.784823],[6.920087,45.78502],[6.920742,45.785442],[6.920803,45.785495],[6.921019,45.785773],[6.921381,45.78591],[6.921735,45.786058],[6.922077,45.786121],[6.922598,45.786292],[6.922884,45.786416],[6.923476,45.786707],[6.92338,45.786737],[6.923981,45.786991],[6.92427,45.787181],[6.924361,45.787203],[6.924477,45.787319],[6.925037,45.787495],[6.925143,45.787591],[6.925262,45.787639],[6.925499,45.787866],[6.925905,45.788052],[6.926165,45.788244],[6.926498,45.788491],[6.926811,45.788719],[6.927205,45.788835],[6.927615,45.789072],[6.927919,45.78923],[6.928284,45.789491],[6.928905,45.789773],[6.929376,45.789918],[6.929722,45.789994],[6.930013,45.790078],[6.930333,45.790157],[6.930669,45.790322],[6.930766,45.790353],[6.930891,45.79055],[6.931188,45.790739],[6.931271,45.790836],[6.931589,45.790945],[6.931972,45.791012],[6.932369,45.791036],[6.932717,45.79108],[6.933062,45.791177],[6.933555,45.791241],[6.934095,45.791311],[6.934495,45.791368],[6.934991,45.791462],[6.935274,45.791577],[6.93542,45.791821],[6.935641,45.79202],[6.9359,45.792199],[6.935997,45.792462],[6.936184,45.792684],[6.936395,45.792949],[6.93662,45.793185],[6.936821,45.793369],[6.937111,45.793546],[6.937569,45.79374],[6.937875,45.793831],[6.938208,45.793777],[6.938433,45.793662],[6.938456,45.793426],[6.938728,45.793194],[6.938801,45.792956],[6.938808,45.792884],[6.938867,45.792838],[6.93853,45.792812],[6.938394,45.792831],[6.938212,45.792794],[6.937971,45.792754],[6.937981,45.792696],[6.938246,45.792506],[6.938372,45.792432],[6.938413,45.792367],[6.938732,45.792308],[6.939121,45.792333],[6.939355,45.79236],[6.939382,45.792287],[6.939442,45.792266],[6.939777,45.792203],[6.939882,45.792133],[6.940271,45.792009],[6.940496,45.791957],[6.940531,45.791915],[6.940294,45.791701],[6.940208,45.791396],[6.940213,45.791151],[6.939791,45.790876],[6.939479,45.79069],[6.939397,45.790493],[6.939742,45.790501],[6.94004,45.79059],[6.940375,45.790549],[6.940774,45.790491],[6.941105,45.790476],[6.941425,45.790618],[6.94172,45.790727],[6.942091,45.79082],[6.9424,45.790902],[6.942761,45.791067],[6.94302,45.791267],[6.943282,45.791468],[6.943595,45.791523],[6.94402,45.791444],[6.944416,45.791386],[6.944784,45.791356],[6.945324,45.791369],[6.945535,45.79134],[6.945609,45.791227],[6.945348,45.791128],[6.945259,45.791015],[6.945245,45.790947],[6.94528,45.790866],[6.945684,45.790866],[6.945812,45.790847],[6.945888,45.790798],[6.945941,45.790678],[6.945593,45.79039],[6.945091,45.790133],[6.94498,45.789862],[6.945097,45.789491],[6.945222,45.789332],[6.945568,45.789186],[6.94572,45.789175],[6.945767,45.789241],[6.945707,45.789314],[6.945515,45.789419],[6.945546,45.789775],[6.945654,45.789889],[6.946157,45.790025],[6.947065,45.790227],[6.94751,45.790211],[6.94847,45.790267],[6.948645,45.790298],[6.948829,45.790515],[6.949107,45.79071],[6.949488,45.790822],[6.949996,45.790945],[6.950075,45.790906],[6.950071,45.79083],[6.949718,45.790572],[6.949543,45.790418],[6.949592,45.790346],[6.949673,45.790321],[6.950146,45.790326],[6.950431,45.7903],[6.950512,45.790236],[6.95055,45.790159],[6.950764,45.790224],[6.951008,45.790482],[6.951098,45.790567],[6.951416,45.790688],[6.951976,45.79067],[6.952298,45.790625],[6.95266,45.790574],[6.953124,45.79054],[6.953855,45.790615],[6.954163,45.790601],[6.954538,45.790464],[6.954774,45.790388],[6.954928,45.790439],[6.95509,45.790649],[6.955226,45.790751],[6.955314,45.791002],[6.955427,45.7913],[6.955541,45.791562],[6.955742,45.791563],[6.955877,45.791447],[6.955979,45.791446],[6.956172,45.791608],[6.95625,45.791597],[6.956396,45.791248],[6.956513,45.791036],[6.956546,45.790851],[6.956604,45.790785],[6.956888,45.790759],[6.956925,45.790798],[6.957115,45.791023],[6.957187,45.791128],[6.957268,45.791125],[6.957375,45.790929],[6.957475,45.790921],[6.957609,45.791158],[6.957684,45.791157],[6.957939,45.790928],[6.958163,45.790704],[6.958464,45.790502],[6.958629,45.790208],[6.958903,45.789992],[6.95901,45.789683],[6.959011,45.789457],[6.958939,45.78922],[6.958938,45.788928],[6.958901,45.78876],[6.959271,45.788732],[6.9596,45.788669],[6.959937,45.788699],[6.960293,45.788683],[6.960644,45.788616],[6.960971,45.788722],[6.961325,45.788814],[6.961666,45.788866],[6.962062,45.788961],[6.962421,45.7891],[6.96276,45.789252],[6.962961,45.789384],[6.96331,45.789538],[6.963608,45.789631],[6.963984,45.789791],[6.96425,45.789921],[6.964381,45.790135],[6.964396,45.790366],[6.964395,45.790772],[6.964848,45.790823],[6.96485,45.790707],[6.965083,45.79075],[6.965114,45.790708],[6.965249,45.790729],[6.965349,45.790699],[6.965522,45.79049],[6.965728,45.790383],[6.965819,45.790676],[6.965809,45.790982],[6.965771,45.791235],[6.965556,45.791512],[6.965261,45.791877],[6.965275,45.792106],[6.965365,45.792157],[6.966088,45.792297],[6.966516,45.792374],[6.96696,45.792657],[6.967519,45.792798],[6.967848,45.792788],[6.968464,45.792306],[6.968813,45.792054],[6.969146,45.791548],[6.969342,45.7914],[6.969379,45.791445],[6.969664,45.791374],[6.969755,45.791294],[6.969806,45.791265],[6.96994,45.791032],[6.970244,45.790931],[6.970391,45.790935],[6.970567,45.790907],[6.97081,45.790746],[6.970944,45.790849],[6.971375,45.790827],[6.971692,45.790771],[6.97186,45.790856],[6.971877,45.790946],[6.971735,45.791347],[6.971569,45.791855],[6.971567,45.792084],[6.971597,45.79232],[6.971726,45.79266],[6.972077,45.792452],[6.972309,45.792249],[6.972386,45.791973],[6.972485,45.791732],[6.972519,45.791649],[6.972625,45.791688],[6.972685,45.791737],[6.972714,45.791801],[6.972666,45.79223],[6.972742,45.792477],[6.973107,45.792928],[6.973356,45.793267],[6.973582,45.793575],[6.973753,45.793796],[6.973952,45.794114],[6.974063,45.794347],[6.974141,45.794619],[6.97442,45.795084],[6.974632,45.795318],[6.974786,45.79564],[6.974958,45.796009],[6.975135,45.796228],[6.975319,45.796557],[6.975623,45.797108],[6.975836,45.797455],[6.976104,45.797667],[6.976383,45.797834],[6.976666,45.797985],[6.976936,45.798156],[6.977192,45.798369],[6.977426,45.798575],[6.977837,45.798924],[6.978224,45.799237],[6.978631,45.799425],[6.978713,45.799465],[6.979078,45.799759],[6.979477,45.799995],[6.979765,45.800174],[6.980124,45.800484],[6.980376,45.80068],[6.980608,45.800915],[6.980945,45.800958],[6.98139,45.801018],[6.981747,45.80109],[6.982184,45.801012],[6.982736,45.80081],[6.983324,45.800842],[6.983729,45.800938],[6.984233,45.801041],[6.984581,45.801217],[6.984691,45.80131],[6.984376,45.801495],[6.984157,45.801504],[6.984073,45.801732],[6.984061,45.801809],[6.98431,45.801924],[6.984365,45.802011],[6.984779,45.802122],[6.985111,45.80224],[6.985494,45.802387],[6.985819,45.802467],[6.985944,45.802554],[6.985928,45.802615],[6.985511,45.802717],[6.985495,45.802782],[6.985669,45.802936],[6.985798,45.80296],[6.986145,45.802943],[6.986529,45.802971],[6.986754,45.803026],[6.98684,45.803101],[6.986782,45.803145],[6.986672,45.803161],[6.986639,45.803202],[6.986573,45.803232],[6.98655,45.803291],[6.986253,45.803471],[6.986052,45.803655],[6.986101,45.803704],[6.986267,45.803741],[6.986297,45.803799],[6.98606,45.803889],[6.986055,45.803967],[6.986289,45.803973],[6.986303,45.804035],[6.986239,45.804073],[6.986215,45.804131],[6.986237,45.804188],[6.986488,45.80439],[6.98644,45.804456],[6.986265,45.804478],[6.986311,45.804565],[6.98656,45.804703],[6.986543,45.804776],[6.98644,45.804805],[6.98629,45.804876],[6.986054,45.804884],[6.985993,45.80486],[6.985812,45.804846],[6.985384,45.804779],[6.985304,45.804805],[6.985036,45.804754],[6.984883,45.804842],[6.98456,45.804891],[6.9842,45.804969],[6.983936,45.805114],[6.983803,45.805126],[6.983724,45.805108],[6.983654,45.805127],[6.983618,45.805177],[6.983664,45.805211],[6.984021,45.805341],[6.984354,45.805484],[6.98456,45.805582],[6.984718,45.805714],[6.984651,45.805744],[6.984638,45.805806],[6.984773,45.805861],[6.984611,45.805912],[6.984221,45.805926],[6.984061,45.805961],[6.983973,45.806025],[6.983713,45.80606],[6.983977,45.806329],[6.984099,45.806411],[6.984126,45.806458],[6.983797,45.80646],[6.983563,45.806464],[6.983722,45.806609],[6.983418,45.806589],[6.983343,45.806603],[6.98345,45.806702],[6.983587,45.806736],[6.983624,45.806779],[6.983252,45.806806],[6.982883,45.806613],[6.982742,45.806564],[6.982481,45.806375],[6.982311,45.806338],[6.982184,45.806382],[6.981943,45.806412],[6.981887,45.806447],[6.982179,45.806606],[6.982265,45.806654],[6.982293,45.806724],[6.982209,45.80671],[6.982156,45.806766],[6.982208,45.806809],[6.982239,45.806874],[6.98232,45.806914],[6.982392,45.807093],[6.982262,45.807088],[6.982053,45.807084],[6.981937,45.807103],[6.981915,45.807174],[6.981479,45.807161],[6.981125,45.807148],[6.981012,45.807122],[6.980919,45.807031],[6.980851,45.807016],[6.980689,45.807028],[6.980571,45.807004],[6.980225,45.806965],[6.98031,45.807025],[6.980031,45.80701],[6.979964,45.807074],[6.979899,45.807049],[6.979465,45.807034],[6.979136,45.806994],[6.978825,45.806968],[6.978886,45.807055],[6.978621,45.806992],[6.978579,45.807058],[6.978484,45.807063],[6.978165,45.8071],[6.978099,45.807136],[6.977979,45.807173],[6.978283,45.807265],[6.978018,45.807416],[6.977946,45.807447],[6.978256,45.807541],[6.978459,45.807571],[6.978502,45.807611],[6.978196,45.807821],[6.978069,45.807864],[6.977948,45.807868],[6.977804,45.807805],[6.97764,45.807775],[6.977277,45.807844],[6.977441,45.808111],[6.977528,45.808284],[6.978034,45.808429],[6.978339,45.808542],[6.978463,45.808865],[6.978725,45.80894],[6.978441,45.80901],[6.978589,45.809096],[6.978598,45.809195],[6.978858,45.809401],[6.978857,45.809447],[6.979014,45.80956],[6.979524,45.80961],[6.979595,45.809632],[6.9796,45.809722],[6.979704,45.809733],[6.979753,45.809773],[6.979785,45.809881],[6.979997,45.809948],[6.979989,45.81009],[6.980049,45.810174],[6.980032,45.810252],[6.979856,45.81031],[6.9798,45.810363],[6.979726,45.810387],[6.979683,45.810421],[6.979726,45.810832],[6.979652,45.810887],[6.979585,45.81102],[6.979356,45.811217],[6.979097,45.811317],[6.97896,45.811458],[6.978589,45.811652],[6.978527,45.811883],[6.978366,45.812223],[6.978373,45.812545],[6.978402,45.81286],[6.978207,45.81299],[6.978148,45.81309],[6.978178,45.813484],[6.978233,45.813585],[6.978252,45.813851],[6.978302,45.814422],[6.978272,45.814602],[6.978128,45.814665],[6.977984,45.814648],[6.977834,45.814692],[6.977781,45.815021],[6.97792,45.815336],[6.977959,45.815585],[6.978138,45.815859],[6.978411,45.816139],[6.97865,45.816503],[6.978809,45.816745],[6.979146,45.817171],[6.979459,45.817503],[6.979787,45.81814],[6.98014,45.818462],[6.980358,45.818839],[6.981103,45.8194],[6.98153,45.81958],[6.981898,45.819705],[6.982415,45.820037],[6.982683,45.820234],[6.983351,45.820683],[6.983706,45.82085],[6.984346,45.821214],[6.984689,45.821511],[6.984799,45.82165],[6.98555,45.821985],[6.985872,45.82215],[6.986151,45.822374],[6.986388,45.822564],[6.987014,45.823048],[6.987277,45.82318],[6.98753,45.823367],[6.987728,45.823575],[6.98834,45.823913],[6.988851,45.824138],[6.989288,45.824235],[6.989611,45.824235],[6.989939,45.824287],[6.990371,45.824443],[6.990643,45.824469],[6.990838,45.824585],[6.991027,45.824619],[6.99131,45.824793],[6.991603,45.824917],[6.99195,45.824928],[6.992492,45.825145],[6.992869,45.825287],[6.993167,45.825457],[6.993629,45.825589],[6.993983,45.825544],[6.994391,45.825574],[6.994841,45.825753],[6.995077,45.825828],[6.995379,45.825825],[6.995647,45.825927],[6.995908,45.825943],[6.996065,45.826047],[6.996235,45.826095],[6.996645,45.826408],[6.996766,45.826535],[6.997139,45.826657],[6.997587,45.82683],[6.998055,45.826948],[6.998432,45.826965],[6.999045,45.827143],[6.999483,45.827232],[6.999932,45.82741],[7.000236,45.827575],[7.000789,45.82782],[7.001122,45.82799],[7.001763,45.828053],[7.002282,45.828391],[7.002357,45.828528],[7.002621,45.828621],[7.002705,45.82877],[7.003025,45.829009],[7.003007,45.829267],[7.003137,45.829529],[7.00333,45.829678],[7.00365,45.829789],[7.004117,45.830036],[7.004333,45.830417],[7.004513,45.830636],[7.005019,45.831204],[7.005236,45.831443],[7.005538,45.831534],[7.005912,45.831892],[7.006293,45.832189],[7.006532,45.832416],[7.006861,45.832575],[7.00716,45.832755],[7.007527,45.833084],[7.007602,45.83315],[7.007692,45.833175],[7.007762,45.833165],[7.007731,45.833048],[7.007776,45.832879],[7.008238,45.833018],[7.008546,45.833281],[7.008966,45.833521],[7.009577,45.833937],[7.010134,45.834234],[7.01049,45.834329],[7.010875,45.834427],[7.011227,45.834423],[7.011596,45.834359],[7.011783,45.834322],[7.011812,45.834462],[7.012129,45.834706],[7.012469,45.834899],[7.012856,45.835034],[7.01347,45.835169],[7.013896,45.835248],[7.014359,45.835492],[7.014701,45.835668],[7.01528,45.835918],[7.016041,45.836233],[7.016385,45.8364],[7.016908,45.836385],[7.017021,45.836363],[7.017118,45.836374],[7.017366,45.83625],[7.017606,45.836181],[7.017863,45.835967],[7.017965,45.83597],[7.018223,45.835801],[7.018432,45.835777],[7.01861,45.835698],[7.018633,45.835596],[7.018753,45.835526],[7.018924,45.835522],[7.019137,45.835365],[7.019384,45.835304],[7.019499,45.835324],[7.019758,45.835268],[7.020189,45.835398],[7.020308,45.835365],[7.020412,45.835291],[7.02057,45.835338],[7.020773,45.835336],[7.020935,45.835283],[7.021026,45.835309],[7.020916,45.835455],[7.020947,45.835537],[7.020522,45.835833],[7.020451,45.835926],[7.020526,45.836007],[7.020522,45.836213],[7.020655,45.83643],[7.02076,45.836495],[7.020838,45.836693],[7.020964,45.836786],[7.021064,45.83704],[7.021148,45.837117],[7.021038,45.837493],[7.021083,45.838084],[7.021077,45.838382],[7.021263,45.838921],[7.021438,45.839153],[7.021414,45.839294],[7.021652,45.839681],[7.021838,45.839879],[7.022176,45.840201],[7.022612,45.840539],[7.023067,45.840867],[7.023378,45.841137],[7.023784,45.84144],[7.023917,45.841702],[7.024027,45.84203],[7.024031,45.842339],[7.024281,45.842561],[7.024581,45.842727],[7.024615,45.842817],[7.024912,45.842985],[7.025139,45.843125],[7.02533,45.843493],[7.025536,45.843598],[7.025855,45.843975],[7.025914,45.844239],[7.026053,45.844456],[7.026349,45.844614],[7.026732,45.844865],[7.027039,45.84505],[7.027088,45.845166],[7.027431,45.845451],[7.027675,45.845461],[7.02772,45.845651],[7.028074,45.845848],[7.028587,45.84621],[7.028609,45.846337],[7.028856,45.846567],[7.029167,45.846762],[7.029471,45.846905],[7.029739,45.847123],[7.02985,45.847233],[7.030172,45.84738],[7.030214,45.847436],[7.030437,45.84755],[7.030466,45.847692],[7.030849,45.847892],[7.03113,45.847931],[7.031427,45.848125],[7.031528,45.848182],[7.03172,45.848219],[7.0318,45.847961],[7.031784,45.847813],[7.031786,45.847741],[7.031659,45.847569],[7.031593,45.847443],[7.031594,45.847372],[7.03168,45.847354],[7.031752,45.847375],[7.031729,45.847331],[7.031721,45.847194],[7.031796,45.847216],[7.031882,45.847234],[7.031934,45.847192],[7.031976,45.84708],[7.032173,45.84712],[7.032323,45.847131],[7.032578,45.847054],[7.032744,45.846936],[7.032847,45.846958],[7.032921,45.846956],[7.032991,45.846933],[7.033033,45.846894],[7.03296,45.846855],[7.033303,45.846714],[7.033434,45.846655],[7.033844,45.846614],[7.034022,45.846641],[7.03414,45.846592],[7.034213,45.846584],[7.034262,45.84655],[7.034426,45.846531],[7.034521,45.846482],[7.034592,45.846491],[7.034774,45.846438],[7.034871,45.846427],[7.035198,45.846345],[7.03526,45.846315],[7.035706,45.84628],[7.035831,45.846287],[7.035943,45.846332],[7.036263,45.846283],[7.036332,45.84626],[7.036486,45.846284],[7.036543,45.846586],[7.036635,45.846803],[7.036686,45.846998],[7.036774,45.847063],[7.037191,45.847112],[7.037237,45.847187],[7.037175,45.847392],[7.037208,45.847484],[7.037576,45.847735],[7.037833,45.847815],[7.037858,45.847859],[7.037857,45.847962],[7.037739,45.848049],[7.037724,45.848168],[7.037519,45.848416],[7.037451,45.848522],[7.037386,45.848604],[7.037071,45.848848],[7.036904,45.848934],[7.036547,45.849211],[7.036428,45.849405],[7.03645,45.849452],[7.036428,45.849516],[7.03658,45.849622],[7.036972,45.849591],[7.037155,45.849892],[7.037271,45.850005],[7.037252,45.850091],[7.037444,45.850398],[7.03762,45.850545],[7.037726,45.850793],[7.037812,45.851054],[7.037942,45.85131],[7.038061,45.851695],[7.038273,45.852271],[7.038269,45.852539],[7.038475,45.853037],[7.038525,45.853344],[7.038628,45.853628],[7.038652,45.853869],[7.038738,45.854196],[7.038783,45.854503],[7.038804,45.854645],[7.039599,45.855195],[7.039855,45.855402],[7.04043,45.855833],[7.04085,45.856072],[7.041089,45.856257],[7.041501,45.856472],[7.041743,45.856474],[7.041867,45.856533],[7.041971,45.856514],[7.042065,45.856571],[7.042319,45.856619],[7.042782,45.856775],[7.042834,45.856815],[7.042921,45.85682],[7.043042,45.856913],[7.043599,45.857112],[7.043687,45.857165],[7.043773,45.857214],[7.044104,45.857331],[7.04439,45.857512],[7.044562,45.857654],[7.044579,45.857703],[7.044742,45.857835],[7.044812,45.857855],[7.044903,45.858026],[7.045164,45.858239],[7.045618,45.858682],[7.045925,45.859085],[7.046083,45.859153],[7.046294,45.859101],[7.046354,45.859283],[7.046517,45.859405],[7.047077,45.860245],[7.047579,45.86078],[7.047913,45.861044],[7.048127,45.861312],[7.048423,45.861533],[7.048705,45.861812],[7.048952,45.862074],[7.049246,45.862256],[7.049951,45.862465],[7.050271,45.862601],[7.051408,45.862955],[7.051744,45.863174],[7.052099,45.863311],[7.052414,45.863539],[7.052857,45.863692],[7.053292,45.863854],[7.054034,45.863749],[7.054367,45.863801],[7.054816,45.863877],[7.055215,45.86403],[7.055556,45.864057],[7.055878,45.86406],[7.056082,45.864168],[7.056296,45.864407],[7.056351,45.864525],[7.056517,45.864566],[7.056613,45.864559],[7.056746,45.86466],[7.056827,45.864652],[7.056932,45.864715],[7.05686,45.864879],[7.056887,45.86504],[7.056959,45.865133],[7.056911,45.865212],[7.056876,45.865326],[7.056961,45.865528],[7.057469,45.865874],[7.057175,45.866013],[7.05709,45.866058],[7.057048,45.866123],[7.057096,45.866215],[7.057042,45.866293],[7.057028,45.866441],[7.057279,45.866913],[7.057252,45.86743],[7.057665,45.867779],[7.057753,45.867964],[7.057905,45.86806],[7.05806,45.868396],[7.058216,45.868661],[7.058451,45.86905],[7.058558,45.86927],[7.058592,45.869455],[7.058755,45.869628],[7.058541,45.869595],[7.058152,45.869247],[7.058104,45.869115],[7.057583,45.868767],[7.057372,45.86869],[7.057189,45.86851],[7.056837,45.868372],[7.056377,45.868338],[7.055932,45.86811],[7.055532,45.867748],[7.055243,45.867585],[7.055044,45.867459],[7.055001,45.867657],[7.054959,45.867699],[7.054635,45.867567],[7.054702,45.867905],[7.05484,45.868116],[7.055005,45.868657],[7.055224,45.869046],[7.055555,45.869411],[7.055547,45.86952],[7.055717,45.869714],[7.055833,45.869981],[7.055865,45.870132],[7.055604,45.869963],[7.055225,45.869848],[7.05519,45.869889],[7.055134,45.870143],[7.054805,45.869928],[7.05448,45.869847],[7.05458,45.870116],[7.054745,45.870314],[7.054965,45.870519],[7.055229,45.870779],[7.055049,45.870806],[7.054889,45.870727],[7.054873,45.870874],[7.054832,45.870915],[7.05437,45.870643],[7.054164,45.870587],[7.053987,45.870734],[7.054029,45.870827],[7.05384,45.870805],[7.053648,45.870709],[7.053614,45.870841],[7.053894,45.871111],[7.054012,45.871293],[7.053748,45.871553],[7.053425,45.871355],[7.053078,45.87133],[7.052694,45.871311],[7.052139,45.87133],[7.051731,45.871416],[7.051528,45.871464],[7.051754,45.871641],[7.051826,45.871645],[7.052347,45.871606],[7.052874,45.871716],[7.05324,45.871835],[7.053645,45.872048],[7.054194,45.872301],[7.05451,45.872426],[7.054748,45.872548],[7.054792,45.872473],[7.054877,45.872432],[7.054955,45.872481],[7.054997,45.872564],[7.055101,45.872645],[7.055372,45.872765],[7.055546,45.872961],[7.055641,45.872825],[7.055805,45.872957],[7.056185,45.873015],[7.056545,45.873142],[7.05664,45.873159],[7.056754,45.873188],[7.056734,45.873361],[7.056764,45.873445],[7.056756,45.873499],[7.05685,45.873471],[7.056936,45.873529],[7.057008,45.87356],[7.057068,45.873749],[7.057219,45.873798],[7.057234,45.873975],[7.057152,45.874036],[7.057151,45.874183],[7.057259,45.874267],[7.057352,45.874359],[7.057557,45.874595],[7.057791,45.874836],[7.057841,45.874877],[7.058014,45.874849],[7.058213,45.874898],[7.05822,45.874849],[7.0585,45.874999],[7.058636,45.875185],[7.058666,45.875232],[7.058716,45.875294],[7.058709,45.875389],[7.058697,45.875607],[7.058764,45.875619],[7.058755,45.875671],[7.059094,45.875839],[7.059141,45.875893],[7.059199,45.875915],[7.059328,45.875906],[7.059371,45.875962],[7.059384,45.87602],[7.059416,45.876081],[7.059543,45.876203],[7.059696,45.87641],[7.059925,45.87655],[7.060103,45.87668],[7.060253,45.876909],[7.060337,45.877025],[7.060448,45.877131],[7.060558,45.877173],[7.06077,45.877217],[7.060836,45.877396],[7.061013,45.877562],[7.061026,45.87766],[7.061146,45.877748],[7.061213,45.877751],[7.061237,45.877851],[7.061433,45.878036],[7.061816,45.878065],[7.061937,45.87813],[7.061872,45.878172],[7.061816,45.878274],[7.061821,45.878349],[7.06211,45.87863],[7.062107,45.878692],[7.062146,45.878827],[7.062439,45.878988],[7.062533,45.879203],[7.062812,45.879356],[7.062818,45.879632],[7.06297,45.87975],[7.063209,45.87996],[7.063467,45.88022],[7.063663,45.8803],[7.063644,45.880413],[7.06381,45.880482],[7.063778,45.880559],[7.063827,45.88082],[7.063883,45.880907],[7.063884,45.880966],[7.063926,45.881024],[7.064011,45.881177],[7.064107,45.881262],[7.064247,45.881477],[7.064406,45.881618],[7.064313,45.881662],[7.064354,45.881715],[7.0645,45.881934],[7.064758,45.882277],[7.064971,45.882472],[7.064903,45.88251],[7.064842,45.882531],[7.064703,45.882455],[7.06469,45.882527],[7.064756,45.882636],[7.064745,45.882685],[7.064895,45.882904],[7.06511,45.883119],[7.065357,45.883392],[7.065392,45.883515],[7.065442,45.883591],[7.065458,45.883808],[7.065407,45.883876],[7.065474,45.884098],[7.065599,45.884367],[7.065606,45.884511],[7.065475,45.884536],[7.065448,45.884583],[7.065746,45.884937],[7.065868,45.885013],[7.066146,45.885225],[7.066236,45.885283],[7.066544,45.885379],[7.066892,45.885396],[7.067357,45.885194],[7.067725,45.884976],[7.067879,45.884721],[7.068042,45.884468],[7.068036,45.884314],[7.068108,45.884048],[7.06813,45.883957],[7.068112,45.883706],[7.068131,45.883437],[7.068112,45.883212],[7.068386,45.88341],[7.068514,45.883518],[7.068597,45.883628],[7.068617,45.88336],[7.068624,45.883125],[7.069102,45.883403],[7.06922,45.883619],[7.069446,45.883836],[7.069627,45.884048],[7.069723,45.884119],[7.069814,45.884258],[7.069865,45.884217],[7.069948,45.884107],[7.070031,45.884059],[7.070158,45.88382],[7.07033,45.883519],[7.070406,45.883459],[7.070464,45.883392],[7.07046,45.883332],[7.070546,45.883224],[7.07073,45.883227],[7.070818,45.8834],[7.070854,45.883479],[7.070926,45.883565],[7.07127,45.883531],[7.071405,45.883516],[7.071582,45.883549],[7.071862,45.883534],[7.072051,45.883449],[7.072274,45.883426],[7.072269,45.883275],[7.072591,45.883153],[7.072718,45.883111],[7.072809,45.883099],[7.07283,45.883052],[7.073068,45.882935],[7.073364,45.88292],[7.073442,45.882804],[7.073526,45.882819],[7.073555,45.882908],[7.073863,45.882769],[7.074095,45.882719],[7.074154,45.882773],[7.074246,45.88276],[7.074229,45.8827],[7.074299,45.882628],[7.074804,45.882559],[7.075128,45.882485],[7.07526,45.882499],[7.075406,45.882404],[7.075511,45.882435],[7.075457,45.882536],[7.075465,45.882586],[7.075609,45.882582],[7.075784,45.882643],[7.075742,45.882693],[7.07571,45.882735],[7.075777,45.882762],[7.075688,45.882812],[7.075618,45.882811],[7.075392,45.883047],[7.075293,45.883102],[7.075281,45.88319],[7.07524,45.883322],[7.075315,45.883405],[7.075382,45.883423],[7.07557,45.883392],[7.075696,45.883352],[7.075923,45.883337],[7.076219,45.883468],[7.076198,45.883537],[7.076181,45.883601],[7.076263,45.883713],[7.076198,45.883736],[7.076231,45.883777],[7.07617,45.883823],[7.076128,45.883899],[7.075898,45.884099],[7.075835,45.884343],[7.075695,45.884582],[7.075632,45.884713],[7.075519,45.884815],[7.075381,45.885019],[7.075218,45.885151],[7.075094,45.885362],[7.075087,45.885411],[7.075121,45.885505],[7.07527,45.885536],[7.075689,45.885567],[7.076115,45.885621],[7.076402,45.885751],[7.076694,45.885891],[7.076784,45.885895],[7.076882,45.885936],[7.077153,45.886122],[7.077161,45.886184],[7.077254,45.886431],[7.077389,45.886712],[7.077493,45.887032],[7.077501,45.887091],[7.077608,45.887349],[7.077688,45.887614],[7.077788,45.887883],[7.077773,45.888188],[7.077799,45.888512],[7.077819,45.888796],[7.077862,45.889029],[7.077814,45.889243],[7.077881,45.88929],[7.078057,45.889696],[7.078011,45.890522],[7.078561,45.891054],[7.078584,45.891243],[7.078651,45.891288],[7.078846,45.891239],[7.079152,45.89132],[7.079454,45.891376],[7.079701,45.891539],[7.08017,45.89163],[7.081011,45.89195],[7.081154,45.892082],[7.081393,45.892049],[7.081494,45.891996],[7.082103,45.891941],[7.082406,45.892014],[7.082578,45.89214],[7.082925,45.892137],[7.083144,45.892241],[7.084125,45.892228],[7.084425,45.891773],[7.084937,45.891503],[7.085274,45.891391],[7.08557,45.891428],[7.085695,45.891602],[7.085869,45.891666],[7.086027,45.891662],[7.08679,45.891942],[7.08709,45.891908],[7.087241,45.891957],[7.088129,45.892],[7.088367,45.891965],[7.089849,45.892124],[7.090899,45.892031],[7.091152,45.892153],[7.091802,45.892127],[7.092535,45.892033],[7.092665,45.89207],[7.093223,45.892046],[7.093432,45.892146],[7.093845,45.892175],[7.094201,45.892285],[7.09447,45.892453],[7.094739,45.892446],[7.094679,45.892566],[7.095083,45.892729],[7.095808,45.892797],[7.097169,45.893245],[7.097805,45.893501],[7.098453,45.893581],[7.098829,45.893783],[7.098919,45.89388],[7.099129,45.893912],[7.099427,45.894188],[7.099705,45.894198],[7.09985,45.894256],[7.100131,45.894506],[7.100957,45.895011],[7.10187,45.895293],[7.102145,45.895456],[7.102535,45.895545],[7.103712,45.895977],[7.1045,45.896158],[7.10483,45.896158],[7.10558,45.896289],[7.105964,45.896415],[7.107034,45.896698],[7.107151,45.896648],[7.107602,45.896709],[7.108663,45.897075],[7.109875,45.897893],[7.109935,45.897574],[7.10997,45.897423],[7.110034,45.89735],[7.110445,45.897669],[7.110752,45.897831],[7.111116,45.89829],[7.111698,45.898828],[7.111925,45.899213],[7.112049,45.89957],[7.112343,45.899916],[7.112555,45.899475],[7.112542,45.899064],[7.11257,45.898845],[7.112645,45.898873],[7.112735,45.898857],[7.112513,45.898065],[7.112389,45.897894],[7.112336,45.897389],[7.112172,45.897146],[7.112199,45.89706],[7.112603,45.897171],[7.112962,45.897307],[7.113346,45.897275],[7.113736,45.897442],[7.11395,45.897616],[7.114262,45.897815],[7.114484,45.898032],[7.114626,45.89825],[7.114676,45.89848],[7.114759,45.898733],[7.114817,45.89886],[7.114881,45.898904],[7.114959,45.898904],[7.115178,45.898693],[7.115147,45.898449],[7.114963,45.898235],[7.114868,45.897979],[7.11482,45.89775],[7.114795,45.897487],[7.114845,45.897448],[7.114923,45.897473],[7.115132,45.897699],[7.115329,45.897885],[7.115592,45.898041],[7.11587,45.898296],[7.116072,45.898514],[7.116237,45.898747],[7.116369,45.898959],[7.116558,45.899236],[7.116688,45.899469],[7.116783,45.899697],[7.116834,45.899936],[7.116843,45.900224],[7.116822,45.900368],[7.1169,45.900402],[7.117023,45.900135],[7.117089,45.899954],[7.11715,45.899935],[7.11721,45.900304],[7.117222,45.900541],[7.11717,45.900743],[7.117098,45.900798],[7.116701,45.900832],[7.116645,45.900861],[7.116652,45.901195],[7.116689,45.901423],[7.116574,45.901873],[7.116511,45.902195],[7.116527,45.902284],[7.116115,45.902696],[7.115958,45.903072],[7.115711,45.903314],[7.115567,45.903411],[7.11533,45.90365],[7.115361,45.903799],[7.115226,45.903894],[7.1151,45.904342],[7.114778,45.904674],[7.114697,45.904736],[7.114498,45.905034],[7.114366,45.905333],[7.11413,45.905557],[7.114064,45.905632],[7.114133,45.905652],[7.114222,45.905665],[7.11451,45.905707],[7.114671,45.905626],[7.114975,45.905361],[7.115142,45.905232],[7.115488,45.905154],[7.115599,45.905158],[7.11575,45.905222],[7.11566,45.90548],[7.115445,45.905701],[7.115351,45.905952],[7.115098,45.90635],[7.114778,45.906581],[7.114457,45.906864],[7.114157,45.907131],[7.113898,45.907318],[7.113639,45.907595],[7.113411,45.907824],[7.113198,45.908031],[7.113042,45.908131],[7.112581,45.908203],[7.111887,45.908347],[7.111524,45.908477],[7.111247,45.908719],[7.111038,45.908894],[7.110753,45.909107],[7.110315,45.909439],[7.110044,45.909649],[7.109718,45.909945],[7.109519,45.910187],[7.109237,45.910562],[7.108964,45.910812],[7.10865,45.911056],[7.108239,45.911246],[7.10787,45.911381],[7.107607,45.911608],[7.10747,45.911993],[7.107423,45.912175],[7.107193,45.912423],[7.106764,45.912779],[7.106525,45.913016],[7.106236,45.913398],[7.105997,45.913717],[7.105712,45.914077],[7.105468,45.914401],[7.105349,45.914705],[7.105271,45.914945],[7.105035,45.915491],[7.104994,45.915689],[7.104838,45.915647],[7.104467,45.91567],[7.104375,45.915597],[7.104379,45.915398],[7.104215,45.915489],[7.104034,45.915498],[7.103759,45.915799],[7.103617,45.916004],[7.103493,45.916317],[7.103152,45.916452],[7.102761,45.916751],[7.10262,45.916961],[7.102502,45.917046],[7.102425,45.917201],[7.102246,45.917237],[7.102053,45.917346],[7.101902,45.917584],[7.101546,45.917739],[7.101438,45.917837],[7.101038,45.917978],[7.100723,45.918021],[7.100633,45.918087],[7.100605,45.918323],[7.100541,45.918554],[7.100557,45.918633],[7.100635,45.918714],[7.100666,45.918979],[7.100579,45.919232],[7.100397,45.91942],[7.099959,45.91977],[7.099944,45.919818],[7.099801,45.919884],[7.099599,45.920301],[7.099452,45.920556],[7.099169,45.920884],[7.098933,45.921141],[7.098654,45.921295],[7.098303,45.921454],[7.098046,45.921632],[7.097798,45.921697],[7.09758,45.921871],[7.097324,45.922059],[7.097266,45.922084],[7.097054,45.922124],[7.09698,45.922242],[7.096545,45.922441],[7.096307,45.922619],[7.096135,45.92288],[7.095977,45.923019],[7.095971,45.923065],[7.096052,45.923178],[7.096071,45.923411],[7.095986,45.923649],[7.095754,45.923856],[7.0954,45.924029],[7.095267,45.924084],[7.095219,45.924165],[7.09563,45.924324],[7.09579,45.924415],[7.095937,45.924653],[7.096108,45.924786],[7.096307,45.924805],[7.096519,45.924619],[7.096645,45.924581],[7.096699,45.924822],[7.096529,45.925293],[7.096444,45.925476],[7.096436,45.925628],[7.096385,45.925755],[7.09643,45.925831],[7.096618,45.925945],[7.096553,45.926183],[7.096647,45.926441],[7.096683,45.926639],[7.09663,45.927216],[7.096511,45.927571],[7.096322,45.927854],[7.096035,45.928132],[7.095768,45.928349],[7.095534,45.928618],[7.095476,45.928989],[7.095549,45.929254],[7.095779,45.929521],[7.096235,45.929854],[7.096498,45.930025],[7.096759,45.930284],[7.097075,45.930615],[7.097616,45.931101],[7.098029,45.931416],[7.098612,45.931748],[7.098688,45.932111],[7.098681,45.932456],[7.098666,45.932752],[7.098657,45.933035],[7.098603,45.933518],[7.098558,45.933867],[7.09844,45.934629],[7.098431,45.934989],[7.098458,45.935374],[7.098467,45.935677],[7.098417,45.935927],[7.098234,45.935927],[7.097728,45.936133],[7.097428,45.936262],[7.097087,45.936328],[7.096988,45.936396],[7.096825,45.936311],[7.096221,45.936362],[7.095907,45.93622],[7.095765,45.936434],[7.095565,45.936793],[7.095315,45.937187],[7.095196,45.937328],[7.095298,45.937357],[7.095547,45.937551],[7.09561,45.937622],[7.095631,45.937871],[7.09543,45.938176],[7.095524,45.938441],[7.09556,45.938719],[7.095595,45.938823],[7.095661,45.938881],[7.095635,45.93902],[7.095469,45.939256],[7.095356,45.939489],[7.095432,45.93974],[7.095562,45.940027],[7.095582,45.94036],[7.09571,45.940695],[7.095933,45.940884],[7.096142,45.941083],[7.096128,45.941157],[7.096262,45.941397],[7.096221,45.941533],[7.096179,45.941806],[7.096125,45.942031],[7.096111,45.942259],[7.095864,45.942499],[7.09582,45.942579],[7.095916,45.942726],[7.095916,45.942986],[7.095931,45.94325],[7.096077,45.943489],[7.096189,45.943775],[7.096361,45.944359],[7.096704,45.944637],[7.097072,45.944784],[7.097434,45.944991],[7.097492,45.945021],[7.097621,45.945189],[7.097724,45.94522],[7.097946,45.945411],[7.097983,45.945479],[7.098269,45.945518],[7.098539,45.9457],[7.098714,45.945813],[7.098825,45.94603],[7.098976,45.946153],[7.099012,45.946281],[7.099082,45.946335],[7.099135,45.946558],[7.09923,45.946636],[7.09939,45.946852],[7.099384,45.946905],[7.099539,45.947264],[7.099631,45.947491],[7.099668,45.947749],[7.099758,45.947889],[7.099815,45.947923],[7.099894,45.94815],[7.099852,45.948309],[7.099902,45.948445],[7.10004,45.948582],[7.100143,45.94869],[7.10017,45.948748],[7.10027,45.948783],[7.100277,45.948863],[7.100466,45.949085],[7.100662,45.949257],[7.100814,45.949309],[7.100909,45.949427],[7.10118,45.949632],[7.101432,45.949841],[7.1017,45.950113],[7.101736,45.950185],[7.101679,45.950362],[7.101968,45.950487],[7.102051,45.950522],[7.102077,45.950631],[7.101994,45.950768],[7.101892,45.950822],[7.101918,45.950917],[7.10189,45.951187],[7.102033,45.951451],[7.102297,45.951695],[7.102456,45.951931],[7.102635,45.95219],[7.102626,45.952423],[7.102432,45.952738],[7.102402,45.953001],[7.102487,45.953237],[7.10268,45.953505],[7.102801,45.953825],[7.102877,45.954145],[7.103024,45.954391],[7.10325,45.95464],[7.103515,45.954922],[7.103728,45.955192],[7.103989,45.95536],[7.104407,45.955718],[7.104811,45.956027],[7.105083,45.956276],[7.105225,45.956533],[7.105221,45.956817],[7.105148,45.957077],[7.105172,45.957329],[7.105247,45.957463],[7.105475,45.957651],[7.105694,45.957959],[7.105888,45.958219],[7.106031,45.958423],[7.106116,45.9587],[7.106328,45.958904],[7.10662,45.959014],[7.106959,45.959131],[7.107416,45.959358],[7.107671,45.959505],[7.107998,45.959627],[7.108318,45.959733],[7.108533,45.959967],[7.10862,45.960205],[7.108742,45.960487],[7.108644,45.961091],[7.108573,45.961372],[7.108668,45.961869],[7.108545,45.962222],[7.108439,45.962501],[7.108357,45.962821],[7.108319,45.963063],[7.108191,45.96343],[7.108239,45.963797],[7.10832,45.964047],[7.108368,45.964412],[7.108429,45.964674],[7.108342,45.964941],[7.108287,45.965154],[7.108318,45.965208],[7.108261,45.965297],[7.108128,45.965313],[7.108055,45.965425],[7.108075,45.965721],[7.108189,45.965991],[7.108196,45.966084],[7.108395,45.966304],[7.108681,45.966387],[7.108823,45.966602],[7.108906,45.966838],[7.108966,45.96698],[7.109061,45.967039],[7.109198,45.967399],[7.10929,45.967627],[7.10932,45.967961],[7.10924,45.968255],[7.109281,45.968566],[7.10929,45.968843],[7.109234,45.969184],[7.109157,45.969273],[7.109165,45.969323],[7.10925,45.969374],[7.109288,45.969521],[7.109487,45.969819],[7.109574,45.970083],[7.109575,45.970192],[7.10965,45.970258],[7.10953,45.970501],[7.109469,45.970599],[7.109413,45.97065],[7.109401,45.970696],[7.10946,45.970744],[7.109576,45.970768],[7.109643,45.970812],[7.109766,45.970791],[7.109841,45.970832],[7.10999,45.970838],[7.110207,45.971083],[7.110223,45.970821],[7.110362,45.970921],[7.110405,45.970861],[7.110463,45.970886],[7.110496,45.970962],[7.110465,45.971073],[7.110595,45.971093],[7.110771,45.971151],[7.111058,45.971461],[7.111313,45.971528],[7.111439,45.971671],[7.111443,45.971854],[7.111541,45.971995],[7.111518,45.972067],[7.111599,45.972305],[7.111596,45.972496],[7.111663,45.972562],[7.111668,45.972744],[7.111762,45.972771],[7.111883,45.972992],[7.112003,45.973347],[7.112024,45.973638],[7.111987,45.973737],[7.112027,45.973848],[7.112015,45.973906],[7.111952,45.973975],[7.111917,45.974281],[7.112085,45.974637],[7.11218,45.974919],[7.112358,45.97518],[7.112557,45.975373],[7.112631,45.975707],[7.112814,45.975982],[7.112797,45.976122],[7.112838,45.976219],[7.113173,45.97651],[7.113357,45.976771],[7.113412,45.977036],[7.113304,45.977187],[7.113155,45.977542],[7.113089,45.977858],[7.113127,45.978229],[7.113113,45.978513],[7.113037,45.978677],[7.113064,45.97873],[7.112968,45.979065],[7.11283,45.979365],[7.112756,45.979468],[7.112765,45.979739],[7.112915,45.97976],[7.113445,45.979715],[7.113907,45.979687],[7.114434,45.979666],[7.114874,45.979618],[7.114969,45.979565],[7.115412,45.979483],[7.115674,45.979407],[7.116086,45.979368],[7.116522,45.979236],[7.116861,45.979111],[7.117429,45.978973],[7.117813,45.978897],[7.118281,45.978915],[7.118897,45.979006],[7.119447,45.97912],[7.119938,45.979188],[7.120538,45.97943],[7.120781,45.97958],[7.121129,45.979707],[7.121695,45.979948],[7.121979,45.980085],[7.122315,45.980219],[7.122611,45.980316],[7.123038,45.980513],[7.123393,45.980723],[7.123557,45.980791],[7.123662,45.980903],[7.123995,45.981043],[7.124291,45.981197],[7.123973,45.98134],[7.123702,45.981507],[7.123488,45.981706],[7.123402,45.981799],[7.123152,45.982244],[7.122972,45.982487],[7.122758,45.982898],[7.122576,45.983473],[7.122457,45.983832],[7.122265,45.984036],[7.121896,45.984312],[7.121697,45.984556],[7.121528,45.984883],[7.121349,45.985159],[7.121398,45.985553],[7.121684,45.985963],[7.121731,45.986212],[7.121534,45.986467],[7.121463,45.986709],[7.121575,45.986953],[7.121843,45.987212],[7.122195,45.987437],[7.122579,45.987609],[7.122819,45.987828],[7.122948,45.988055],[7.122992,45.988121],[7.12336,45.988256],[7.123636,45.98842],[7.123788,45.988635],[7.123951,45.989102],[7.124007,45.989199],[7.124354,45.989349],[7.124636,45.989411],[7.12481,45.989461],[7.124922,45.989397],[7.125006,45.989309],[7.125129,45.989282],[7.125237,45.989187],[7.12537,45.989152],[7.125629,45.988907],[7.125723,45.988864],[7.126005,45.988815],[7.126283,45.989002],[7.126455,45.989217],[7.126584,45.989522],[7.126784,45.989862],[7.126732,45.990355],[7.126724,45.990721],[7.126787,45.991026],[7.126847,45.991276],[7.126854,45.991629],[7.126819,45.99191],[7.126806,45.992179],[7.126756,45.992533],[7.126732,45.992769],[7.126806,45.993138],[7.127045,45.993498],[7.127182,45.993968],[7.127354,45.994261],[7.12755,45.994492],[7.127676,45.994715],[7.127764,45.994978],[7.127798,45.99508],[7.128004,45.995262],[7.128117,45.995505],[7.128121,45.995734],[7.128137,45.995983],[7.128223,45.996392],[7.128241,45.996738],[7.128271,45.997079],[7.128287,45.997317],[7.128229,45.997577],[7.12809,45.997818],[7.128192,45.998045],[7.128288,45.998108],[7.1283,45.998185],[7.127982,45.998318],[7.12793,45.998574],[7.127926,45.998864],[7.127952,45.999134],[7.128118,45.999422],[7.128269,45.999679],[7.12832,45.999784],[7.128209,46.000072],[7.128222,46.000126],[7.128189,46.000386],[7.128111,46.000627],[7.127902,46.000833],[7.127674,46.001201],[7.127543,46.001464],[7.12751,46.001508],[7.127406,46.00133],[7.12738,46.001619],[7.127263,46.001882],[7.127041,46.002102],[7.126873,46.002404],[7.126753,46.002539],[7.126429,46.002633],[7.126085,46.002633],[7.125749,46.00271],[7.125681,46.003043],[7.12558,46.003268],[7.125413,46.003576],[7.125127,46.004047],[7.124744,46.004591],[7.124535,46.00497],[7.124406,46.005007],[7.124327,46.005259],[7.124263,46.005482],[7.124133,46.005747],[7.124018,46.005773],[7.123832,46.005948],[7.123513,46.006036],[7.123198,46.006166],[7.123152,46.006229],[7.123503,46.006361],[7.123589,46.006426],[7.123627,46.006505],[7.123555,46.006854],[7.123437,46.00698],[7.123229,46.007083],[7.123218,46.007174],[7.123245,46.00723],[7.123334,46.007298],[7.12335,46.007383],[7.123094,46.007606],[7.123018,46.007892],[7.12307,46.008127],[7.123266,46.008645],[7.123252,46.008854],[7.123396,46.009121],[7.123534,46.009388],[7.12354,46.0095],[7.123325,46.009436],[7.123245,46.009453],[7.123202,46.009406],[7.123147,46.009459],[7.122856,46.009426],[7.122836,46.00953],[7.122747,46.009607],[7.122512,46.009652],[7.122128,46.009615],[7.121828,46.009672],[7.121644,46.009801],[7.121217,46.009999],[7.120945,46.010124],[7.120621,46.010227],[7.120352,46.010382],[7.120126,46.010609],[7.120059,46.010836],[7.119734,46.011005],[7.119575,46.011021],[7.11944,46.011083],[7.11931,46.011076],[7.119061,46.010938],[7.118728,46.011059],[7.118391,46.011218],[7.117924,46.011361],[7.117816,46.01141],[7.117891,46.011502],[7.117961,46.011529],[7.118097,46.011504],[7.118432,46.011611],[7.118866,46.011657],[7.119203,46.011762],[7.119516,46.011855],[7.119652,46.012041],[7.119649,46.012374],[7.119671,46.012619],[7.119836,46.012933],[7.120105,46.013159],[7.120371,46.013388],[7.120666,46.01356],[7.120927,46.013808],[7.120968,46.01386],[7.120887,46.013932],[7.120791,46.013937],[7.120572,46.013867],[7.120315,46.013922],[7.120056,46.014135],[7.119963,46.014238],[7.119732,46.014236],[7.119695,46.014595],[7.119639,46.014994],[7.119756,46.015087],[7.119813,46.015393],[7.119795,46.015641],[7.119777,46.015931],[7.11973,46.016121],[7.11938,46.016237],[7.119234,46.016387],[7.119281,46.016463],[7.119236,46.016714],[7.119051,46.016928],[7.118962,46.017201],[7.118961,46.017339],[7.118911,46.017514],[7.118899,46.017722],[7.119194,46.017928],[7.11947,46.018145],[7.119731,46.018326],[7.119967,46.018519],[7.120084,46.018821],[7.120019,46.018815],[7.119796,46.018639],[7.119654,46.018548],[7.119374,46.018389],[7.1191,46.018219],[7.119043,46.01825],[7.118522,46.018223],[7.118453,46.018225],[7.118642,46.01831],[7.118181,46.018308],[7.118513,46.018461],[7.118088,46.018516],[7.117981,46.01856],[7.118032,46.018659],[7.118248,46.018737],[7.118217,46.018796],[7.118105,46.018795],[7.118274,46.018995],[7.118371,46.019264],[7.118594,46.019429],[7.118684,46.019484],[7.118829,46.019761],[7.118913,46.020023],[7.119036,46.02027],[7.118901,46.020537],[7.118733,46.020529],[7.118719,46.020654],[7.118823,46.020681],[7.119031,46.021012],[7.119184,46.021163],[7.119231,46.021327],[7.119199,46.021426],[7.119258,46.021666],[7.11948,46.021846],[7.11953,46.021891],[7.119579,46.02208],[7.119835,46.022279],[7.120055,46.022506],[7.120048,46.022588],[7.120099,46.022659],[7.120086,46.022817],[7.12022,46.023049],[7.120519,46.0233],[7.120623,46.023524],[7.120612,46.02381],[7.120611,46.023947],[7.120985,46.023997],[7.120944,46.024228],[7.121011,46.02441],[7.121363,46.02456],[7.121595,46.024699],[7.121578,46.025024],[7.121477,46.025249],[7.121219,46.025474],[7.121063,46.02574],[7.121035,46.026016],[7.121087,46.026043],[7.121291,46.025788],[7.121691,46.025576],[7.121983,46.02541],[7.122097,46.025397],[7.122448,46.02546],[7.122459,46.025589],[7.122377,46.02568],[7.122544,46.025891],[7.122523,46.026083],[7.122321,46.026326],[7.121857,46.026601],[7.121226,46.026962],[7.12091,46.027134],[7.120752,46.027187],[7.12061,46.027167],[7.120566,46.02725],[7.120507,46.027229],[7.120351,46.027468],[7.120337,46.027701],[7.120163,46.027951],[7.11987,46.028111],[7.119507,46.028161],[7.118999,46.028187],[7.118686,46.028248],[7.118341,46.028371],[7.11807,46.028586],[7.117884,46.028802],[7.117546,46.029085],[7.117285,46.029289],[7.117015,46.029713],[7.116684,46.029992],[7.116352,46.030201],[7.116003,46.03036],[7.115313,46.03057],[7.114579,46.030723],[7.114177,46.030794],[7.113736,46.030898],[7.113237,46.031045],[7.112708,46.031241],[7.112319,46.031368],[7.111814,46.031509],[7.111277,46.031622],[7.110537,46.031732],[7.109863,46.031862],[7.10947,46.031874],[7.109077,46.031844],[7.108746,46.031925],[7.108419,46.031954],[7.108161,46.031773],[7.108023,46.031541],[7.107488,46.031504],[7.107074,46.031608],[7.107001,46.031638],[7.106897,46.031631],[7.10659,46.031088],[7.106461,46.031066],[7.106369,46.031119],[7.106325,46.031079],[7.105948,46.031047],[7.105445,46.031067],[7.105111,46.031145],[7.10477,46.031398],[7.10448,46.031559],[7.10404,46.032004],[7.103602,46.032299],[7.103351,46.032523],[7.103117,46.032558],[7.102889,46.032756],[7.102712,46.032798],[7.102205,46.033074],[7.10184,46.033082],[7.10151,46.033136],[7.101309,46.033214],[7.101183,46.03336],[7.101028,46.03342],[7.100596,46.033372],[7.100199,46.033536],[7.100255,46.033597],[7.100231,46.033662],[7.100499,46.033749],[7.100561,46.033833],[7.100493,46.033871],[7.100567,46.033951],[7.100208,46.033917],[7.099774,46.033983],[7.099431,46.033986],[7.099091,46.034085],[7.098827,46.034304],[7.098675,46.034545],[7.098366,46.034685],[7.098149,46.034857],[7.097893,46.035142],[7.09763,46.035409],[7.097374,46.035616],[7.097195,46.035824],[7.097009,46.036018],[7.096739,46.036181],[7.096429,46.036289],[7.096242,46.036358],[7.096043,46.036707],[7.095942,46.037109],[7.095854,46.037469],[7.095702,46.037784],[7.0955,46.038033],[7.095308,46.038236],[7.095095,46.038502],[7.094848,46.038809],[7.094635,46.039064],[7.09436,46.039394],[7.094173,46.039617],[7.094066,46.03977],[7.094626,46.039689],[7.095147,46.039656],[7.09551,46.039595],[7.095871,46.039613],[7.096155,46.03978],[7.09617,46.039848],[7.095802,46.040007],[7.095573,46.040193],[7.095449,46.040421],[7.095463,46.040661],[7.09524,46.040899],[7.09509,46.041129],[7.095012,46.041377],[7.094958,46.041494],[7.094647,46.041606],[7.094573,46.041847],[7.094462,46.042065],[7.094352,46.042314],[7.094189,46.042594],[7.093972,46.042821],[7.093882,46.042896],[7.093412,46.043033],[7.093214,46.043275],[7.093085,46.043516],[7.092934,46.043761],[7.092783,46.043995],[7.09273,46.044093],[7.092775,46.044321],[7.092685,46.044596],[7.092555,46.044832],[7.092553,46.04529],[7.092402,46.045563],[7.092241,46.04586],[7.092145,46.046137],[7.09201,46.046413],[7.091913,46.046646],[7.09174,46.046926],[7.091493,46.046925],[7.091055,46.046834],[7.090673,46.046692],[7.090349,46.046568],[7.090034,46.046465],[7.089679,46.046364],[7.089542,46.046362],[7.089237,46.046448],[7.08874,46.046705],[7.088136,46.046988],[7.087536,46.047214],[7.086789,46.047469],[7.086447,46.047553],[7.086102,46.047538],[7.085934,46.047594],[7.0856,46.047883],[7.085202,46.048116],[7.084742,46.048273],[7.084551,46.048417],[7.084249,46.048249],[7.08419,46.048201],[7.083824,46.048156],[7.08376,46.048077],[7.08359,46.048133],[7.083232,46.048174],[7.082969,46.048301],[7.082763,46.048594],[7.082678,46.04872],[7.082553,46.048984],[7.082472,46.049252],[7.082309,46.049226],[7.08217,46.049271],[7.081848,46.049302],[7.08154,46.049475],[7.081271,46.049638],[7.080896,46.049695],[7.080485,46.049666],[7.080071,46.049686],[7.079642,46.049854],[7.079343,46.049975],[7.078865,46.050072],[7.078544,46.050138],[7.07801,46.050349],[7.077631,46.050499],[7.077323,46.050671],[7.076903,46.050935],[7.076639,46.051177],[7.076346,46.051347],[7.07599,46.051454],[7.075326,46.051887],[7.075019,46.05206],[7.074629,46.052158],[7.074142,46.052333],[7.073702,46.05239],[7.073399,46.052239],[7.073013,46.052175],[7.072613,46.052155],[7.072384,46.052122],[7.072147,46.051948],[7.071836,46.051784],[7.071515,46.051521],[7.071308,46.051315],[7.07101,46.051101],[7.070627,46.050736],[7.070353,46.05055],[7.070138,46.05036],[7.069937,46.050079],[7.069699,46.0498],[7.069407,46.049585],[7.069047,46.049319],[7.06875,46.049136],[7.068543,46.048957],[7.068283,46.04875],[7.068052,46.048529],[7.067744,46.048318],[7.067532,46.048261],[7.067231,46.048021],[7.067043,46.04793],[7.066827,46.047916],[7.066558,46.047748],[7.066307,46.047754],[7.065946,46.047678],[7.0656,46.047276],[7.065255,46.047101],[7.06503,46.047053],[7.065024,46.04696],[7.064968,46.046931],[7.064601,46.046673],[7.064243,46.046513],[7.063947,46.046377],[7.06377,46.046322],[7.063481,46.046187],[7.063079,46.046152],[7.06262,46.046037],[7.062227,46.045859],[7.061933,46.045542],[7.061811,46.045417],[7.061681,46.045368],[7.061439,46.045181],[7.061366,46.045173],[7.061241,46.045105],[7.061152,46.045114],[7.061078,46.045012],[7.0609,46.044826],[7.060789,46.044781],[7.060643,46.044494],[7.060855,46.044347],[7.060865,46.044288],[7.060726,46.044106],[7.06032,46.043978],[7.060255,46.043949],[7.060204,46.043902],[7.06002,46.04386],[7.059936,46.043905],[7.059655,46.044063],[7.059567,46.044057],[7.059614,46.043999],[7.059575,46.043935],[7.059533,46.043891],[7.059258,46.044017],[7.059199,46.044056],[7.059078,46.044065],[7.058937,46.044185],[7.058764,46.044251],[7.058722,46.044299],[7.058345,46.044409],[7.058299,46.044454],[7.058187,46.044473],[7.058093,46.044428],[7.05811,46.044321],[7.058073,46.044279],[7.057801,46.044189],[7.057457,46.044232],[7.057291,46.044253],[7.057255,46.044386],[7.057182,46.044453],[7.057171,46.044499],[7.057105,46.044553],[7.05681,46.044435],[7.056597,46.044686],[7.05634,46.044853],[7.056281,46.044874],[7.056095,46.045098],[7.056079,46.045163],[7.056032,46.0452],[7.056011,46.045293],[7.056219,46.045451],[7.056221,46.045714],[7.056281,46.045952],[7.05627,46.046019],[7.056292,46.046071],[7.056362,46.046104],[7.056584,46.046296],[7.056823,46.046545],[7.05696,46.046802],[7.057142,46.046988],[7.057276,46.047285],[7.057358,46.047577],[7.057326,46.047905],[7.057398,46.048175],[7.057553,46.04837],[7.057595,46.048666],[7.057731,46.048878],[7.057788,46.048907],[7.058027,46.049137],[7.058215,46.049373],[7.058368,46.049615],[7.058414,46.049694],[7.058313,46.049968],[7.058247,46.050089],[7.058046,46.049883],[7.057747,46.049692],[7.057491,46.049513],[7.057392,46.04942],[7.057126,46.049312],[7.056967,46.049146],[7.056831,46.049392],[7.056779,46.049439],[7.056813,46.049506],[7.056732,46.049509],[7.056656,46.049492],[7.056626,46.049406],[7.056556,46.049529],[7.056637,46.049611],[7.056366,46.049577],[7.056227,46.049333],[7.056139,46.049225],[7.055895,46.049554],[7.055773,46.049668],[7.055642,46.049516],[7.055512,46.049544],[7.055378,46.049739],[7.055538,46.050176],[7.055677,46.050529],[7.055755,46.05086],[7.055763,46.051164],[7.055867,46.051558],[7.055891,46.051899],[7.055905,46.051994],[7.056099,46.052223],[7.056184,46.052442],[7.056139,46.052878],[7.056072,46.053208],[7.055884,46.053526],[7.05569,46.053874],[7.055551,46.054157],[7.055463,46.054544],[7.055522,46.054818],[7.055514,46.055134],[7.055433,46.055413],[7.055321,46.055749],[7.055267,46.055849],[7.055164,46.05593],[7.054661,46.055952],[7.054038,46.055893],[7.053501,46.055886],[7.053174,46.055867],[7.052847,46.055815],[7.052343,46.055748],[7.051785,46.055774],[7.051437,46.055767],[7.051292,46.055688],[7.050964,46.055662],[7.050884,46.055659],[7.050487,46.055539],[7.050128,46.055463],[7.050051,46.055456],[7.049746,46.055379],[7.049523,46.055349],[7.049389,46.055278],[7.049308,46.055294],[7.049211,46.055278],[7.048824,46.055307],[7.048748,46.055333],[7.048415,46.055421],[7.048244,46.055419],[7.047925,46.055351],[7.047617,46.05527],[7.047528,46.055248],[7.047203,46.055324],[7.046874,46.055338],[7.046647,46.05538],[7.046358,46.055504],[7.046227,46.05574],[7.046312,46.055967],[7.046097,46.056138],[7.046029,46.056194],[7.045821,46.056404],[7.045522,46.056541],[7.045444,46.056578],[7.045287,46.056709],[7.044982,46.05688],[7.044749,46.057082],[7.044587,46.057321],[7.044507,46.057566],[7.044353,46.057437],[7.044275,46.057378],[7.044195,46.057313],[7.044056,46.057307],[7.043787,46.057226],[7.043392,46.057307],[7.043133,46.057483],[7.042993,46.057563],[7.042875,46.057526],[7.042505,46.05753],[7.042187,46.05763],[7.042102,46.057653],[7.042045,46.057722],[7.041706,46.057852],[7.041294,46.057857],[7.04094,46.057857],[7.040728,46.057861],[7.040609,46.057824],[7.040373,46.057665],[7.040012,46.057502],[7.03969,46.057437],[7.039299,46.057494],[7.03915,46.057535],[7.038519,46.057569],[7.038123,46.057616],[7.037718,46.057623],[7.037308,46.057623],[7.036924,46.057647],[7.036765,46.057639],[7.036271,46.057675],[7.035841,46.057553],[7.035575,46.057302],[7.035497,46.057073],[7.035415,46.056783],[7.035316,46.056522],[7.035179,46.056315],[7.035055,46.056205],[7.034748,46.055973],[7.034387,46.055841],[7.034052,46.055784],[7.033935,46.055798],[7.033517,46.055931],[7.033273,46.056001],[7.032996,46.056171],[7.032687,46.056199],[7.03235,46.056241],[7.032176,46.056224],[7.032108,46.05621],[7.03178,46.056326],[7.031568,46.056376],[7.031327,46.056538],[7.031146,46.056526],[7.030837,46.056624],[7.030571,46.056738],[7.030322,46.056869],[7.030048,46.057042],[7.029887,46.057258],[7.029671,46.057421],[7.029498,46.057711],[7.029502,46.057765],[7.029434,46.057786],[7.029301,46.058061],[7.028958,46.058238],[7.02843,46.058349],[7.028056,46.058449],[7.027248,46.058463],[7.026896,46.058457],[7.026392,46.058191],[7.026026,46.058012],[7.025555,46.057861],[7.025349,46.057576],[7.025196,46.057374],[7.02505,46.057165],[7.024889,46.05689],[7.024813,46.056647],[7.024736,46.056267],[7.024498,46.056022],[7.024274,46.055876],[7.023855,46.055815],[7.02359,46.055755],[7.023406,46.055781],[7.02308,46.055745],[7.022639,46.05583],[7.022299,46.055808],[7.021836,46.055884],[7.021553,46.056007],[7.02129,46.056104],[7.021111,46.056203],[7.02104,46.056216],[7.020891,46.056331],[7.020573,46.056543],[7.020414,46.056644],[7.020351,46.056659],[7.020279,46.056705],[7.01998,46.056758],[7.01968,46.05661],[7.019546,46.056743],[7.019403,46.056742],[7.01933,46.056766],[7.019016,46.056904],[7.018955,46.056961],[7.018939,46.057014],[7.018557,46.057275],[7.018006,46.057326],[7.017679,46.057305],[7.017192,46.057296],[7.016792,46.057345],[7.016284,46.057346],[7.015918,46.057309],[7.015268,46.057105],[7.014806,46.057111],[7.014642,46.057062],[7.014498,46.056952],[7.014388,46.056918],[7.014337,46.056973],[7.01434,46.057104],[7.013991,46.057313],[7.013766,46.0574],[7.013326,46.057378],[7.012841,46.05737],[7.012407,46.057323],[7.012089,46.057216],[7.01182,46.057218],[7.011634,46.057154],[7.011544,46.057237],[7.011328,46.057242],[7.011202,46.057208],[7.011121,46.057219],[7.011042,46.057258],[7.010716,46.05727],[7.010629,46.057303],[7.010324,46.057555],[7.010002,46.057678],[7.009827,46.05777],[7.009433,46.057767],[7.009023,46.057799],[7.008635,46.057773],[7.008399,46.057755],[7.008275,46.057724],[7.008161,46.057731],[7.007865,46.057822],[7.00769,46.057815],[7.007617,46.057833],[7.00725,46.057764],[7.006962,46.057752],[7.006616,46.057694],[7.006248,46.057645],[7.006016,46.057546],[7.005891,46.057512],[7.005454,46.057516],[7.005037,46.057475],[7.00468,46.057508],[7.004244,46.057407],[7.003891,46.057417],[7.003528,46.057331],[7.003247,46.057361],[7.003177,46.057412],[7.003117,46.057511],[7.002745,46.057649],[7.002256,46.057636],[7.00213,46.057649],[7.001862,46.057596],[7.001622,46.057673],[7.001487,46.057677],[7.001346,46.057731],[7.001217,46.0577],[7.001115,46.057573],[7.001143,46.057478],[7.001009,46.057198],[7.000767,46.057011],[7.00078,46.056726],[7.000905,46.056567],[7.000898,46.056497],[7.000652,46.056105],[7.000356,46.05582],[7.000222,46.055552],[7.000206,46.055505],[7.000213,46.055237],[7.000294,46.055124],[7.000544,46.054902],[7.000631,46.0546],[7.000584,46.054341],[7.000622,46.053981],[7.000628,46.053686],[7.000618,46.053305],[7.000741,46.052982],[7.000843,46.052808],[7.000458,46.052965],[7.000309,46.052914],[7.000258,46.052711],[7.000184,46.052783],[7.00005,46.052653],[6.999984,46.052839],[6.999822,46.052762],[6.999807,46.052669],[6.999602,46.052667],[6.999519,46.052921],[6.999336,46.053237],[6.999345,46.053513],[6.999241,46.053503],[6.999035,46.053175],[6.999004,46.052865],[6.998983,46.05261],[6.998868,46.052343],[6.998791,46.052167],[6.998883,46.051961],[6.99853,46.05134],[6.998216,46.050968],[6.99797,46.05072],[6.997928,46.050635],[6.997938,46.050499],[6.997866,46.050416],[6.997729,46.050758],[6.997686,46.051047],[6.997697,46.051387],[6.997655,46.051753],[6.997551,46.051975],[6.997475,46.052226],[6.997451,46.052273],[6.997373,46.052322],[6.997238,46.052491],[6.997179,46.05282],[6.99717,46.052925],[6.997383,46.05312],[6.997386,46.053398],[6.997317,46.053794],[6.997266,46.054206],[6.997195,46.054453],[6.997096,46.054671],[6.997123,46.055032],[6.997061,46.055076],[6.996786,46.054853],[6.996639,46.054733],[6.996522,46.054707],[6.996323,46.054715],[6.996299,46.054981],[6.99622,46.055274],[6.996122,46.055517],[6.996045,46.055743],[6.995697,46.055943],[6.995453,46.056162],[6.99519,46.056321],[6.994915,46.05644],[6.994575,46.056573],[6.994046,46.056543],[6.993866,46.056135],[6.993859,46.055885],[6.993714,46.055573],[6.993651,46.055346],[6.993711,46.05504],[6.993707,46.054759],[6.9936,46.054222],[6.993675,46.053832],[6.993756,46.053599],[6.993796,46.053171],[6.99382,46.052945],[6.994017,46.05276],[6.994238,46.052538],[6.994016,46.052473],[6.993953,46.051943],[6.993951,46.051717],[6.994006,46.051448],[6.994043,46.051195],[6.993868,46.050608],[6.99376,46.050365],[6.993674,46.05007],[6.993711,46.049494],[6.993819,46.048641],[6.993881,46.047999],[6.994003,46.04674],[6.994108,46.046498],[6.994085,46.046225],[6.994175,46.045985],[6.994062,46.045716],[6.994025,46.045606],[6.994085,46.045278],[6.994015,46.044876],[6.993964,46.044601],[6.993932,46.044359],[6.993959,46.044049],[6.99393,46.043762],[6.99388,46.043516],[6.993866,46.043249],[6.993819,46.04289],[6.99379,46.042656],[6.99369,46.042381],[6.993656,46.04226],[6.993697,46.04194],[6.993568,46.041726],[6.993444,46.041517],[6.993343,46.041098],[6.993214,46.040935],[6.993172,46.040698],[6.993158,46.040513],[6.993241,46.040501],[6.99326,46.040427],[6.993095,46.040369],[6.993058,46.040316],[6.992797,46.040297],[6.992474,46.040158],[6.992065,46.040121],[6.991733,46.040059],[6.991653,46.039993],[6.991683,46.039915],[6.991853,46.039884],[6.991923,46.039863],[6.992113,46.039634],[6.992134,46.039565],[6.992383,46.03942],[6.992752,46.039257],[6.992958,46.03903],[6.992923,46.03896],[6.992834,46.038952],[6.99272,46.039001],[6.992643,46.038984],[6.992631,46.038934],[6.992719,46.038805],[6.992686,46.038764],[6.992455,46.038821],[6.992053,46.038836],[6.991953,46.038834],[6.992219,46.038533],[6.992373,46.038396],[6.992364,46.038327],[6.992219,46.038277],[6.992037,46.038286],[6.991962,46.038241],[6.992046,46.038123],[6.992032,46.038072],[6.991668,46.038184],[6.991297,46.038263],[6.990949,46.038302],[6.991234,46.037996],[6.991367,46.037884],[6.991343,46.037836],[6.990945,46.037873],[6.990856,46.037885],[6.990846,46.03783],[6.990978,46.037767],[6.990814,46.037718],[6.991062,46.037502],[6.991065,46.037452],[6.990963,46.037438],[6.990906,46.037405],[6.990913,46.037341],[6.990586,46.037343],[6.990563,46.037295],[6.990959,46.037083],[6.991067,46.036962],[6.991021,46.036922],[6.990666,46.036926],[6.990609,46.036892],[6.990974,46.036682],[6.991073,46.036646],[6.991113,46.036582],[6.991057,46.036544],[6.990638,46.036548],[6.990247,46.036548],[6.989957,46.036548],[6.989868,46.036499],[6.989874,46.036434],[6.99021,46.036334],[6.990373,46.036302],[6.990358,46.036253],[6.990171,46.036197],[6.990169,46.03615],[6.990592,46.035975],[6.990855,46.035786],[6.990914,46.035756],[6.990935,46.0357],[6.99086,46.035635],[6.990437,46.035666],[6.990192,46.035679],[6.990269,46.035518],[6.990209,46.035463],[6.98987,46.035476],[6.98948,46.035371],[6.989144,46.035225],[6.988987,46.035196],[6.988618,46.035024],[6.988274,46.034762],[6.98788,46.034452],[6.986871,46.033615],[6.98665,46.033486],[6.986174,46.032994],[6.985856,46.032781],[6.985528,46.032512],[6.985239,46.032381],[6.984948,46.032162],[6.984901,46.032089],[6.984636,46.032113],[6.984333,46.031899],[6.984211,46.031878],[6.984012,46.031779],[6.983577,46.031509],[6.983253,46.031455],[6.982791,46.031344],[6.982575,46.031249],[6.982309,46.03105],[6.982108,46.030988],[6.981939,46.030987],[6.981626,46.030884],[6.981372,46.030753],[6.980588,46.030636],[6.980042,46.030614],[6.979821,46.030652],[6.978731,46.030434],[6.978334,46.030601],[6.978175,46.030618],[6.977551,46.030764],[6.977141,46.030695],[6.976902,46.030524],[6.97667,46.030232],[6.976478,46.03006],[6.976649,46.030063],[6.976416,46.029899],[6.97659,46.029885],[6.976229,46.029728],[6.975881,46.029572],[6.975727,46.029445],[6.975747,46.029397],[6.975882,46.029418],[6.976184,46.029392],[6.976188,46.029341],[6.975724,46.029144],[6.975527,46.029006],[6.975582,46.028946],[6.975763,46.028942],[6.975886,46.028904],[6.976474,46.028987],[6.97654,46.028977],[6.976298,46.028788],[6.97585,46.028568],[6.976033,46.02856],[6.976096,46.028535],[6.976257,46.028322],[6.976261,46.028272],[6.976128,46.028345],[6.975945,46.028371],[6.975204,46.028178],[6.974712,46.02803],[6.974492,46.027866],[6.974341,46.027817],[6.974622,46.027802],[6.974747,46.02785],[6.974828,46.02784],[6.97421,46.027506],[6.973798,46.027426],[6.973662,46.027361],[6.973065,46.027277],[6.972705,46.027152],[6.972464,46.027175],[6.972337,46.027133],[6.972289,46.027166],[6.972279,46.02725],[6.97209,46.027433],[6.971887,46.02733],[6.971691,46.027516],[6.971404,46.02767],[6.971266,46.027689],[6.971139,46.027502],[6.9709,46.027563],[6.970761,46.027324],[6.970567,46.027295],[6.970556,46.027408],[6.970222,46.027458],[6.969815,46.027394],[6.969738,46.027396],[6.969663,46.027429],[6.969563,46.02758],[6.969201,46.027821],[6.968755,46.027937],[6.968384,46.028036],[6.967898,46.02813],[6.96746,46.028243],[6.967021,46.028388],[6.966644,46.028532],[6.966339,46.028678],[6.96619,46.028895],[6.966082,46.028881],[6.965971,46.028871],[6.965897,46.028767],[6.965801,46.028748],[6.965709,46.028754],[6.965355,46.02872],[6.965008,46.028737],[6.964678,46.028667],[6.964351,46.028697],[6.963983,46.028702],[6.963621,46.028779],[6.963135,46.02891],[6.962934,46.028906],[6.962624,46.028978],[6.962343,46.029017],[6.962007,46.029019],[6.961641,46.029025],[6.961341,46.028966],[6.961044,46.029014],[6.960577,46.029335],[6.960357,46.02954],[6.96023,46.029699],[6.960098,46.029637],[6.960031,46.029628],[6.959802,46.029636],[6.959422,46.029519],[6.959118,46.029374],[6.958843,46.029199],[6.958458,46.029267],[6.958021,46.029484],[6.957559,46.029529],[6.957784,46.029354],[6.957958,46.029108],[6.958033,46.028929],[6.957889,46.02832],[6.957849,46.027994],[6.957725,46.027612],[6.957613,46.027487],[6.957489,46.027448],[6.957301,46.027666],[6.957205,46.027681],[6.957109,46.027665],[6.956925,46.027781],[6.95673,46.027774],[6.956666,46.027871],[6.956332,46.027471],[6.956057,46.027293],[6.955993,46.027281],[6.95565,46.027128],[6.955576,46.027131],[6.955421,46.027204],[6.955443,46.027156],[6.955439,46.026868],[6.95538,46.026638],[6.955501,46.026407],[6.955611,46.026332],[6.95559,46.026282],[6.955564,46.02614],[6.955277,46.025973],[6.955126,46.025724],[6.955039,46.025259],[6.955003,46.025014],[6.954985,46.024755],[6.95499,46.024535],[6.954671,46.024644],[6.95441,46.024806],[6.954347,46.024837],[6.954239,46.024854],[6.95389,46.025009],[6.953854,46.025055],[6.953852,46.025102],[6.953774,46.025193],[6.953516,46.025343],[6.953499,46.025093],[6.953497,46.02493],[6.953411,46.02495],[6.95336,46.024874],[6.953275,46.024863],[6.953118,46.024665],[6.953121,46.02444],[6.953139,46.024379],[6.952772,46.024357],[6.952311,46.024495],[6.951968,46.024495],[6.951511,46.024624],[6.95132,46.024372],[6.95098,46.024288],[6.950591,46.024221],[6.950055,46.024117],[6.949789,46.023972],[6.949562,46.02381],[6.949323,46.023645],[6.949273,46.02361],[6.948968,46.02352],[6.948809,46.023469],[6.948514,46.023609],[6.948387,46.023707],[6.948265,46.023691],[6.948009,46.023514],[6.947959,46.02356],[6.947718,46.023427],[6.947608,46.023286],[6.947446,46.023204],[6.947284,46.023405],[6.947103,46.023592],[6.947054,46.023645],[6.946956,46.023682],[6.946871,46.023654],[6.946696,46.023445],[6.94656,46.02323],[6.946533,46.023188],[6.946396,46.023421],[6.946315,46.023454],[6.946229,46.023435],[6.946177,46.02353],[6.946084,46.023537],[6.945985,46.023551],[6.945896,46.0235],[6.945843,46.023532],[6.945667,46.023502],[6.945652,46.023457],[6.94567,46.023396],[6.945582,46.023367],[6.94558,46.02322],[6.945504,46.023218],[6.945452,46.023123],[6.945376,46.022942],[6.94528,46.022764],[6.945189,46.022737],[6.945178,46.022653],[6.945114,46.022618],[6.94513,46.022574],[6.945049,46.022507],[6.944883,46.022279],[6.944859,46.02223],[6.944877,46.022161],[6.94483,46.022077],[6.944784,46.022033],[6.944755,46.021975],[6.94459,46.021828],[6.944485,46.021759],[6.94445,46.021704],[6.94445,46.021641],[6.944299,46.021536],[6.944308,46.021449],[6.944293,46.021402],[6.944155,46.02133],[6.944057,46.021142],[6.943936,46.021077],[6.943706,46.020859],[6.943604,46.020643],[6.943526,46.020573],[6.943504,46.020526],[6.943436,46.020468],[6.943427,46.020393],[6.943344,46.020297],[6.943172,46.020226],[6.942926,46.020207],[6.942892,46.020114],[6.942794,46.020043],[6.942742,46.019908],[6.942649,46.019853],[6.942546,46.019853],[6.942308,46.019685],[6.942142,46.019476],[6.942087,46.01941],[6.94202,46.019385],[6.941932,46.019203],[6.941936,46.01912],[6.941819,46.019034],[6.941836,46.018988],[6.941771,46.018842],[6.941681,46.018741],[6.941598,46.018526],[6.941502,46.018385],[6.94135,46.018258],[6.941289,46.018281],[6.94119,46.018243],[6.941082,46.018247],[6.941005,46.01819],[6.940908,46.018201],[6.940642,46.018211],[6.940366,46.018163],[6.940242,46.018062],[6.939946,46.017925],[6.939849,46.017856],[6.939805,46.017771],[6.939688,46.017727],[6.939617,46.017477],[6.939595,46.017367],[6.939642,46.017335],[6.939653,46.017285],[6.939479,46.017094],[6.93948,46.017029],[6.939433,46.016982],[6.939361,46.016951],[6.939321,46.016882],[6.939287,46.016808],[6.93929,46.01673],[6.93925,46.016679],[6.939196,46.016646],[6.939134,46.016343],[6.939099,46.016249],[6.93909,46.016198],[6.938969,46.015988],[6.938898,46.01578],[6.938836,46.015726],[6.93882,46.015612],[6.938776,46.015574],[6.938747,46.015326],[6.938453,46.015202],[6.938312,46.014973],[6.938131,46.014782],[6.938084,46.014716],[6.938033,46.014689],[6.937898,46.014462],[6.937921,46.014408],[6.937812,46.014308],[6.937809,46.014259],[6.937838,46.014215],[6.937804,46.014162],[6.937817,46.014101],[6.937731,46.013969],[6.937553,46.013825],[6.937527,46.013771],[6.937432,46.013702],[6.937251,46.013531],[6.93719,46.013302],[6.937068,46.013087],[6.936947,46.012951],[6.936858,46.012798],[6.936578,46.012619],[6.936405,46.012409],[6.936297,46.012365],[6.936279,46.012277],[6.936204,46.012189],[6.936078,46.012124],[6.935971,46.011877],[6.935845,46.011556],[6.935825,46.01151],[6.935721,46.011539],[6.935702,46.011488],[6.935741,46.011429],[6.935674,46.011396],[6.935471,46.011349],[6.935464,46.011288],[6.935238,46.01105],[6.935078,46.010835],[6.934991,46.010539],[6.934896,46.010374],[6.934831,46.010327],[6.934844,46.010266],[6.934768,46.010132],[6.934585,46.00994],[6.93451,46.009895],[6.934444,46.009822],[6.934286,46.009577],[6.934204,46.009513],[6.93412,46.009343],[6.933998,46.009238],[6.933956,46.009115],[6.933857,46.008999],[6.933791,46.008962],[6.933756,46.008917],[6.933691,46.008908],[6.933576,46.008864],[6.933392,46.008664],[6.933107,46.008423],[6.933071,46.008376],[6.932992,46.008329],[6.933029,46.008285],[6.932883,46.008238],[6.932799,46.00815],[6.932714,46.00811],[6.932668,46.008048],[6.932596,46.008084],[6.932587,46.008026],[6.932581,46.007968],[6.932462,46.008007],[6.932492,46.007839],[6.932427,46.007846],[6.932128,46.007663],[6.931924,46.007465],[6.931887,46.007379],[6.931921,46.007302],[6.931847,46.007061],[6.931639,46.006989],[6.931599,46.0069],[6.931505,46.006921],[6.931471,46.006866],[6.931291,46.006859],[6.931217,46.006889],[6.931157,46.006804],[6.930946,46.006674],[6.930972,46.006623],[6.930772,46.006677],[6.93065,46.006349],[6.930674,46.006231],[6.93059,46.006252],[6.930584,46.006134],[6.930513,46.006159],[6.930525,46.006056],[6.930486,46.006016],[6.930495,46.005927],[6.930598,46.005884],[6.930658,46.005817],[6.93069,46.005753],[6.930581,46.005765],[6.930626,46.005713],[6.930608,46.005648],[6.930681,46.005565],[6.93084,46.005546],[6.931167,46.00547],[6.930988,46.005285],[6.930778,46.005248],[6.930761,46.005201],[6.930797,46.005131],[6.931184,46.005157],[6.931298,46.00518],[6.931424,46.00531],[6.931792,46.005366],[6.932114,46.005476],[6.932479,46.005537],[6.932334,46.00545],[6.932531,46.005474],[6.932588,46.005528],[6.932828,46.005582],[6.932755,46.005458],[6.9327,46.005429],[6.93265,46.005338],[6.93288,46.005357],[6.933218,46.005488],[6.933533,46.005519],[6.933505,46.005446],[6.93328,46.005266],[6.933244,46.00521],[6.933359,46.005165],[6.933186,46.005093],[6.933151,46.005045],[6.932902,46.004817],[6.932764,46.004742],[6.932592,46.004536],[6.932828,46.004584],[6.932889,46.004626],[6.932722,46.004422],[6.932576,46.004327],[6.932666,46.004341],[6.932626,46.004232],[6.932379,46.004013],[6.932219,46.003729],[6.9321,46.003349],[6.93186,46.003055],[6.93185,46.002943],[6.931674,46.002511],[6.931554,46.002283],[6.93147,46.002267],[6.931171,46.001881],[6.931061,46.001801],[6.931023,46.001699],[6.930943,46.001734],[6.930879,46.001739],[6.930804,46.001517],[6.930816,46.001438],[6.930609,46.001479],[6.930634,46.001242],[6.93058,46.001066],[6.930792,46.000904],[6.930494,46.000815],[6.930102,46.000721],[6.929835,46.00055],[6.929694,46.000419],[6.929391,46.000402],[6.929329,46.000373],[6.929517,46.000085],[6.929463,45.999995],[6.929697,45.999794],[6.929825,45.999718],[6.9293,45.999724],[6.92916,45.99975],[6.929095,45.999781],[6.929006,45.999581],[6.929268,45.999492],[6.929243,45.999446],[6.928947,45.999437],[6.928865,45.99949],[6.928635,45.999499],[6.928342,45.999336],[6.928284,45.999276],[6.92797,45.999179],[6.927872,45.999167],[6.927589,45.998995],[6.927305,45.998852],[6.926836,45.998714],[6.926526,45.998669],[6.926696,45.998619],[6.926492,45.998605],[6.926566,45.998556],[6.926313,45.998557],[6.926463,45.998484],[6.926125,45.998447],[6.925975,45.998503],[6.925611,45.998487],[6.925556,45.998453],[6.925382,45.998458],[6.925106,45.998602],[6.924773,45.998577],[6.924676,45.998496],[6.924886,45.998321],[6.925165,45.998129],[6.925599,45.997878],[6.925706,45.997822],[6.925902,45.997657],[6.926116,45.997429],[6.926344,45.997127],[6.926467,45.99676],[6.926397,45.996624],[6.926156,45.996419],[6.926118,45.996346],[6.92634,45.99602],[6.926431,45.995752],[6.926311,45.995382],[6.926059,45.99511],[6.926029,45.995047],[6.925926,45.994904],[6.925523,45.994612],[6.925421,45.994565],[6.925344,45.994586],[6.92528,45.994636],[6.925207,45.99458],[6.924976,45.994506],[6.924895,45.994546],[6.924866,45.994662],[6.924706,45.994716],[6.924573,45.994683],[6.924325,45.994494],[6.924144,45.994383],[6.924099,45.994273],[6.924038,45.994329],[6.923941,45.994247],[6.923875,45.994219],[6.923814,45.994178],[6.923705,45.994148],[6.923561,45.994145],[6.923461,45.994081],[6.923297,45.993871],[6.923209,45.993842],[6.923225,45.993766],[6.923114,45.993731],[6.922909,45.993508],[6.922752,45.993375],[6.922697,45.993207],[6.922624,45.993141],[6.922557,45.992911],[6.922509,45.992833],[6.922504,45.992705],[6.922431,45.992674],[6.922326,45.992438],[6.922045,45.992321],[6.922017,45.992253],[6.92189,45.992183],[6.921876,45.992094],[6.921804,45.992075],[6.921704,45.992229],[6.92161,45.992084],[6.921384,45.991956],[6.921366,45.991762],[6.921467,45.991685],[6.921437,45.991625],[6.921478,45.991577],[6.921332,45.991419],[6.921266,45.991387],[6.9212,45.991171],[6.921148,45.991119],[6.921061,45.991133],[6.920819,45.991038],[6.920785,45.990931],[6.920719,45.990904],[6.920801,45.990658],[6.920815,45.990577],[6.920749,45.990585],[6.920765,45.990493],[6.920619,45.990178],[6.920598,45.990117],[6.920614,45.990069],[6.920582,45.99002],[6.920472,45.989864],[6.920405,45.98981],[6.920399,45.989738],[6.920266,45.989574],[6.920154,45.989424],[6.92011,45.989482],[6.920041,45.989438],[6.920043,45.989388],[6.919964,45.98941],[6.919919,45.989312],[6.919856,45.989261],[6.919814,45.989148],[6.919746,45.989042],[6.919678,45.989043],[6.919616,45.988912],[6.919501,45.988862],[6.919266,45.98865],[6.919206,45.988623],[6.91909,45.988507],[6.919028,45.988415],[6.918653,45.988271],[6.918628,45.988059],[6.918556,45.988068],[6.918484,45.988048],[6.91829,45.987834],[6.918225,45.987685],[6.918108,45.987728],[6.918016,45.987704],[6.917793,45.987661],[6.917777,45.987748],[6.917726,45.987817],[6.917459,45.987822],[6.917433,45.987872],[6.917351,45.987835],[6.917285,45.987819],[6.917218,45.987827],[6.917229,45.987961],[6.917247,45.988041],[6.91718,45.988023],[6.917193,45.988197],[6.917219,45.988269],[6.917221,45.988333],[6.917156,45.988348],[6.917074,45.988296],[6.917011,45.988315],[6.916956,45.988289],[6.916916,45.988325],[6.916807,45.988287],[6.916734,45.988244],[6.916698,45.988365],[6.91653,45.988312],[6.916451,45.988308],[6.916419,45.98825],[6.916249,45.988082],[6.916186,45.988057],[6.915987,45.987831],[6.91587,45.987721],[6.915716,45.987645],[6.915653,45.987657],[6.915525,45.987626],[6.915308,45.987499],[6.915271,45.987455],[6.915085,45.987267],[6.915027,45.987236],[6.914965,45.987151],[6.914836,45.987068],[6.914667,45.987018],[6.914584,45.986987],[6.914437,45.986711],[6.914305,45.986595],[6.914242,45.986549],[6.914046,45.986314],[6.913879,45.986072],[6.913699,45.985855],[6.913691,45.985978],[6.913595,45.985901],[6.913351,45.985822],[6.913292,45.985796],[6.913203,45.985712],[6.913111,45.98571],[6.91299,45.985593],[6.91286,45.985484],[6.912851,45.985409],[6.912788,45.985344],[6.912746,45.985384],[6.912705,45.985293],[6.912682,45.98525],[6.912605,45.985277],[6.912596,45.98523],[6.912531,45.985246],[6.912496,45.985203],[6.912423,45.985184],[6.912339,45.985098],[6.912293,45.985028],[6.912115,45.984856],[6.911996,45.984819],[6.912009,45.98477],[6.911987,45.984561],[6.911895,45.98451],[6.911875,45.984431],[6.911876,45.984379],[6.91181,45.98433],[6.911668,45.984287],[6.911613,45.984312],[6.911451,45.984205],[6.911426,45.98416],[6.911348,45.984167],[6.911073,45.984037],[6.911,45.984028],[6.910744,45.983893],[6.910675,45.9839],[6.910661,45.98384],[6.910349,45.983565],[6.910093,45.983389],[6.909935,45.98324],[6.909838,45.98325],[6.909797,45.983213],[6.909547,45.983036],[6.909476,45.983022],[6.909427,45.982988],[6.909358,45.982978],[6.909328,45.982936],[6.90925,45.982922],[6.909225,45.982876],[6.909146,45.98286],[6.909077,45.9829],[6.909033,45.98278],[6.908971,45.982749],[6.908934,45.982798],[6.908884,45.98283],[6.908818,45.982758],[6.908782,45.982805],[6.908784,45.982862],[6.90876,45.982977],[6.908663,45.982943],[6.908555,45.982666],[6.908536,45.982587],[6.908474,45.982565],[6.90853,45.982503],[6.908573,45.982417],[6.908586,45.982357],[6.908505,45.982376],[6.908414,45.98237],[6.90836,45.98234],[6.908325,45.982386],[6.908203,45.982494],[6.90818,45.982541],[6.908093,45.982441],[6.907994,45.982398],[6.907989,45.98246],[6.907936,45.982431],[6.907922,45.982496],[6.907847,45.982468],[6.907756,45.982442],[6.90772,45.982524],[6.907628,45.982468],[6.907611,45.982542],[6.907495,45.982477],[6.907406,45.982461],[6.907276,45.982411],[6.907292,45.982518],[6.90722,45.982537],[6.90713,45.982555],[6.907099,45.982507],[6.907029,45.98252],[6.906994,45.982465],[6.906929,45.982477],[6.906898,45.982408],[6.906816,45.982431],[6.906783,45.982487],[6.906666,45.982487],[6.906564,45.982458],[6.906512,45.982297],[6.906439,45.982263],[6.90639,45.982227],[6.906264,45.98211],[6.906196,45.982095],[6.906117,45.982084],[6.906091,45.982041],[6.905993,45.981944],[6.906016,45.981895],[6.90573,45.981775],[6.905578,45.981707],[6.905546,45.98166],[6.905466,45.981645],[6.90542,45.981598],[6.905347,45.981592],[6.905381,45.98155],[6.905259,45.981561],[6.905208,45.981515],[6.90512,45.981536],[6.905179,45.981423],[6.905011,45.981406],[6.904898,45.981377],[6.904844,45.981304],[6.904692,45.981269],[6.904654,45.98122],[6.904688,45.981172],[6.904604,45.981114],[6.904474,45.981022],[6.904537,45.980873],[6.904491,45.98063],[6.904631,45.980494],[6.904339,45.980379],[6.904261,45.980379],[6.904353,45.980321],[6.904423,45.980285],[6.904238,45.98019],[6.904078,45.980206],[6.903659,45.980274],[6.903527,45.980236],[6.90352,45.980055],[6.903518,45.979812],[6.90349,45.979747],[6.903502,45.97968],[6.903506,45.979609],[6.90359,45.979383],[6.903588,45.979152],[6.903397,45.978952],[6.903163,45.97884],[6.903002,45.978792],[6.902657,45.978684],[6.902399,45.978686],[6.902246,45.978749],[6.90204,45.978759],[6.90172,45.978678],[6.901362,45.978571],[6.901154,45.978532],[6.901064,45.978476],[6.900895,45.978456],[6.900778,45.978407],[6.900183,45.978313],[6.899945,45.978136],[6.899836,45.978063],[6.899745,45.978039],[6.899612,45.977825],[6.899392,45.977755],[6.899313,45.97765],[6.899319,45.977592],[6.899265,45.977549],[6.899232,45.97748],[6.899266,45.977403],[6.899106,45.977061],[6.899163,45.976964],[6.89914,45.976901],[6.899012,45.976691],[6.898855,45.976348],[6.898787,45.975924],[6.898675,45.975551],[6.898505,45.975282],[6.898496,45.975176],[6.898456,45.975132],[6.89846,45.975061],[6.89839,45.974876],[6.89825,45.974836],[6.898198,45.974777],[6.898187,45.974703],[6.898083,45.974661],[6.897894,45.97441],[6.897772,45.97404],[6.897723,45.973964],[6.897841,45.973749],[6.897896,45.973619],[6.897755,45.973427],[6.897822,45.973308],[6.897888,45.973261],[6.897869,45.972969],[6.897824,45.972897],[6.89755,45.97278],[6.897437,45.972629],[6.897296,45.972607],[6.897011,45.972459],[6.896723,45.972196],[6.896629,45.972098],[6.896615,45.972037],[6.896337,45.971854],[6.896111,45.971639],[6.896033,45.971523],[6.895951,45.971468],[6.895736,45.971406],[6.89567,45.971314],[6.895402,45.971106],[6.895349,45.971013],[6.894999,45.970708],[6.894853,45.970424],[6.894661,45.970146],[6.894387,45.969924],[6.894309,45.969715],[6.894265,45.969674],[6.894175,45.969451],[6.89399,45.969292],[6.89404,45.969219],[6.893799,45.969165],[6.893372,45.969177],[6.893065,45.969196],[6.893105,45.969131],[6.893188,45.969062],[6.893081,45.969055],[6.893022,45.969006],[6.892813,45.968986],[6.892488,45.968826],[6.892277,45.968707],[6.89229,45.968611],[6.892119,45.968242],[6.892091,45.968007],[6.891978,45.96782],[6.891891,45.967676],[6.891858,45.967599],[6.891744,45.967548],[6.891645,45.967536],[6.891406,45.967472],[6.891258,45.967371],[6.891252,45.967317],[6.891071,45.967097],[6.891014,45.967075],[6.890862,45.966963],[6.89083,45.966879],[6.890419,45.966679],[6.890333,45.966558],[6.890139,45.966524],[6.890112,45.966385],[6.889852,45.966094],[6.889703,45.965904],[6.889662,45.96577],[6.889513,45.965592],[6.889363,45.965546],[6.889395,45.965313],[6.889178,45.965108],[6.889002,45.964901],[6.888695,45.96477],[6.888468,45.964576],[6.888261,45.964371],[6.888038,45.964137],[6.887719,45.963988],[6.887469,45.963808],[6.887296,45.963541],[6.887109,45.963341],[6.886915,45.962969],[6.886885,45.962732],[6.886986,45.962396],[6.887165,45.962145],[6.887443,45.961987],[6.886903,45.961903],[6.886498,45.96195],[6.886288,45.961998],[6.886218,45.96197],[6.886372,45.961746],[6.886648,45.961542],[6.886808,45.961327],[6.886884,45.961116],[6.886988,45.961049],[6.887177,45.96058],[6.887167,45.96024],[6.887094,45.960212],[6.887086,45.960138],[6.88716,45.959939],[6.887027,45.959943],[6.886911,45.959923],[6.886789,45.95994],[6.886347,45.959982],[6.886128,45.959876],[6.886086,45.959757],[6.886019,45.959692],[6.885921,45.959652],[6.885786,45.959644],[6.885467,45.95951],[6.885131,45.959349],[6.885027,45.959167],[6.884945,45.959148],[6.884615,45.958963],[6.884474,45.958935],[6.88413,45.958914],[6.883936,45.958858],[6.883728,45.95891],[6.883265,45.958716],[6.882659,45.958572],[6.882509,45.958478],[6.882137,45.958384],[6.881782,45.958323],[6.88141,45.95829],[6.881251,45.958272],[6.880939,45.958363],[6.880756,45.958376],[6.880731,45.958309],[6.880468,45.958573],[6.880257,45.958728],[6.879869,45.958822],[6.879674,45.959041],[6.879217,45.959207],[6.878616,45.959221],[6.878348,45.959261],[6.878056,45.959143],[6.87801,45.959025],[6.877806,45.958952],[6.877569,45.9586],[6.877367,45.958402],[6.876998,45.958494],[6.876641,45.958644],[6.876243,45.958751],[6.876102,45.958783],[6.876009,45.958762],[6.875889,45.958776],[6.875709,45.958743],[6.875395,45.958661],[6.875218,45.958562],[6.874951,45.958403],[6.874835,45.957906],[6.874547,45.95766],[6.874456,45.957603],[6.874412,45.957528],[6.874283,45.957229],[6.873764,45.95686],[6.873693,45.956737],[6.87377,45.956411],[6.873719,45.956029],[6.873625,45.955804],[6.873522,45.955558],[6.873425,45.95544],[6.873471,45.955317],[6.873365,45.955005],[6.873325,45.95479],[6.873369,45.954633],[6.873042,45.954521],[6.872763,45.954323],[6.872653,45.954289],[6.872572,45.954186],[6.872436,45.954191],[6.872271,45.954101],[6.872088,45.954068],[6.871924,45.953971],[6.871895,45.953855],[6.871945,45.953678],[6.871848,45.953571],[6.871822,45.953445],[6.871981,45.95329],[6.871476,45.95301],[6.871214,45.953015],[6.871108,45.952955],[6.871066,45.95279],[6.870889,45.952718],[6.870842,45.952656],[6.870843,45.952562],[6.870908,45.952467],[6.870869,45.952374],[6.870934,45.952324],[6.870762,45.95214],[6.870772,45.952092],[6.870892,45.951881],[6.870882,45.95172],[6.870784,45.95159],[6.870936,45.951398],[6.870821,45.95138],[6.870457,45.95141],[6.870643,45.95131],[6.870104,45.951352],[6.869793,45.951295],[6.869979,45.951254],[6.869916,45.951219],[6.869736,45.951185],[6.869397,45.951208],[6.869302,45.951131],[6.869308,45.951081],[6.869272,45.951033],[6.869305,45.95094],[6.8693,45.950673],[6.869347,45.950602],[6.869336,45.950452],[6.868968,45.95022],[6.868849,45.950193],[6.868556,45.949863],[6.868362,45.949605],[6.868302,45.94958],[6.868296,45.949514],[6.868198,45.949429],[6.868116,45.949227],[6.868019,45.949186],[6.867993,45.949137],[6.867938,45.949071],[6.867873,45.949075],[6.867798,45.948915],[6.867695,45.948834],[6.867655,45.948752],[6.867255,45.948576],[6.867096,45.948452],[6.86673,45.948345],[6.866629,45.948093],[6.866625,45.947927],[6.866542,45.947885],[6.866559,45.947756],[6.866365,45.947662],[6.866427,45.947546],[6.866286,45.947472],[6.866268,45.947378],[6.866315,45.947291],[6.866276,45.947192],[6.86599,45.946982],[6.8656,45.94693],[6.865359,45.94693],[6.865087,45.946793],[6.86496,45.946648],[6.864707,45.946604],[6.864599,45.946479],[6.86435,45.946338],[6.864297,45.946268],[6.864302,45.946144],[6.864251,45.946066],[6.864075,45.945974],[6.863899,45.946037],[6.863535,45.946267],[6.862967,45.946231],[6.862822,45.946271],[6.862742,45.946403],[6.862444,45.946506],[6.861688,45.946629],[6.8613,45.946715],[6.861091,45.946776],[6.860657,45.946772],[6.860087,45.94679],[6.859456,45.946699],[6.85879,45.946607],[6.858362,45.946546],[6.858177,45.946485],[6.857826,45.94649],[6.857487,45.946433],[6.857047,45.946176],[6.856593,45.946035],[6.855995,45.945906],[6.855562,45.945659],[6.854926,45.945403],[6.854364,45.945169],[6.853795,45.945001],[6.853446,45.944969],[6.853007,45.944835],[6.852803,45.944645],[6.852777,45.944533],[6.853082,45.944345],[6.853141,45.944113],[6.853182,45.943874],[6.853334,45.943746],[6.853374,45.943706],[6.853189,45.943759],[6.853069,45.943759],[6.852909,45.943853],[6.852766,45.944012],[6.852699,45.943748],[6.852675,45.9437],[6.852538,45.943893],[6.852443,45.943931],[6.852065,45.943897],[6.851663,45.943972],[6.851493,45.943958],[6.851098,45.943772],[6.850623,45.943754],[6.850377,45.943585],[6.849972,45.943229],[6.849809,45.942942],[6.849707,45.942673],[6.84965,45.942405],[6.849543,45.942113],[6.849284,45.941798],[6.849205,45.941543],[6.849217,45.940983],[6.84926,45.940741],[6.84935,45.940479],[6.849274,45.940227],[6.849151,45.939949],[6.849163,45.93952],[6.84928,45.93931],[6.849333,45.939031],[6.84953,45.938741],[6.849433,45.938336],[6.849277,45.938046],[6.849042,45.938124],[6.848919,45.938124],[6.848837,45.938233],[6.848809,45.938516],[6.848746,45.938469],[6.848684,45.938483],[6.848704,45.938556],[6.848658,45.938662],[6.84863,45.938616],[6.84856,45.938688],[6.84848,45.93875],[6.848437,45.93888],[6.848095,45.939309],[6.84797,45.939387],[6.847824,45.939811],[6.847696,45.940111],[6.847556,45.940413],[6.847432,45.940745],[6.847348,45.941189],[6.847114,45.941444],[6.846916,45.941664],[6.846761,45.94191],[6.846746,45.942036],[6.846675,45.942316],[6.846683,45.942365],[6.846581,45.942302],[6.846484,45.942058],[6.846191,45.941778],[6.846114,45.941558],[6.846173,45.941347],[6.846278,45.941275],[6.846279,45.941182],[6.846164,45.941008],[6.846158,45.940836],[6.846054,45.940751],[6.845917,45.940569],[6.845854,45.940905],[6.845853,45.940952],[6.845668,45.941194],[6.845632,45.94125],[6.845636,45.940962],[6.845561,45.940816],[6.845541,45.940964],[6.845343,45.941086],[6.845261,45.941334],[6.845234,45.941268],[6.84513,45.941021],[6.845194,45.940859],[6.845078,45.940536],[6.845038,45.940466],[6.845035,45.940373],[6.844954,45.940419],[6.844922,45.940589],[6.84476,45.940534],[6.844679,45.940802],[6.844636,45.94084],[6.84452,45.940754],[6.844466,45.94084],[6.844073,45.941106],[6.843769,45.941293],[6.843481,45.941363],[6.843399,45.941343],[6.843379,45.941281],[6.843191,45.941363],[6.843104,45.941342],[6.843148,45.941298],[6.843023,45.94128],[6.842957,45.941276],[6.842408,45.94124],[6.842076,45.941084],[6.84195,45.941066],[6.8419,45.941],[6.841684,45.940973],[6.84147,45.940902],[6.841324,45.940862],[6.841256,45.94081],[6.841081,45.940822],[6.840923,45.940733],[6.840826,45.940698],[6.840598,45.940651],[6.840411,45.940533],[6.84032,45.940517],[6.840363,45.940483],[6.84034,45.940421],[6.840255,45.940436],[6.840238,45.940381],[6.839936,45.940325],[6.839634,45.940211],[6.839344,45.940039],[6.839173,45.939949],[6.838965,45.939967],[6.838693,45.939938],[6.838471,45.939743],[6.838383,45.939679],[6.838346,45.939625],[6.838294,45.939404],[6.83819,45.939365],[6.838198,45.939293],[6.838066,45.939251],[6.837819,45.939055],[6.837665,45.938854],[6.837529,45.938646],[6.837477,45.938411],[6.837462,45.938347],[6.837374,45.938205],[6.837295,45.937983],[6.837293,45.937671],[6.837192,45.937444],[6.837087,45.937244],[6.837174,45.937086],[6.837182,45.936848],[6.837298,45.936929],[6.83735,45.936836],[6.837435,45.936766],[6.837469,45.936666],[6.837528,45.936612],[6.837567,45.936753],[6.837652,45.936729],[6.837727,45.936702],[6.837832,45.936567],[6.837597,45.936318],[6.837305,45.936088],[6.837326,45.935718],[6.837531,45.93546],[6.837612,45.935304],[6.83743,45.934951],[6.837206,45.934617],[6.837053,45.934366],[6.8369,45.934177],[6.836926,45.934121],[6.83689,45.934036],[6.836905,45.93389],[6.836696,45.933698],[6.836624,45.933291],[6.836639,45.933194],[6.836692,45.933155],[6.836387,45.933285],[6.836533,45.932989],[6.836654,45.932732],[6.836411,45.932843],[6.836538,45.932491],[6.836782,45.93221],[6.836867,45.932093],[6.836829,45.931921],[6.836702,45.931974],[6.836733,45.931864],[6.836533,45.931916],[6.836538,45.931868],[6.836624,45.931785],[6.836175,45.9319],[6.83626,45.931633],[6.836346,45.931562],[6.836486,45.931457],[6.83617,45.931475],[6.835927,45.931676],[6.835702,45.931779],[6.83564,45.931839],[6.835586,45.931912],[6.835567,45.931967],[6.83542,45.932076],[6.835333,45.932114],[6.835321,45.932048],[6.835035,45.932216],[6.835049,45.932143],[6.835025,45.932078],[6.835063,45.931899],[6.83497,45.931899],[6.834856,45.932],[6.834791,45.93197],[6.834742,45.931889],[6.834801,45.931749],[6.835089,45.931435],[6.835097,45.93134],[6.835005,45.931205],[6.83506,45.930951],[6.835093,45.930865],[6.835077,45.93078],[6.835031,45.930644],[6.834997,45.930588],[6.834888,45.930516],[6.834641,45.930414],[6.834593,45.930239],[6.834654,45.929982],[6.834528,45.929854],[6.834679,45.92982],[6.834549,45.929775],[6.834664,45.929702],[6.834742,45.929574],[6.83482,45.929541],[6.834756,45.929517],[6.834795,45.929462],[6.834691,45.929423],[6.834594,45.929405],[6.834582,45.929318],[6.834423,45.928985],[6.834195,45.928784],[6.834079,45.928738],[6.833981,45.928512],[6.833904,45.928258],[6.833863,45.928194],[6.833839,45.927924],[6.833799,45.927864],[6.833841,45.927828],[6.83382,45.927765],[6.833747,45.927579],[6.833588,45.92746],[6.833418,45.927229],[6.833384,45.927074],[6.833254,45.926865],[6.833202,45.926804],[6.833194,45.926687],[6.83313,45.926517],[6.833285,45.926487],[6.833347,45.92651],[6.833431,45.926507],[6.833619,45.926543],[6.833676,45.926448],[6.833451,45.926256],[6.833384,45.92622],[6.833295,45.926096],[6.83323,45.926067],[6.83305,45.925912],[6.832957,45.925879],[6.832918,45.925826],[6.832844,45.925793],[6.832804,45.925737],[6.832649,45.92567],[6.832582,45.925606],[6.832469,45.925613],[6.832143,45.925507],[6.83192,45.925304],[6.83181,45.925331],[6.831481,45.92518],[6.831273,45.925122],[6.83093,45.925014],[6.830614,45.92499],[6.83031,45.925067],[6.829903,45.92515],[6.829831,45.925101],[6.829759,45.92527],[6.829646,45.925055],[6.829308,45.924868],[6.829176,45.924831],[6.829255,45.924812],[6.829308,45.924767],[6.829223,45.924478],[6.829224,45.92418],[6.829247,45.924133],[6.829262,45.924061],[6.829321,45.924022],[6.829367,45.923914],[6.829427,45.923871],[6.8295,45.923851],[6.829348,45.923809],[6.829119,45.923863],[6.82878,45.924316],[6.828625,45.924241],[6.828461,45.923972],[6.828393,45.923712],[6.828254,45.923403],[6.828346,45.923449],[6.828411,45.923474],[6.828468,45.923541],[6.828752,45.92341],[6.828844,45.923337],[6.828923,45.923322],[6.828767,45.923272],[6.828696,45.92328],[6.828623,45.923238],[6.828687,45.923233],[6.828795,45.923186],[6.828984,45.923067],[6.829163,45.923023],[6.829257,45.922952],[6.82933,45.922671],[6.829414,45.922394],[6.829416,45.922197],[6.829569,45.922078],[6.829424,45.922072],[6.829093,45.92215],[6.828974,45.922197],[6.828906,45.922203],[6.828758,45.922084],[6.828619,45.922168],[6.828327,45.922297],[6.828222,45.922319],[6.82814,45.922295],[6.828239,45.922246],[6.828107,45.9222],[6.828173,45.922148],[6.828091,45.922132],[6.828124,45.922041],[6.828018,45.922018],[6.827973,45.921957],[6.828077,45.921927],[6.828022,45.9219],[6.82783,45.921796],[6.827952,45.921794],[6.827771,45.921671],[6.827833,45.921648],[6.827903,45.921636],[6.827954,45.921576],[6.828084,45.92154],[6.828013,45.921491],[6.8281,45.921379],[6.828016,45.921337],[6.827706,45.921362],[6.827563,45.921245],[6.827345,45.921202],[6.82717,45.921098],[6.827344,45.921091],[6.827292,45.921055],[6.827248,45.921005],[6.827174,45.920952],[6.827101,45.920823],[6.827127,45.920749],[6.827049,45.920564],[6.826855,45.920593],[6.82691,45.920439],[6.826865,45.920369],[6.826875,45.920325],[6.826968,45.920333],[6.827039,45.920365],[6.827063,45.920319],[6.826927,45.920209],[6.827166,45.920219],[6.827051,45.920113],[6.82723,45.920125],[6.827184,45.920038],[6.827143,45.919907],[6.827354,45.919923],[6.827402,45.919957],[6.827457,45.920007],[6.827564,45.919971],[6.827616,45.919869],[6.827384,45.91966],[6.827246,45.919549],[6.827184,45.919531],[6.827136,45.919463],[6.827136,45.919386],[6.827006,45.919178],[6.82714,45.919148],[6.827222,45.918881],[6.827308,45.918675],[6.827308,45.918443],[6.827263,45.918162],[6.827217,45.918109],[6.827276,45.918055],[6.827319,45.917842],[6.827533,45.917498],[6.827509,45.917223],[6.827332,45.917079],[6.827443,45.917012],[6.827411,45.916907],[6.827483,45.916846],[6.827391,45.916732],[6.827612,45.916667],[6.827528,45.916604],[6.827758,45.916515],[6.827555,45.91644],[6.827592,45.916376],[6.827371,45.916274],[6.82746,45.91624],[6.82733,45.916209],[6.827357,45.916133],[6.827034,45.91599],[6.826909,45.915872],[6.826807,45.915883],[6.826776,45.915648],[6.826368,45.915392],[6.826108,45.915184],[6.825822,45.914957],[6.825633,45.914782],[6.825555,45.914779],[6.825532,45.914684],[6.825344,45.914335],[6.825311,45.914252],[6.82525,45.914216],[6.825097,45.914006],[6.824876,45.913679],[6.82485,45.91348],[6.824578,45.913258],[6.824261,45.91309],[6.823847,45.912949],[6.823482,45.912786],[6.822888,45.91256],[6.822655,45.91255],[6.822617,45.912461],[6.822461,45.91245],[6.822343,45.912481],[6.822168,45.912399],[6.82198,45.912415],[6.821872,45.912385],[6.821751,45.912403],[6.821404,45.912455],[6.821135,45.912547],[6.821212,45.912331],[6.821119,45.912375],[6.821027,45.912363],[6.820998,45.912321],[6.821031,45.912227],[6.821004,45.911967],[6.820912,45.911591],[6.820867,45.911099],[6.820657,45.910878],[6.820173,45.910766],[6.819884,45.910634],[6.819402,45.910327],[6.819122,45.910083],[6.818723,45.90992],[6.818384,45.909894],[6.818175,45.909865],[6.817685,45.90967],[6.817277,45.909478],[6.816959,45.909301],[6.816895,45.909227],[6.816206,45.909041],[6.815806,45.908872],[6.815512,45.908727],[6.815355,45.908616],[6.815322,45.90849],[6.814792,45.908164],[6.814338,45.908127],[6.814019,45.90793],[6.813983,45.907695],[6.813976,45.907623],[6.813738,45.907472],[6.813417,45.907395],[6.812922,45.907362],[6.812368,45.907153],[6.811932,45.907076],[6.811538,45.906984],[6.811393,45.906948],[6.811911,45.906822],[6.812273,45.906788],[6.812639,45.906766],[6.81274,45.906684],[6.812981,45.906731],[6.813305,45.906668],[6.813632,45.906628],[6.814169,45.906573],[6.814378,45.906551],[6.814461,45.906515],[6.814137,45.906486],[6.813612,45.906331],[6.81344,45.906224],[6.813079,45.906175],[6.81286,45.906116],[6.813167,45.906028],[6.81288,45.905875],[6.812553,45.905789],[6.812156,45.905715],[6.811814,45.905619],[6.811754,45.905575],[6.811403,45.905536],[6.810757,45.905444],[6.810016,45.905412],[6.809478,45.905321],[6.809389,45.905224],[6.809822,45.905158],[6.809832,45.90502],[6.809426,45.904929],[6.809049,45.904826],[6.808667,45.904705],[6.808351,45.904657],[6.807887,45.904536],[6.807583,45.904456],[6.807513,45.904461],[6.807219,45.904291],[6.807178,45.904256],[6.806781,45.904193],[6.806406,45.90412],[6.806055,45.904126],[6.805755,45.904279],[6.805399,45.904366],[6.805071,45.904362],[6.804736,45.904377],[6.804356,45.904369],[6.804004,45.90431],[6.803682,45.904231],[6.803314,45.904187],[6.802982,45.904103],[6.802531,45.904016],[6.80203,45.903984],[6.801808,45.903813],[6.801722,45.903773],[6.802076,45.903733],[6.802199,45.903739],[6.802219,45.903693],[6.801988,45.903555],[6.802292,45.903443],[6.802615,45.903343],[6.802627,45.903296],[6.802392,45.903107],[6.802151,45.902953],[6.801849,45.902845],[6.801691,45.902774],[6.800993,45.902931],[6.800433,45.902893],[6.800694,45.90274],[6.800844,45.902666],[6.801171,45.902583],[6.801501,45.902505],[6.801834,45.902455],[6.802153,45.902396],[6.802471,45.902352],[6.802888,45.902265],[6.803112,45.902203],[6.80285,45.902055],[6.802572,45.901896],[6.802532,45.901851],[6.802815,45.90173],[6.802862,45.901597],[6.802669,45.901403],[6.803022,45.901326],[6.803033,45.901184],[6.803375,45.901191],[6.803736,45.901189],[6.803963,45.901232],[6.803672,45.901076],[6.803573,45.901042],[6.803934,45.900909],[6.804278,45.900752],[6.804588,45.900681],[6.804751,45.900606],[6.804492,45.900433],[6.804265,45.900195],[6.804011,45.900025],[6.803774,45.89984],[6.803749,45.899789],[6.803834,45.899755],[6.804196,45.899877],[6.804447,45.899936],[6.804518,45.899925],[6.804527,45.899875],[6.804241,45.89968],[6.804114,45.899391],[6.803798,45.89922],[6.803688,45.899141],[6.803406,45.898758],[6.803149,45.898549],[6.80295,45.898327],[6.802869,45.898173],[6.802668,45.897992],[6.802423,45.897845],[6.802103,45.897674],[6.801755,45.89765],[6.801396,45.897629],[6.801053,45.897558],[6.800647,45.897407],[6.800338,45.897247],[6.800213,45.897027],[6.799963,45.89683],[6.799783,45.896555],[6.799516,45.896166],[6.799413,45.895911],[6.799226,45.895614],[6.798986,45.89526],[6.798875,45.895042],[6.79877,45.894818],[6.7989,45.89459],[6.7987,45.894398],[6.798159,45.894115],[6.797986,45.894025],[6.797911,45.893901],[6.798489,45.893788],[6.798957,45.8937],[6.799231,45.893575],[6.799639,45.893287],[6.799454,45.892936],[6.799134,45.892703],[6.799253,45.892677],[6.79939,45.892493],[6.799496,45.892458],[6.799885,45.892453],[6.799944,45.892429],[6.799713,45.892223],[6.799334,45.891996],[6.799099,45.891802],[6.798987,45.891535]]}}]}
